

relation Type_alpha: typeIR'''', typeIR'''''

. Case analysis on typeIR''''
.. Case `typeIR''''` has type baseTypeIR
... Let `baseTypeIR` be `typeIR''''` as baseTypeIR

... If (`typeIR'''''` has type baseTypeIR), then

.... Let `baseTypeIR'` be `typeIR'''''` as baseTypeIR

.... If ((baseTypeIR = baseTypeIR')), then

..... Group basetype: `baseTypeIR` as typeIR, `baseTypeIR` as typeIR

...... The relation holds

.. Case `typeIR''''` has type nameTypeIR
... Let `(tid tid)` be `typeIR''''` as nameTypeIR

... If (`typeIR'''''` has type nameTypeIR), then

.... Let `(tid tid')` be `typeIR'''''` as nameTypeIR

.... If ((tid = tid')), then

..... Group nametype: `(tid tid)` as typeIR, `(tid tid)` as typeIR

...... The relation holds

.. Case `typeIR''''` has type specializedTypeIR
... Let `(polyTypeDefIR_a < typeIR_a*{typeIR_a <- typeIR_a*} >)` be `typeIR''''` as specializedTypeIR

... If (`typeIR'''''` has type specializedTypeIR), then

.... Let `(polyTypeDefIR_b < typeIR_b*{typeIR_b <- typeIR_b*} >)` be `typeIR'''''` as specializedTypeIR

.... Group spectype: `(polyTypeDefIR_a < typeIR_a*{} >)` as typeIR, `(polyTypeDefIR_b < typeIR_b*{} >)` as typeIR

..... Let `typeIR_a_spec` be `$specialize_typeDef(`polyTypeDefIR_a` as typeDefIR, typeIR_a*{typeIR_a <- typeIR_a*})`

..... Let `typeIR_b_spec` be `$specialize_typeDef(`polyTypeDefIR_b` as typeDefIR, typeIR_b*{typeIR_b <- typeIR_b*})`

..... If (Type_alpha: typeIR_a_spec ~~ typeIR_b_spec) holds, then

...... If (`$is_nominal_typeIR(typeIR_a_spec)` /\ `$is_nominal_typeIR(typeIR_b_spec)`), then

....... If (Type_alpha: typeIR_a ~~ typeIR_b)*{typeIR_a <- typeIR_a*, typeIR_b <- typeIR_b*} holds, then

........ The relation holds

...... If (~`$is_nominal_typeIR(typeIR_a_spec)` /\ ~`$is_nominal_typeIR(typeIR_b_spec)`), then

....... The relation holds

. Group typedeftype: typeIR, typeIR'

.. If (`typeIR''''` has type typedefTypeIR), then

... Let `(typedef _tid typeIR_a)` be `typeIR''''` as typedefTypeIR

... If (Type_alpha: typeIR_a ~~ typeIR''''') holds, then

.... The relation holds

.. If (`typeIR'''''` has type typedefTypeIR), then

... Let `(typedef _tid typeIR_b)` be `typeIR'''''` as typedefTypeIR

... If (Type_alpha: typeIR'''' ~~ typeIR_b) holds, then

.... The relation holds

. Case analysis on typeIR''''
.. Case `typeIR''''` has type newTypeIR
... Let `(type tid typeIR_a)` be `typeIR''''` as newTypeIR

... If (`typeIR'''''` has type newTypeIR), then

.... Let `(type tid' typeIR_b)` be `typeIR'''''` as newTypeIR

.... If ((tid = tid')), then

..... Group newtype: `(type tid typeIR_a)` as typeIR, `(type tid typeIR_b)` as typeIR

...... If (Type_alpha: typeIR_a ~~ typeIR_b) holds, then

....... The relation holds

.. Case `typeIR''''` has type listTypeIR
... Let `(list< typeIR_a >)` be `typeIR''''` as listTypeIR

... If (`typeIR'''''` has type listTypeIR), then

.... Let `(list< typeIR_b >)` be `typeIR'''''` as listTypeIR

.... Group listtype: `(list< typeIR_a >)` as typeIR, `(list< typeIR_b >)` as typeIR

..... If (Type_alpha: typeIR_a ~~ typeIR_b) holds, then

...... The relation holds

.. Case `typeIR''''` has type tupleTypeIR
... Let `(tuple< typeIR_a*{typeIR_a <- typeIR_a*} >)` be `typeIR''''` as tupleTypeIR

... If (`typeIR'''''` has type tupleTypeIR), then

.... Let `(tuple< typeIR_b*{typeIR_b <- typeIR_b*} >)` be `typeIR'''''` as tupleTypeIR

.... Group tupletype: `(tuple< typeIR_a*{} >)` as typeIR, `(tuple< typeIR_b*{} >)` as typeIR

..... If (Type_alpha: typeIR_a ~~ typeIR_b)*{typeIR_a <- typeIR_a*, typeIR_b <- typeIR_b*} holds, then

...... The relation holds

.. Case `typeIR''''` has type headerStackTypeIR
... Let `(typeIR_a [ n_s ])` be `typeIR''''` as headerStackTypeIR

... If (`typeIR'''''` has type headerStackTypeIR), then

.... Let `(typeIR_b [ n_s' ])` be `typeIR'''''` as headerStackTypeIR

.... If ((n_s = n_s')), then

..... Group stacktype: `(typeIR_a [ n_s ])` as typeIR, `(typeIR_b [ n_s ])` as typeIR

...... If (Type_alpha: typeIR_a ~~ typeIR_b) holds, then

....... The relation holds

.. Case `typeIR''''` has type structTypeIR
... Let `(struct tid { (typeIR_f_a id_f ;)*{id_f <- id_f*, typeIR_f_a <- typeIR_f_a*} })` be `typeIR''''` as structTypeIR

... If (`typeIR'''''` has type structTypeIR), then

.... Let `(struct tid' { (typeIR_f_b id_f' ;)*{id_f' <- id_f'*, typeIR_f_b <- typeIR_f_b*} })` be `typeIR'''''` as structTypeIR

.... If ((id_f = id_f'))*{id_f <- id_f*, id_f' <- id_f'*}, then

..... If ((tid = tid')), then

...... Group structtype: `(struct tid { (typeIR_f_a id_f ;)*{} })` as typeIR, `(struct tid { (typeIR_f_b id_f ;)*{} })` as typeIR

....... If (Type_alpha: typeIR_f_a ~~ typeIR_f_b)*{typeIR_f_a <- typeIR_f_a*, typeIR_f_b <- typeIR_f_b*} holds, then

........ The relation holds

.. Case `typeIR''''` has type headerTypeIR
... Let `(header tid { (typeIR_f_a id_f ;)*{id_f <- id_f*, typeIR_f_a <- typeIR_f_a*} })` be `typeIR''''` as headerTypeIR

... If (`typeIR'''''` has type headerTypeIR), then

.... Let `(header tid' { (typeIR_f_b id_f' ;)*{id_f' <- id_f'*, typeIR_f_b <- typeIR_f_b*} })` be `typeIR'''''` as headerTypeIR

.... If ((id_f = id_f'))*{id_f <- id_f*, id_f' <- id_f'*}, then

..... If ((tid = tid')), then

...... Group headertype: `(header tid { (typeIR_f_a id_f ;)*{} })` as typeIR, `(header tid { (typeIR_f_b id_f ;)*{} })` as typeIR

....... If (Type_alpha: typeIR_f_a ~~ typeIR_f_b)*{typeIR_f_a <- typeIR_f_a*, typeIR_f_b <- typeIR_f_b*} holds, then

........ The relation holds

.. Case `typeIR''''` has type headerUnionTypeIR
... Let `(header_union tid { (typeIR_f_a id_f ;)*{id_f <- id_f*, typeIR_f_a <- typeIR_f_a*} })` be `typeIR''''` as headerUnionTypeIR

... If (`typeIR'''''` has type headerUnionTypeIR), then

.... Let `(header_union tid' { (typeIR_f_b id_f' ;)*{id_f' <- id_f'*, typeIR_f_b <- typeIR_f_b*} })` be `typeIR'''''` as headerUnionTypeIR

.... If ((id_f = id_f'))*{id_f <- id_f*, id_f' <- id_f'*}, then

..... If ((tid = tid')), then

...... Group headeruniontype: `(header_union tid { (typeIR_f_a id_f ;)*{} })` as typeIR, `(header_union tid { (typeIR_f_b id_f ;)*{} })` as typeIR

....... If (Type_alpha: typeIR_f_a ~~ typeIR_f_b)*{typeIR_f_a <- typeIR_f_a*, typeIR_f_b <- typeIR_f_b*} holds, then

........ The relation holds

.. Case `typeIR''''` has type enumTypeIR
... Let `enumTypeIR` be `typeIR''''` as enumTypeIR

... Case analysis on enumTypeIR
.... Case `enumTypeIR` matches pattern `ENUM%{%}`
..... Let `(enum tid { id_f*{id_f <- id_f*} })` be enumTypeIR

..... If (`typeIR'''''` has type enumTypeIR), then

...... Let `enumTypeIR'` be `typeIR'''''` as enumTypeIR

...... If (enumTypeIR' matches pattern `ENUM%{%}`), then

....... Let `(enum tid' { id_f'*{id_f' <- id_f'*} })` be enumTypeIR'

....... If ((id_f = id_f'))*{id_f <- id_f*, id_f' <- id_f'*}, then

........ If ((tid = tid')), then

......... Group enumtype: `(enum tid { id_f*{} })` as typeIR, `(enum tid { id_f*{} })` as typeIR

.......... The relation holds

.... Case `enumTypeIR` matches pattern `ENUM%#%{%}`
..... Let `(enum tid # typeIR_a { (id_f = value_f ;)*{id_f <- id_f*, value_f <- value_f*} })` be enumTypeIR

..... If (`typeIR'''''` has type enumTypeIR), then

...... Let `enumTypeIR'` be `typeIR'''''` as enumTypeIR

...... If (enumTypeIR' matches pattern `ENUM%#%{%}`), then

....... Let `(enum tid' # typeIR_b { (id_f' = value_f' ;)*{id_f' <- id_f'*, value_f' <- value_f'*} })` be enumTypeIR'

....... If ((id_f = id_f'))*{id_f <- id_f*, id_f' <- id_f'*}, then

........ If ((tid = tid')), then

......... If ((value_f = value_f'))*{value_f <- value_f*, value_f' <- value_f'*}, then

.......... Group serenumtype: `(enum tid # typeIR_a { (id_f = value_f ;)*{} })` as typeIR, `(enum tid # typeIR_b { (id_f = value_f ;)*{} })` as typeIR

........... If (Type_alpha: typeIR_a ~~ typeIR_b) holds, then

............ The relation holds

.. Case `typeIR''''` has type externObjectTypeIR
... Let `(extern tid ({ (rid_a : routineTypeDefIR_a)*{rid_a <- rid_a*, routineTypeDefIR_a <- routineTypeDefIR_a*} }))` be `typeIR''''` as externObjectTypeIR

... If (`typeIR'''''` has type externObjectTypeIR), then

.... Let `(extern tid' ({ (rid_b : routineTypeDefIR_b)*{rid_b <- rid_b*, routineTypeDefIR_b <- routineTypeDefIR_b*} }))` be `typeIR'''''` as externObjectTypeIR

.... If ((tid = tid')), then

..... Group externtype: `(extern tid ({ (rid_a : routineTypeDefIR_a)*{} }))` as typeIR, `(extern tid ({ (rid_b : routineTypeDefIR_b)*{} }))` as typeIR

...... If (`$eq_set<rid>(({ rid_a*{rid_a <- rid_a*} }), ({ rid_b*{rid_b <- rid_b*} }))`), then

Let `routineTypeDefIR?*` be the list of `routineTypeDefIR?`, obtained by repeating:
 ....... Let `routineTypeDefIR?{routineTypeDefIR <- routineTypeDefIR?}` be `$find_map<rid, routineTypeDefIR>(({ (rid_a : routineTypeDefIR_a)*{rid_a <- rid_a*, routineTypeDefIR_a <- routineTypeDefIR_a*} }), rid_a)`
for each `rid_a` in `rid_a*`

....... If (routineTypeDefIR?{routineTypeDefIR <- routineTypeDefIR?} matches pattern (_))*{routineTypeDefIR? <- routineTypeDefIR?*}, then

Let `routineTypeDefIR_a'*` be the list of `routineTypeDefIR_a'`, obtained by repeating:
 ........ Let `?(routineTypeDefIR_a')` be routineTypeDefIR?{routineTypeDefIR <- routineTypeDefIR?}
for each `routineTypeDefIR?` in `routineTypeDefIR?*`

Let `routineTypeDefIR'?*` be the list of `routineTypeDefIR'?`, obtained by repeating:
 ........ Let `routineTypeDefIR'?{routineTypeDefIR' <- routineTypeDefIR'?}` be `$find_map<rid, routineTypeDefIR>(({ (rid_b : routineTypeDefIR_b)*{rid_b <- rid_b*, routineTypeDefIR_b <- routineTypeDefIR_b*} }), rid_a)`
for each `rid_a` in `rid_a*`

........ If (routineTypeDefIR'?{routineTypeDefIR' <- routineTypeDefIR'?} matches pattern (_))*{routineTypeDefIR'? <- routineTypeDefIR'?*}, then

Let `routineTypeDefIR_b'*` be the list of `routineTypeDefIR_b'`, obtained by repeating:
 ......... Let `?(routineTypeDefIR_b')` be routineTypeDefIR'?{routineTypeDefIR' <- routineTypeDefIR'?}
for each `routineTypeDefIR'?` in `routineTypeDefIR'?*`

......... If (RoutineTypeDef_alpha: routineTypeDefIR_a' ~~ routineTypeDefIR_b')*{routineTypeDefIR_a' <- routineTypeDefIR_a'*, routineTypeDefIR_b' <- routineTypeDefIR_b'*} holds, then

.......... The relation holds

.. Case `typeIR''''` has type parserObjectTypeIR
... Let `(parser( parameterTypeIR_a*{parameterTypeIR_a <- parameterTypeIR_a*} ))` be `typeIR''''` as parserObjectTypeIR

... If (`typeIR'''''` has type parserObjectTypeIR), then

.... Let `(parser( parameterTypeIR_b*{parameterTypeIR_b <- parameterTypeIR_b*} ))` be `typeIR'''''` as parserObjectTypeIR

.... Group parsertype: `(parser( parameterTypeIR_a*{} ))` as typeIR, `(parser( parameterTypeIR_b*{} ))` as typeIR

..... If (ParameterType_alpha: parameterTypeIR_a ~~ parameterTypeIR_b)*{parameterTypeIR_a <- parameterTypeIR_a*, parameterTypeIR_b <- parameterTypeIR_b*} holds, then

...... The relation holds

.. Case `typeIR''''` has type controlObjectTypeIR
... Let `(control( parameterTypeIR_a*{parameterTypeIR_a <- parameterTypeIR_a*} ))` be `typeIR''''` as controlObjectTypeIR

... If (`typeIR'''''` has type controlObjectTypeIR), then

.... Let `(control( parameterTypeIR_b*{parameterTypeIR_b <- parameterTypeIR_b*} ))` be `typeIR'''''` as controlObjectTypeIR

.... Group controltype: `(control( parameterTypeIR_a*{} ))` as typeIR, `(control( parameterTypeIR_b*{} ))` as typeIR

..... If (ParameterType_alpha: parameterTypeIR_a ~~ parameterTypeIR_b)*{parameterTypeIR_a <- parameterTypeIR_a*, parameterTypeIR_b <- parameterTypeIR_b*} holds, then

...... The relation holds

.. Case `typeIR''''` has type packageObjectTypeIR
... Let `(package< typeIR_a*{typeIR_a <- typeIR_a*} >)` be `typeIR''''` as packageObjectTypeIR

... If (`typeIR'''''` has type packageObjectTypeIR), then

.... Let `(package< typeIR_b*{typeIR_b <- typeIR_b*} >)` be `typeIR'''''` as packageObjectTypeIR

.... Group packagetype: `(package< typeIR_a*{} >)` as typeIR, `(package< typeIR_b*{} >)` as typeIR

..... If (Type_alpha: typeIR_a ~~ typeIR_b)*{typeIR_a <- typeIR_a*, typeIR_b <- typeIR_b*} holds, then

...... The relation holds

.. Case `typeIR''''` has type tableObjectTypeIR
... Let `(table tid # typeIR_a)` be `typeIR''''` as tableObjectTypeIR

... If (`typeIR'''''` has type tableObjectTypeIR), then

.... Let `(table tid' # typeIR_b)` be `typeIR'''''` as tableObjectTypeIR

.... If ((tid = tid')), then

..... Group tabletype: `(table tid # typeIR_a)` as typeIR, `(table tid # typeIR_b)` as typeIR

...... If (Type_alpha: typeIR_a ~~ typeIR_b) holds, then

....... The relation holds

.. Case `typeIR''''` has type defaultTypeIR
... Let `defaultTypeIR` be `typeIR''''` as defaultTypeIR

... If (`typeIR'''''` has type defaultTypeIR), then

.... Let `defaultTypeIR'` be `typeIR'''''` as defaultTypeIR

.... Group defaulttype: `(default)` as typeIR, `(default)` as typeIR

..... The relation holds

.. Case `typeIR''''` has type sequenceTypeIR
... Let `sequenceTypeIR` be `typeIR''''` as sequenceTypeIR

... Case analysis on sequenceTypeIR
.... Case `sequenceTypeIR` matches pattern `SEQ<%>`
..... Let `(seq< typeIR_a*{typeIR_a <- typeIR_a*} >)` be sequenceTypeIR

..... If (`typeIR'''''` has type sequenceTypeIR), then

...... Let `sequenceTypeIR'` be `typeIR'''''` as sequenceTypeIR

...... If (sequenceTypeIR' matches pattern `SEQ<%>`), then

....... Let `(seq< typeIR_b*{typeIR_b <- typeIR_b*} >)` be sequenceTypeIR'

....... Group sequencetype: `(seq< typeIR_a*{} >)` as typeIR, `(seq< typeIR_b*{} >)` as typeIR

........ If (Type_alpha: typeIR_a ~~ typeIR_b)*{typeIR_a <- typeIR_a*, typeIR_b <- typeIR_b*} holds, then

......... The relation holds

.... Case `sequenceTypeIR` matches pattern `SEQ<%,...>`
..... Let `(seq< typeIR_a*{typeIR_a <- typeIR_a*} ,...>)` be sequenceTypeIR

..... If (`typeIR'''''` has type sequenceTypeIR), then

...... Let `sequenceTypeIR'` be `typeIR'''''` as sequenceTypeIR

...... If (sequenceTypeIR' matches pattern `SEQ<%,...>`), then

....... Let `(seq< typeIR_b*{typeIR_b <- typeIR_b*} ,...>)` be sequenceTypeIR'

....... Group sequencedefaulttype: `(seq< typeIR_a*{} ,...>)` as typeIR, `(seq< typeIR_b*{} ,...>)` as typeIR

........ If (Type_alpha: typeIR_a ~~ typeIR_b)*{typeIR_a <- typeIR_a*, typeIR_b <- typeIR_b*} holds, then

......... The relation holds

.. Case `typeIR''''` has type recordTypeIR
... Let `recordTypeIR` be `typeIR''''` as recordTypeIR

... Case analysis on recordTypeIR
.... Case `recordTypeIR` matches pattern `RECORD{%}`
..... Let `(record{ (typeIR_a id ;)*{id <- id*, typeIR_a <- typeIR_a*} })` be recordTypeIR

..... If (`typeIR'''''` has type recordTypeIR), then

...... Let `recordTypeIR'` be `typeIR'''''` as recordTypeIR

...... If (recordTypeIR' matches pattern `RECORD{%}`), then

....... Let `(record{ (typeIR_b id' ;)*{id' <- id'*, typeIR_b <- typeIR_b*} })` be recordTypeIR'

....... If ((id = id'))*{id <- id*, id' <- id'*}, then

........ Group recordtype: `(record{ (typeIR_a id ;)*{} })` as typeIR, `(record{ (typeIR_b id ;)*{} })` as typeIR

......... If (Type_alpha: typeIR_a ~~ typeIR_b)*{typeIR_a <- typeIR_a*, typeIR_b <- typeIR_b*} holds, then

.......... The relation holds

.... Case `recordTypeIR` matches pattern `RECORD{%,...}`
..... Let `(record{ (typeIR_a id ;)*{id <- id*, typeIR_a <- typeIR_a*} ,...})` be recordTypeIR

..... If (`typeIR'''''` has type recordTypeIR), then

...... Let `recordTypeIR'` be `typeIR'''''` as recordTypeIR

...... If (recordTypeIR' matches pattern `RECORD{%,...}`), then

....... Let `(record{ (typeIR_b id' ;)*{id' <- id'*, typeIR_b <- typeIR_b*} ,...})` be recordTypeIR'

....... If ((id = id'))*{id <- id*, id' <- id'*}, then

........ Group recorddefaulttype: `(record{ (typeIR_a id ;)*{} ,...})` as typeIR, `(record{ (typeIR_b id ;)*{} ,...})` as typeIR

......... If (Type_alpha: typeIR_a ~~ typeIR_b)*{typeIR_a <- typeIR_a*, typeIR_b <- typeIR_b*} holds, then

.......... The relation holds

.. Case `typeIR''''` has type invalidHeaderTypeIR
... Let `invalidHeaderTypeIR` be `typeIR''''` as invalidHeaderTypeIR

... If (`typeIR'''''` has type invalidHeaderTypeIR), then

.... Let `invalidHeaderTypeIR'` be `typeIR'''''` as invalidHeaderTypeIR

.... Group invalidtype: `(header_invalid)` as typeIR, `(header_invalid)` as typeIR

..... The relation holds

.. Case `typeIR''''` has type setTypeIR
... Let `(set< typeIR*{typeIR <- typeIR*} >)` be `typeIR''''` as setTypeIR

... If (typeIR*{typeIR <- typeIR*} matches pattern [ _/1 ]), then

.... Let `[typeIR_a]` be typeIR*{typeIR <- typeIR*}

.... If (`typeIR'''''` has type setTypeIR), then

..... Let `(set< typeIR''*{typeIR'' <- typeIR''*} >)` be `typeIR'''''` as setTypeIR

..... If (typeIR''*{typeIR'' <- typeIR''*} matches pattern [ _/1 ]), then

...... Let `[typeIR_b]` be typeIR''*{typeIR'' <- typeIR''*}

...... Group settype: `(set< [typeIR_a] >)` as typeIR, `(set< [typeIR_b] >)` as typeIR

....... If (Type_alpha: typeIR_a ~~ typeIR_b) holds, then

........ The relation holds

.. Case `typeIR''''` has type tableTypeIR
... Let `tableTypeIR` be `typeIR''''` as tableTypeIR

... Case analysis on tableTypeIR
.... Case `tableTypeIR` matches pattern `TABLE_ENUM%{%}`
..... Let `(table_enum tid { id_f*{id_f <- id_f*} })` be tableTypeIR

..... If (`typeIR'''''` has type tableTypeIR), then

...... Let `tableTypeIR'` be `typeIR'''''` as tableTypeIR

...... If (tableTypeIR' matches pattern `TABLE_ENUM%{%}`), then

....... Let `(table_enum tid' { id_f'*{id_f' <- id_f'*} })` be tableTypeIR'

....... If ((id_f = id_f'))*{id_f <- id_f*, id_f' <- id_f'*}, then

........ If ((tid = tid')), then

......... Group tableenumtype: `(table_enum tid { id_f*{} })` as typeIR, `(table_enum tid { id_f*{} })` as typeIR

.......... The relation holds

.... Case `tableTypeIR` matches pattern `TABLE_STRUCT%{%}`
..... Let `(table_struct tid { (typeIR_f_a id_f ;)*{id_f <- id_f*, typeIR_f_a <- typeIR_f_a*} })` be tableTypeIR

..... If (`typeIR'''''` has type tableTypeIR), then

...... Let `tableTypeIR'` be `typeIR'''''` as tableTypeIR

...... If (tableTypeIR' matches pattern `TABLE_STRUCT%{%}`), then

....... Let `(table_struct tid' { (typeIR_f_b id_f' ;)*{id_f' <- id_f'*, typeIR_f_b <- typeIR_f_b*} })` be tableTypeIR'

....... If ((id_f = id_f'))*{id_f <- id_f*, id_f' <- id_f'*}, then

........ If ((tid = tid')), then

......... Group tablestructtype: `(table_struct tid { (typeIR_f_a id_f ;)*{} })` as typeIR, `(table_struct tid { (typeIR_f_b id_f ;)*{} })` as typeIR

.......... If (Type_alpha: typeIR_f_a ~~ typeIR_f_b)*{typeIR_f_a <- typeIR_f_a*, typeIR_f_b <- typeIR_f_b*} holds, then

........... The relation holds

relation ParameterType_alpha: (_direction typeIR_a _id _value?{_value <- _value?}), (_direction' typeIR_b _id' _value'?{_value' <- _value'?})

. Group : (_direction typeIR_a _id _value?{}), (_direction' typeIR_b _id' _value'?{})

.. If (Type_alpha: typeIR_a ~~ typeIR_b) holds, then

... The relation holds

relation RoutineType_alpha: routineTypeIR, routineTypeIR'

. Case analysis on routineTypeIR
.. Case `routineTypeIR` has type functionTypeIR
... Let `functionTypeIR` be `routineTypeIR` as functionTypeIR

... Case analysis on functionTypeIR
.... Case `functionTypeIR` matches pattern `BUILTIN_FUNCTION(%)->%`
..... Let `(builtin_function( parameterTypeIR_a*{parameterTypeIR_a <- parameterTypeIR_a*} )-> typeIR_ret_a)` be functionTypeIR

..... If (`routineTypeIR'` has type functionTypeIR), then

...... Let `functionTypeIR'` be `routineTypeIR'` as functionTypeIR

...... If (functionTypeIR' matches pattern `BUILTIN_FUNCTION(%)->%`), then

....... Let `(builtin_function( parameterTypeIR_b*{parameterTypeIR_b <- parameterTypeIR_b*} )-> typeIR_ret_b)` be functionTypeIR'

....... Group builtinfunction: `(builtin_function( parameterTypeIR_a*{} )-> typeIR_ret_a)` as routineTypeIR, `(builtin_function( parameterTypeIR_b*{} )-> typeIR_ret_b)` as routineTypeIR

........ If (ParameterType_alpha: parameterTypeIR_a ~~ parameterTypeIR_b)*{parameterTypeIR_a <- parameterTypeIR_a*, parameterTypeIR_b <- parameterTypeIR_b*} holds, then

......... If (Type_alpha: typeIR_ret_a ~~ typeIR_ret_b) holds, then

.......... The relation holds

.... Case `functionTypeIR` matches pattern `FUNCTION(%)->%`
..... Let `(function( parameterTypeIR_a*{parameterTypeIR_a <- parameterTypeIR_a*} )-> typeIR_ret_a)` be functionTypeIR

..... If (`routineTypeIR'` has type functionTypeIR), then

...... Let `functionTypeIR'` be `routineTypeIR'` as functionTypeIR

...... If (functionTypeIR' matches pattern `FUNCTION(%)->%`), then

....... Let `(function( parameterTypeIR_b*{parameterTypeIR_b <- parameterTypeIR_b*} )-> typeIR_ret_b)` be functionTypeIR'

....... Group function: `(function( parameterTypeIR_a*{} )-> typeIR_ret_a)` as routineTypeIR, `(function( parameterTypeIR_b*{} )-> typeIR_ret_b)` as routineTypeIR

........ If (ParameterType_alpha: parameterTypeIR_a ~~ parameterTypeIR_b)*{parameterTypeIR_a <- parameterTypeIR_a*, parameterTypeIR_b <- parameterTypeIR_b*} holds, then

......... If (Type_alpha: typeIR_ret_a ~~ typeIR_ret_b) holds, then

.......... The relation holds

.... Case `functionTypeIR` matches pattern `ACTION(%)`
..... Let `(action( parameterTypeIR_a*{parameterTypeIR_a <- parameterTypeIR_a*} ))` be functionTypeIR

..... If (`routineTypeIR'` has type functionTypeIR), then

...... Let `functionTypeIR'` be `routineTypeIR'` as functionTypeIR

...... If (functionTypeIR' matches pattern `ACTION(%)`), then

....... Let `(action( parameterTypeIR_b*{parameterTypeIR_b <- parameterTypeIR_b*} ))` be functionTypeIR'

....... Group action: `(action( parameterTypeIR_a*{} ))` as routineTypeIR, `(action( parameterTypeIR_b*{} ))` as routineTypeIR

........ If (ParameterType_alpha: parameterTypeIR_a ~~ parameterTypeIR_b)*{parameterTypeIR_a <- parameterTypeIR_a*, parameterTypeIR_b <- parameterTypeIR_b*} holds, then

......... The relation holds

.... Case `functionTypeIR` matches pattern `EXTERN_FUNCTION(%)->%`
..... Let `(extern_function( parameterTypeIR_a*{parameterTypeIR_a <- parameterTypeIR_a*} )-> typeIR_ret_a)` be functionTypeIR

..... If (`routineTypeIR'` has type functionTypeIR), then

...... Let `functionTypeIR'` be `routineTypeIR'` as functionTypeIR

...... If (functionTypeIR' matches pattern `EXTERN_FUNCTION(%)->%`), then

....... Let `(extern_function( parameterTypeIR_b*{parameterTypeIR_b <- parameterTypeIR_b*} )-> typeIR_ret_b)` be functionTypeIR'

....... Group externfunction: `(extern_function( parameterTypeIR_a*{} )-> typeIR_ret_a)` as routineTypeIR, `(extern_function( parameterTypeIR_b*{} )-> typeIR_ret_b)` as routineTypeIR

........ If (ParameterType_alpha: parameterTypeIR_a ~~ parameterTypeIR_b)*{parameterTypeIR_a <- parameterTypeIR_a*, parameterTypeIR_b <- parameterTypeIR_b*} holds, then

......... If (Type_alpha: typeIR_ret_a ~~ typeIR_ret_b) holds, then

.......... The relation holds

.. Case `routineTypeIR` has type methodTypeIR
... Let `methodTypeIR` be `routineTypeIR` as methodTypeIR

... Case analysis on methodTypeIR
.... Case `methodTypeIR` matches pattern `BUILTIN_METHOD(%)->%`
..... Let `(builtin_method( parameterTypeIR_a*{parameterTypeIR_a <- parameterTypeIR_a*} )-> typeIR_ret_a)` be methodTypeIR

..... If (`routineTypeIR'` has type methodTypeIR), then

...... Let `methodTypeIR'` be `routineTypeIR'` as methodTypeIR

...... If (methodTypeIR' matches pattern `BUILTIN_METHOD(%)->%`), then

....... Let `(builtin_method( parameterTypeIR_b*{parameterTypeIR_b <- parameterTypeIR_b*} )-> typeIR_ret_b)` be methodTypeIR'

....... Group builtinmethod: `(builtin_method( parameterTypeIR_a*{} )-> typeIR_ret_a)` as routineTypeIR, `(builtin_method( parameterTypeIR_b*{} )-> typeIR_ret_b)` as routineTypeIR

........ If (ParameterType_alpha: parameterTypeIR_a ~~ parameterTypeIR_b)*{parameterTypeIR_a <- parameterTypeIR_a*, parameterTypeIR_b <- parameterTypeIR_b*} holds, then

......... If (Type_alpha: typeIR_ret_a ~~ typeIR_ret_b) holds, then

.......... The relation holds

.... Case `methodTypeIR` matches pattern `EXTERN_METHOD(%)->%`
..... Let `(extern_method( parameterTypeIR_a*{parameterTypeIR_a <- parameterTypeIR_a*} )-> typeIR_ret_a)` be methodTypeIR

..... If (`routineTypeIR'` has type methodTypeIR), then

...... Let `methodTypeIR'` be `routineTypeIR'` as methodTypeIR

...... If (methodTypeIR' matches pattern `EXTERN_METHOD(%)->%`), then

....... Let `(extern_method( parameterTypeIR_b*{parameterTypeIR_b <- parameterTypeIR_b*} )-> typeIR_ret_b)` be methodTypeIR'

....... Group externmethod: `(extern_method( parameterTypeIR_a*{} )-> typeIR_ret_a)` as routineTypeIR, `(extern_method( parameterTypeIR_b*{} )-> typeIR_ret_b)` as routineTypeIR

........ If (ParameterType_alpha: parameterTypeIR_a ~~ parameterTypeIR_b)*{parameterTypeIR_a <- parameterTypeIR_a*, parameterTypeIR_b <- parameterTypeIR_b*} holds, then

......... If (Type_alpha: typeIR_ret_a ~~ typeIR_ret_b) holds, then

.......... The relation holds

.... Case `methodTypeIR` matches pattern `EXTERN_METHODABSTRACT(%)->%`
..... Let `(extern_methodabstract( parameterTypeIR_a*{parameterTypeIR_a <- parameterTypeIR_a*} )-> typeIR_ret_a)` be methodTypeIR

..... If (`routineTypeIR'` has type methodTypeIR), then

...... Let `methodTypeIR'` be `routineTypeIR'` as methodTypeIR

...... If (methodTypeIR' matches pattern `EXTERN_METHODABSTRACT(%)->%`), then

....... Let `(extern_methodabstract( parameterTypeIR_b*{parameterTypeIR_b <- parameterTypeIR_b*} )-> typeIR_ret_b)` be methodTypeIR'

....... Group externmethod-abstract: `(extern_methodabstract( parameterTypeIR_a*{} )-> typeIR_ret_a)` as routineTypeIR, `(extern_methodabstract( parameterTypeIR_b*{} )-> typeIR_ret_b)` as routineTypeIR

........ If (ParameterType_alpha: parameterTypeIR_a ~~ parameterTypeIR_b)*{parameterTypeIR_a <- parameterTypeIR_a*, parameterTypeIR_b <- parameterTypeIR_b*} holds, then

......... If (Type_alpha: typeIR_ret_a ~~ typeIR_ret_b) holds, then

.......... The relation holds

.... Case `methodTypeIR` matches pattern `PARSER_APPLY(%)`
..... Let `(parser_apply( parameterTypeIR_a*{parameterTypeIR_a <- parameterTypeIR_a*} ))` be methodTypeIR

..... If (`routineTypeIR'` has type methodTypeIR), then

...... Let `methodTypeIR'` be `routineTypeIR'` as methodTypeIR

...... If (methodTypeIR' matches pattern `PARSER_APPLY(%)`), then

....... Let `(parser_apply( parameterTypeIR_b*{parameterTypeIR_b <- parameterTypeIR_b*} ))` be methodTypeIR'

....... Group parserapply: `(parser_apply( parameterTypeIR_a*{} ))` as routineTypeIR, `(parser_apply( parameterTypeIR_b*{} ))` as routineTypeIR

........ If (ParameterType_alpha: parameterTypeIR_a ~~ parameterTypeIR_b)*{parameterTypeIR_a <- parameterTypeIR_a*, parameterTypeIR_b <- parameterTypeIR_b*} holds, then

......... The relation holds

.... Case `methodTypeIR` matches pattern `CONTROL_APPLY(%)`
..... Let `(control_apply( parameterTypeIR_a*{parameterTypeIR_a <- parameterTypeIR_a*} ))` be methodTypeIR

..... If (`routineTypeIR'` has type methodTypeIR), then

...... Let `methodTypeIR'` be `routineTypeIR'` as methodTypeIR

...... If (methodTypeIR' matches pattern `CONTROL_APPLY(%)`), then

....... Let `(control_apply( parameterTypeIR_b*{parameterTypeIR_b <- parameterTypeIR_b*} ))` be methodTypeIR'

....... Group controlapply: `(control_apply( parameterTypeIR_a*{} ))` as routineTypeIR, `(control_apply( parameterTypeIR_b*{} ))` as routineTypeIR

........ If (ParameterType_alpha: parameterTypeIR_a ~~ parameterTypeIR_b)*{parameterTypeIR_a <- parameterTypeIR_a*, parameterTypeIR_b <- parameterTypeIR_b*} holds, then

......... The relation holds

.... Case `methodTypeIR` matches pattern `TABLE_APPLY->%`
..... Let `(table_apply-> typeIR_ret_a)` be methodTypeIR

..... If (`routineTypeIR'` has type methodTypeIR), then

...... Let `methodTypeIR'` be `routineTypeIR'` as methodTypeIR

...... If (methodTypeIR' matches pattern `TABLE_APPLY->%`), then

....... Let `(table_apply-> typeIR_ret_b)` be methodTypeIR'

....... Group tableapply: `(table_apply-> typeIR_ret_a)` as routineTypeIR, `(table_apply-> typeIR_ret_b)` as routineTypeIR

........ If (Type_alpha: typeIR_ret_a ~~ typeIR_ret_b) holds, then

......... The relation holds

relation RoutineTypeDef_alpha: routineTypeDefIR, routineTypeDefIR'

. Case analysis on routineTypeDefIR
.. Case `routineTypeDefIR` has type routineTypeIR
... Let `routineTypeIR_a` be `routineTypeDefIR` as routineTypeIR

... If (`routineTypeDefIR'` has type routineTypeIR), then

.... Let `routineTypeIR_b` be `routineTypeDefIR'` as routineTypeIR

.... Group mono: `routineTypeIR_a` as routineTypeDefIR, `routineTypeIR_b` as routineTypeDefIR

..... If (RoutineType_alpha: routineTypeIR_a ~~ routineTypeIR_b) holds, then

...... The relation holds

.. Case `routineTypeDefIR` has type polyRoutineTypeDefIR
... Let `(routineTypeIR_a < tid_a*{tid_a <- tid_a*} , tid_hidden_a*{tid_hidden_a <- tid_hidden_a*} >)` be `routineTypeDefIR` as polyRoutineTypeDefIR

... If (`routineTypeDefIR'` has type polyRoutineTypeDefIR), then

.... Let `(routineTypeIR_b < tid_b*{tid_b <- tid_b*} , tid_hidden_b*{tid_hidden_b <- tid_hidden_b*} >)` be `routineTypeDefIR'` as polyRoutineTypeDefIR

.... Group poly: `(routineTypeIR_a < tid_a*{} , tid_hidden_a*{} >)` as routineTypeDefIR, `(routineTypeIR_b < tid_b*{} , tid_hidden_b*{} >)` as routineTypeDefIR

..... If ((|tid_a*{tid_a <- tid_a*}| = |tid_b*{tid_b <- tid_b*}|)), then

...... If ((|tid_hidden_a*{tid_hidden_a <- tid_hidden_a*}| = |tid_hidden_b*{tid_hidden_b <- tid_hidden_b*}|)), then

....... Let `tid_fresh*{tid_fresh <- tid_fresh*}` be `$fresh_tids(|tid_a*{tid_a <- tid_a*}| + |tid_hidden_a*{tid_hidden_a <- tid_hidden_a*}|)`

....... Let `tid_a'*{tid_a' <- tid_a'*}` be tid_a*{tid_a <- tid_a*} ++ tid_hidden_a*{tid_hidden_a <- tid_hidden_a*}

....... Let `theta_a` be ({ (tid_a' : `(tid tid_fresh)` as typeIR)*{tid_a' <- tid_a'*, tid_fresh <- tid_fresh*} })

....... Let `routineTypeIR_a_subst` be `$subst_routineType(theta_a, routineTypeIR_a)`

....... Let `tid_b'*{tid_b' <- tid_b'*}` be tid_b*{tid_b <- tid_b*} ++ tid_hidden_b*{tid_hidden_b <- tid_hidden_b*}

....... Let `theta_b` be ({ (tid_b' : `(tid tid_fresh)` as typeIR)*{tid_b' <- tid_b'*, tid_fresh <- tid_fresh*} })

....... Let `routineTypeIR_b_subst` be `$subst_routineType(theta_b, routineTypeIR_b)`

....... If (RoutineType_alpha: routineTypeIR_a_subst ~~ routineTypeIR_b_subst) holds, then

........ The relation holds

relation Type_wf: bound, typeIR'''

. Case analysis on typeIR'''
.. Case `typeIR'''` has type baseTypeIR
... Let `baseTypeIR` be `typeIR'''` as baseTypeIR

... Group basetype: bound, `baseTypeIR` as typeIR

.... The relation holds

.. Case `typeIR'''` has type nameTypeIR
... Let `(tid tid)` be `typeIR'''` as nameTypeIR

... Group tid: bound, `(tid tid)` as typeIR

.... If ([`tid` is an element of the set `bound`]($in_set)), then

..... The relation holds

.. Case `typeIR'''` has type specializedTypeIR
... Let `(polyTypeDefIR < typeIR_arg*{typeIR_arg <- typeIR_arg*} >)` be `typeIR'''` as specializedTypeIR

... Group spectype: bound, `(polyTypeDefIR < typeIR_arg*{} >)` as typeIR

.... Let `typeIR` be `$specialize_typeDef(`polyTypeDefIR` as typeDefIR, typeIR_arg*{typeIR_arg <- typeIR_arg*})`

.... If (Type_wf: bound |- typeIR) holds, then

..... The relation holds

.. Case `typeIR'''` has type typedefTypeIR
... Let `(typedef _tid typeIR)` be `typeIR'''` as typedefTypeIR

... Group typedeftype: bound, `(typedef _tid typeIR)` as typeIR

.... If ([`typeIR` can be used in a typedef]($nestable_typedef)), then

..... If (Type_wf: bound |- typeIR) holds, then

...... The relation holds

.. Case `typeIR'''` has type newTypeIR
... Let `(type _tid typeIR)` be `typeIR'''` as newTypeIR

... Group newtype: bound, `(type _tid typeIR)` as typeIR

.... If (`$nestable_new(typeIR)`), then

..... If (Type_wf: bound |- typeIR) holds, then

...... The relation holds

.. Case `typeIR'''` has type listTypeIR
... Let `(list< typeIR >)` be `typeIR'''` as listTypeIR

... Group listttype: bound, `(list< typeIR >)` as typeIR

.... If (`$nestable_list(typeIR)`), then

..... If (Type_wf: bound |- typeIR) holds, then

...... The relation holds

.. Case `typeIR'''` has type tupleTypeIR
... Let `(tuple< typeIR*{typeIR <- typeIR*} >)` be `typeIR'''` as tupleTypeIR

... Group tupletype: bound, `(tuple< typeIR*{} >)` as typeIR

.... If (`$nestable_tuple(typeIR)`)*{typeIR <- typeIR*}, then

..... If (Type_wf: bound |- typeIR)*{typeIR <- typeIR*} holds, then

...... The relation holds

.. Case `typeIR'''` has type headerStackTypeIR
... Let `(typeIR [ _nat ])` be `typeIR'''` as headerStackTypeIR

... Group stacktype: bound, `(typeIR [ _nat ])` as typeIR

.... If (`$nestable_stack(typeIR)`), then

..... If (Type_wf: bound |- typeIR) holds, then

...... The relation holds

.. Case `typeIR'''` has type structTypeIR
... Let `(struct _tid { (typeIR id ;)*{id <- id*, typeIR <- typeIR*} })` be `typeIR'''` as structTypeIR

... Group structtype: bound, `(struct _tid { (typeIR id ;)*{} })` as typeIR

.... If ([the elements of `id*{id <- id*}` are distinct]($distinct_)), then

..... If (`$nestable_struct(typeIR)`)*{typeIR <- typeIR*}, then

...... If (Type_wf: bound |- typeIR)*{typeIR <- typeIR*} holds, then

....... The relation holds

.. Case `typeIR'''` has type headerTypeIR
... Let `(header _tid { (typeIR id ;)*{id <- id*, typeIR <- typeIR*} })` be `typeIR'''` as headerTypeIR

... Group headertype: bound, `(header _tid { (typeIR id ;)*{} })` as typeIR

.... If ([the elements of `id*{id <- id*}` are distinct]($distinct_)), then

..... If (`$nestable_header(typeIR)`)*{typeIR <- typeIR*}, then

...... If (Type_wf: bound |- typeIR)*{typeIR <- typeIR*} holds, then

....... The relation holds

.. Case `typeIR'''` has type headerUnionTypeIR
... Let `(header_union _tid { (typeIR id ;)*{id <- id*, typeIR <- typeIR*} })` be `typeIR'''` as headerUnionTypeIR

... Group headeruniontype: bound, `(header_union _tid { (typeIR id ;)*{} })` as typeIR

.... If ([the elements of `id*{id <- id*}` are distinct]($distinct_)), then

..... If (`$nestable_headerunion(typeIR)`)*{typeIR <- typeIR*}, then

...... If (Type_wf: bound |- typeIR)*{typeIR <- typeIR*} holds, then

....... The relation holds

.. Case `typeIR'''` has type enumTypeIR
... Let `enumTypeIR` be `typeIR'''` as enumTypeIR

... Case analysis on enumTypeIR
.... Case `enumTypeIR` matches pattern `ENUM%{%}`
..... Let `(enum _tid { id*{id <- id*} })` be enumTypeIR

..... Group enumtype: bound, `(enum _tid { id*{} })` as typeIR

...... If ([the elements of `id*{id <- id*}` are distinct]($distinct_)), then

....... The relation holds

.... Case `enumTypeIR` matches pattern `ENUM%#%{%}`
..... Let `(enum _tid # typeIR { (id = _value ;)*{_value <- _value*, id <- id*} })` be enumTypeIR

..... Group serenumtype: bound, `(enum _tid # typeIR { (id = _value ;)*{} })` as typeIR

...... If ([the elements of `id*{id <- id*}` are distinct]($distinct_)), then

....... If (`$nestable_serenum(typeIR)`), then

........ If (Type_wf: bound |- typeIR) holds, then

......... The relation holds

.. Case `typeIR'''` has type externObjectTypeIR
... Let `(extern _tid ({ (_rid : routineTypeDefIR)*{_rid <- _rid*, routineTypeDefIR <- routineTypeDefIR*} }))` be `typeIR'''` as externObjectTypeIR

... Group externtype: bound, `(extern _tid ({ (_rid : routineTypeDefIR)*{} }))` as typeIR

.... If (RoutineTypeDef_wf: bound |- routineTypeDefIR)*{routineTypeDefIR <- routineTypeDefIR*} holds, then

..... The relation holds

.. Case `typeIR'''` has type parserObjectTypeIR
... Let `(parser( parameterTypeIR*{parameterTypeIR <- parameterTypeIR*} ))` be `typeIR'''` as parserObjectTypeIR

... Group parsertype: bound, `(parser( parameterTypeIR*{} ))` as typeIR

.... If (ParameterTypes_wf: bound |- parameterTypeIR*{parameterTypeIR <- parameterTypeIR*}) holds, then

..... The relation holds

.. Case `typeIR'''` has type controlObjectTypeIR
... Let `(control( parameterTypeIR*{parameterTypeIR <- parameterTypeIR*} ))` be `typeIR'''` as controlObjectTypeIR

... Group controltype: bound, `(control( parameterTypeIR*{} ))` as typeIR

.... If (ParameterTypes_wf: bound |- parameterTypeIR*{parameterTypeIR <- parameterTypeIR*}) holds, then

..... The relation holds

.. Case `typeIR'''` has type packageObjectTypeIR
... Let `(package< typeIR*{typeIR <- typeIR*} >)` be `typeIR'''` as packageObjectTypeIR

... Group packagetype: bound, `(package< typeIR*{} >)` as typeIR

.... If (Type_wf: bound |- typeIR)*{typeIR <- typeIR*} holds, then

..... The relation holds

.. Case `typeIR'''` has type tableObjectTypeIR
... Let `(table _tid # typeIR)` be `typeIR'''` as tableObjectTypeIR

... Group tabletype: bound, `(table _tid # typeIR)` as typeIR

.... Let `typeIR''` be `$canon(typeIR)`

.... If (`typeIR''` has type tableTypeIR), then

..... Let `tableTypeIR` be `typeIR''` as tableTypeIR

..... If (tableTypeIR matches pattern `TABLE_STRUCT%{%}`), then

...... Let `(table_struct _tid' { _fieldTypeIR*{_fieldTypeIR <- _fieldTypeIR*} })` be tableTypeIR

...... If (Type_wf: bound |- typeIR) holds, then

....... The relation holds

.. Case `typeIR'''` has type defaultTypeIR
... Let `defaultTypeIR` be `typeIR'''` as defaultTypeIR

... Group defaulttype: bound, `(default)` as typeIR

.... The relation holds

.. Case `typeIR'''` has type sequenceTypeIR
... Let `sequenceTypeIR` be `typeIR'''` as sequenceTypeIR

... Case analysis on sequenceTypeIR
.... Case `sequenceTypeIR` matches pattern `SEQ<%>`
..... Let `(seq< typeIR*{typeIR <- typeIR*} >)` be sequenceTypeIR

..... Group sequencetype: bound, `(seq< typeIR*{} >)` as typeIR

...... If (Type_wf: bound |- typeIR)*{typeIR <- typeIR*} holds, then

....... The relation holds

.... Case `sequenceTypeIR` matches pattern `SEQ<%,...>`
..... Let `(seq< typeIR*{typeIR <- typeIR*} ,...>)` be sequenceTypeIR

..... Group sequencedefaulttype: bound, `(seq< typeIR*{} ,...>)` as typeIR

...... If (Type_wf: bound |- typeIR)*{typeIR <- typeIR*} holds, then

....... The relation holds

.. Case `typeIR'''` has type recordTypeIR
... Let `recordTypeIR` be `typeIR'''` as recordTypeIR

... Case analysis on recordTypeIR
.... Case `recordTypeIR` matches pattern `RECORD{%}`
..... Let `(record{ (typeIR id ;)*{id <- id*, typeIR <- typeIR*} })` be recordTypeIR

..... Group recordtype: bound, `(record{ (typeIR id ;)*{} })` as typeIR

...... If ([the elements of `id*{id <- id*}` are distinct]($distinct_)), then

....... If (Type_wf: bound |- typeIR)*{typeIR <- typeIR*} holds, then

........ The relation holds

.... Case `recordTypeIR` matches pattern `RECORD{%,...}`
..... Let `(record{ (typeIR id ;)*{id <- id*, typeIR <- typeIR*} ,...})` be recordTypeIR

..... Group recorddefaulttype: bound, `(record{ (typeIR id ;)*{} ,...})` as typeIR

...... If ([the elements of `id*{id <- id*}` are distinct]($distinct_)), then

....... If (Type_wf: bound |- typeIR)*{typeIR <- typeIR*} holds, then

........ The relation holds

.. Case `typeIR'''` has type invalidHeaderTypeIR
... Let `invalidHeaderTypeIR` be `typeIR'''` as invalidHeaderTypeIR

... Group invalidtype: bound, `(header_invalid)` as typeIR

.... The relation holds

.. Case `typeIR'''` has type setTypeIR
... Let `(set< typeIR'*{typeIR' <- typeIR'*} >)` be `typeIR'''` as setTypeIR

... If (typeIR'*{typeIR' <- typeIR'*} matches pattern [ _/1 ]), then

.... Let `[typeIR]` be typeIR'*{typeIR' <- typeIR'*}

.... Group settype: bound, `(set< [typeIR] >)` as typeIR

..... If (`$nestable_set(typeIR)`), then

...... If (Type_wf: bound |- typeIR) holds, then

....... The relation holds

.. Case `typeIR'''` has type tableTypeIR
... Let `tableTypeIR` be `typeIR'''` as tableTypeIR

... Case analysis on tableTypeIR
.... Case `tableTypeIR` matches pattern `TABLE_ENUM%{%}`
..... Let `(table_enum _tid { id*{id <- id*} })` be tableTypeIR

..... Group tableenumtype: bound, `(table_enum _tid { id*{} })` as typeIR

...... If ([the elements of `id*{id <- id*}` are distinct]($distinct_)), then

....... The relation holds

.... Case `tableTypeIR` matches pattern `TABLE_STRUCT%{%}`
..... Let `(table_struct _tid { _fieldTypeIR*{_fieldTypeIR <- _fieldTypeIR*} })` be tableTypeIR

..... Group tablestructtype: bound, `(table_struct _tid { _fieldTypeIR*{} })` as typeIR

...... The relation holds

relation TypeDef_wf: bound, typeDefIR

. Case analysis on typeDefIR
.. Case `typeDefIR` has type typeIR
... Let `typeIR` be `typeDefIR` as typeIR

... Group mono: bound, `typeIR` as typeDefIR

.... If (`$definable_type_mono(typeIR)`), then

..... If (Type_wf: bound |- typeIR) holds, then

...... The relation holds

.. Case `typeDefIR` has type polyTypeDefIR
... Let `(typeIR < tid_expl*{tid_expl <- tid_expl*} , tid_impl*{tid_impl <- tid_impl*} >)` be `typeDefIR` as polyTypeDefIR

... Group poly: bound, `(typeIR < tid_expl*{} , tid_impl*{} >)` as typeDefIR

.... If (`$definable_type_poly(typeIR)`), then

..... If ([the elements of `tid_expl*{tid_expl <- tid_expl*} ++ tid_impl*{tid_impl <- tid_impl*}` are distinct]($distinct_)), then

...... Let `bound_inner` be `$union_set<tid>(bound, ({ tid_expl*{tid_expl <- tid_expl*} ++ tid_impl*{tid_impl <- tid_impl*} }))`

...... If (Type_wf: bound_inner |- typeIR) holds, then

....... The relation holds

relation ParameterType_wf: bound, (direction typeIR _id value''?{value'' <- value''?})

. If (direction matches pattern ``EMPTY`), then

.. Case analysis on value''?{value'' <- value''?}
... Case `value''?{value'' <- value''?}` matches pattern ()
.... Group default-empty-extern: bound, (() typeIR _id ?())

..... If (Type_wf: bound |- typeIR) holds, then

...... If (`$is_extern_object_typeIR(`$canon(typeIR)`)`), then

....... The relation holds

... Case `value''?{value'' <- value''?}` matches pattern (_)
.... Let `?(value)` be value''?{value'' <- value''?}

.... Group default-some-extern: bound, (() typeIR _id ?(value))

..... If (Type_wf: bound |- typeIR) holds, then

...... If (`$is_extern_object_typeIR(`$canon(typeIR)`)`), then

....... The relation holds

. Case analysis on value''?{value'' <- value''?}
.. Case `value''?{value'' <- value''?}` matches pattern ()
... Group default-none-not-extern: bound, (direction typeIR _id ?())

.... If (Type_wf: bound |- typeIR) holds, then

..... If (~`$is_extern_object_typeIR(`$canon(typeIR)`)`), then

...... The relation holds

.. Case `value''?{value'' <- value''?}` matches pattern (_)
... Let `?(value)` be value''?{value'' <- value''?}

... Group default-some-not-extern: bound, (direction typeIR _id ?(value))

.... If (Type_wf: bound |- typeIR) holds, then

..... If (~`$is_extern_object_typeIR(`$canon(typeIR)`)`), then

...... Case analysis on direction
....... Case `direction` matches pattern `IN`
........ The relation holds

....... Case `direction` matches pattern ``EMPTY`
........ The relation holds

relation ParameterTypes_wf: bound, parameterTypeIR*{parameterTypeIR <- parameterTypeIR*}

. Group : bound, parameterTypeIR*{}

Let `_direction*` be the list of `_direction` and `_typeIR*` be the list of `_typeIR` and `_value?*` be the list of `_value?` and `id*` be the list of `id`, obtained by repeating:
 .. Let `(_direction _typeIR id _value?{_value <- _value?})` be parameterTypeIR
for each `parameterTypeIR` in `parameterTypeIR*`

.. If ([the elements of `id*{id <- id*}` are distinct]($distinct_)), then

... If (ParameterType_wf: bound |- parameterTypeIR)*{parameterTypeIR <- parameterTypeIR*} holds, then

.... The relation holds

relation RoutineType_wf: bound, routineTypeIR

. Case analysis on routineTypeIR
.. Case `routineTypeIR` has type functionTypeIR
... Let `functionTypeIR` be `routineTypeIR` as functionTypeIR

... Case analysis on functionTypeIR
.... Case `functionTypeIR` matches pattern `BUILTIN_FUNCTION(%)->%`
..... Let `(builtin_function( parameterTypeIR*{parameterTypeIR <- parameterTypeIR*} )-> typeIR_ret)` be functionTypeIR

..... Group builtinfunction: bound, `(builtin_function( parameterTypeIR*{} )-> typeIR_ret)` as routineTypeIR

...... If (ParameterTypes_wf: bound |- parameterTypeIR*{parameterTypeIR <- parameterTypeIR*}) holds, then

....... If (Type_wf: bound |- typeIR_ret) holds, then

........ The relation holds

.... Case `functionTypeIR` matches pattern `FUNCTION(%)->%`
..... Let `(function( parameterTypeIR*{parameterTypeIR <- parameterTypeIR*} )-> typeIR_ret)` be functionTypeIR

..... Group functiontype: bound, `(function( parameterTypeIR*{} )-> typeIR_ret)` as routineTypeIR

...... If (ParameterTypes_wf: bound |- parameterTypeIR*{parameterTypeIR <- parameterTypeIR*}) holds, then

Let `_id*` be the list of `_id` and `_value?*` be the list of `_value?` and `direction*` be the list of `direction` and `typeIR*` be the list of `typeIR`, obtained by repeating:
 ....... Let `(direction typeIR _id _value?{_value <- _value?})` be parameterTypeIR
for each `parameterTypeIR` in `parameterTypeIR*`

....... If (`$nestable_function(direction, typeIR)`)*{direction <- direction*, typeIR <- typeIR*}, then

........ If (Type_wf: bound |- typeIR_ret) holds, then

......... The relation holds

.... Case `functionTypeIR` matches pattern `ACTION(%)`
..... Let `(action( parameterTypeIR*{parameterTypeIR <- parameterTypeIR*} ))` be functionTypeIR

..... Group actiontype: bound, `(action( parameterTypeIR*{} ))` as routineTypeIR

...... If (ParameterTypes_wf: bound |- parameterTypeIR*{parameterTypeIR <- parameterTypeIR*}) holds, then

Let `_id*` be the list of `_id` and `_value?*` be the list of `_value?` and `direction*` be the list of `direction` and `typeIR*` be the list of `typeIR`, obtained by repeating:
 ....... Let `(direction typeIR _id _value?{_value <- _value?})` be parameterTypeIR
for each `parameterTypeIR` in `parameterTypeIR*`

....... If (`$directionless_trailing(direction*{direction <- direction*})`), then

........ If (`$nestable_action(direction, typeIR)`)*{direction <- direction*, typeIR <- typeIR*}, then

......... The relation holds

.... Case `functionTypeIR` matches pattern `EXTERN_FUNCTION(%)->%`
..... Let `(extern_function( parameterTypeIR*{parameterTypeIR <- parameterTypeIR*} )-> typeIR_ret)` be functionTypeIR

..... Group externfunctiontype: bound, `(extern_function( parameterTypeIR*{} )-> typeIR_ret)` as routineTypeIR

...... If (ParameterTypes_wf: bound |- parameterTypeIR*{parameterTypeIR <- parameterTypeIR*}) holds, then

Let `_id*` be the list of `_id` and `_value?*` be the list of `_value?` and `direction*` be the list of `direction` and `typeIR*` be the list of `typeIR`, obtained by repeating:
 ....... Let `(direction typeIR _id _value?{_value <- _value?})` be parameterTypeIR
for each `parameterTypeIR` in `parameterTypeIR*`

....... If (`$nestable_externfunction(direction, typeIR)`)*{direction <- direction*, typeIR <- typeIR*}, then

........ If (Type_wf: bound |- typeIR_ret) holds, then

......... The relation holds

.. Case `routineTypeIR` has type methodTypeIR
... Let `methodTypeIR` be `routineTypeIR` as methodTypeIR

... Case analysis on methodTypeIR
.... Case `methodTypeIR` matches pattern `BUILTIN_METHOD(%)->%`
..... Let `(builtin_method( parameterTypeIR*{parameterTypeIR <- parameterTypeIR*} )-> typeIR_ret)` be methodTypeIR

..... Group builtinmethod: bound, `(builtin_method( parameterTypeIR*{} )-> typeIR_ret)` as routineTypeIR

...... If (ParameterTypes_wf: bound |- parameterTypeIR*{parameterTypeIR <- parameterTypeIR*}) holds, then

....... If (Type_wf: bound |- typeIR_ret) holds, then

........ The relation holds

.... Case `methodTypeIR` matches pattern `EXTERN_METHOD(%)->%`
..... Let `(extern_method( parameterTypeIR*{parameterTypeIR <- parameterTypeIR*} )-> typeIR_ret)` be methodTypeIR

..... Group externmethod: bound, `(extern_method( parameterTypeIR*{} )-> typeIR_ret)` as routineTypeIR

...... If (ParameterTypes_wf: bound |- parameterTypeIR*{parameterTypeIR <- parameterTypeIR*}) holds, then

Let `_id*` be the list of `_id` and `_value?*` be the list of `_value?` and `direction*` be the list of `direction` and `typeIR*` be the list of `typeIR`, obtained by repeating:
 ....... Let `(direction typeIR _id _value?{_value <- _value?})` be parameterTypeIR
for each `parameterTypeIR` in `parameterTypeIR*`

....... If (`$nestable_externmethod(direction, typeIR)`)*{direction <- direction*, typeIR <- typeIR*}, then

........ If (Type_wf: bound |- typeIR_ret) holds, then

......... The relation holds

.... Case `methodTypeIR` matches pattern `EXTERN_METHODABSTRACT(%)->%`
..... Let `(extern_methodabstract( parameterTypeIR*{parameterTypeIR <- parameterTypeIR*} )-> typeIR_ret)` be methodTypeIR

..... Group externabstractmethod: bound, `(extern_methodabstract( parameterTypeIR*{} )-> typeIR_ret)` as routineTypeIR

...... If (ParameterTypes_wf: bound |- parameterTypeIR*{parameterTypeIR <- parameterTypeIR*}) holds, then

Let `_id*` be the list of `_id` and `_value?*` be the list of `_value?` and `direction*` be the list of `direction` and `typeIR*` be the list of `typeIR`, obtained by repeating:
 ....... Let `(direction typeIR _id _value?{_value <- _value?})` be parameterTypeIR
for each `parameterTypeIR` in `parameterTypeIR*`

....... If (`$nestable_externabstractmethod(direction, typeIR)`)*{direction <- direction*, typeIR <- typeIR*}, then

........ If (Type_wf: bound |- typeIR_ret) holds, then

......... The relation holds

.... Case `methodTypeIR` matches pattern `PARSER_APPLY(%)`
..... Let `(parser_apply( parameterTypeIR*{parameterTypeIR <- parameterTypeIR*} ))` be methodTypeIR

..... Group parserapplymethod: bound, `(parser_apply( parameterTypeIR*{} ))` as routineTypeIR

...... If (ParameterTypes_wf: bound |- parameterTypeIR*{parameterTypeIR <- parameterTypeIR*}) holds, then

Let `_id*` be the list of `_id` and `_value?*` be the list of `_value?` and `direction*` be the list of `direction` and `typeIR*` be the list of `typeIR`, obtained by repeating:
 ....... Let `(direction typeIR _id _value?{_value <- _value?})` be parameterTypeIR
for each `parameterTypeIR` in `parameterTypeIR*`

....... If (`$nestable_parserapplymethod(direction, typeIR)`)*{direction <- direction*, typeIR <- typeIR*}, then

........ The relation holds

.... Case `methodTypeIR` matches pattern `CONTROL_APPLY(%)`
..... Let `(control_apply( parameterTypeIR*{parameterTypeIR <- parameterTypeIR*} ))` be methodTypeIR

..... Group controlapplymethod: bound, `(control_apply( parameterTypeIR*{} ))` as routineTypeIR

...... If (ParameterTypes_wf: bound |- parameterTypeIR*{parameterTypeIR <- parameterTypeIR*}) holds, then

Let `_id*` be the list of `_id` and `_value?*` be the list of `_value?` and `direction*` be the list of `direction` and `typeIR*` be the list of `typeIR`, obtained by repeating:
 ....... Let `(direction typeIR _id _value?{_value <- _value?})` be parameterTypeIR
for each `parameterTypeIR` in `parameterTypeIR*`

....... If (`$nestable_controlapplymethod(direction, typeIR)`)*{direction <- direction*, typeIR <- typeIR*}, then

........ The relation holds

.... Case `methodTypeIR` matches pattern `TABLE_APPLY->%`
..... Let `(table_apply-> typeIR)` be methodTypeIR

..... If (`typeIR` has type tableTypeIR), then

...... Let `tableTypeIR` be `typeIR` as tableTypeIR

...... If (tableTypeIR matches pattern `TABLE_STRUCT%{%}`), then

....... Let `(table_struct _tid { _fieldTypeIR*{_fieldTypeIR <- _fieldTypeIR*} })` be tableTypeIR

....... Group tableapplymethod: bound, `(table_apply-> `(table_struct _tid { _fieldTypeIR*{} })` as typeIR)` as routineTypeIR

........ The relation holds

relation RoutineTypeDef_wf: bound, routineTypeDefIR

. Case analysis on routineTypeDefIR
.. Case `routineTypeDefIR` has type routineTypeIR
... Let `routineTypeIR` be `routineTypeDefIR` as routineTypeIR

... Group mono: bound, `routineTypeIR` as routineTypeDefIR

.... If (`$definable_routine_mono(routineTypeIR)`), then

..... If (RoutineType_wf: bound |- routineTypeIR) holds, then

...... The relation holds

.. Case `routineTypeDefIR` has type polyRoutineTypeDefIR
... Let `(routineTypeIR < tid_expl*{tid_expl <- tid_expl*} , tid_impl*{tid_impl <- tid_impl*} >)` be `routineTypeDefIR` as polyRoutineTypeDefIR

... Group poly: bound, `(routineTypeIR < tid_expl*{} , tid_impl*{} >)` as routineTypeDefIR

.... If (`$definable_routine_poly(routineTypeIR)`), then

..... If ([the elements of `tid_expl*{tid_expl <- tid_expl*} ++ tid_impl*{tid_impl <- tid_impl*}` are distinct]($distinct_)), then

...... Let `bound_inner` be `$union_set<tid>(bound, ({ tid_expl*{tid_expl <- tid_expl*} ++ tid_impl*{tid_impl <- tid_impl*} }))`

...... If (RoutineType_wf: bound_inner |- routineTypeIR) holds, then

....... The relation holds

relation ConstructorParameterType_wf: bound, (direction typeIR _id _value?{_value <- _value?})

. If (direction matches pattern ``EMPTY`), then

.. Group : bound, (() typeIR _id _value?{})

... If (Type_wf: bound |- typeIR) holds, then

.... The relation holds

relation ConstructorParameterTypes_wf: bound, parameterTypeIR*{parameterTypeIR <- parameterTypeIR*}

. Group : bound, parameterTypeIR*{}

Let `_direction*` be the list of `_direction` and `_typeIR*` be the list of `_typeIR` and `_value?*` be the list of `_value?` and `id*` be the list of `id`, obtained by repeating:
 .. Let `(_direction _typeIR id _value?{_value <- _value?})` be parameterTypeIR
for each `parameterTypeIR` in `parameterTypeIR*`

.. If ([the elements of `id*{id <- id*}` are distinct]($distinct_)), then

... If (ConstructorParameterType_wf: bound |- parameterTypeIR)*{parameterTypeIR <- parameterTypeIR*} holds, then

.... The relation holds

relation ConstructorType_wf: bound, (constructor( parameterTypeIR*{parameterTypeIR <- parameterTypeIR*} )-> typeIR_object)

. Group externtype: bound, (constructor( parameterTypeIR*{} )-> typeIR_object)

.. If (ConstructorParameterTypes_wf: bound |- parameterTypeIR*{parameterTypeIR <- parameterTypeIR*}) holds, then

... If (Type_wf: bound |- typeIR_object) holds, then

.... Let `typeIR'` be `$canon(typeIR_object)`

.... If (`typeIR'` has type externObjectTypeIR), then

..... Let `(extern _tid _map<rid, routineTypeDefIR>)` be `typeIR'` as externObjectTypeIR

Let `_direction*` be the list of `_direction` and `_id*` be the list of `_id` and `_value?*` be the list of `_value?` and `typeIR*` be the list of `typeIR`, obtained by repeating:
 ..... Let `(_direction typeIR _id _value?{_value <- _value?})` be parameterTypeIR
for each `parameterTypeIR` in `parameterTypeIR*`

..... If (`$nestable_constructor_extern(typeIR)`)*{typeIR <- typeIR*}, then

...... The relation holds

. Group parsertype: bound, (constructor( parameterTypeIR*{} )-> typeIR_object)

.. If (ConstructorParameterTypes_wf: bound |- parameterTypeIR*{parameterTypeIR <- parameterTypeIR*}) holds, then

... If (Type_wf: bound |- typeIR_object) holds, then

.... Let `typeIR'` be `$canon(typeIR_object)`

.... If (`typeIR'` has type parserObjectTypeIR), then

..... Let `(parser( _parameterTypeIR*{_parameterTypeIR <- _parameterTypeIR*} ))` be `typeIR'` as parserObjectTypeIR

Let `_direction*` be the list of `_direction` and `_id*` be the list of `_id` and `_value?*` be the list of `_value?` and `typeIR*` be the list of `typeIR`, obtained by repeating:
 ..... Let `(_direction typeIR _id _value?{_value <- _value?})` be parameterTypeIR
for each `parameterTypeIR` in `parameterTypeIR*`

..... If (`$nestable_constructor_parser(typeIR)`)*{typeIR <- typeIR*}, then

...... The relation holds

. Group controltype: bound, (constructor( parameterTypeIR*{} )-> typeIR_object)

.. If (ConstructorParameterTypes_wf: bound |- parameterTypeIR*{parameterTypeIR <- parameterTypeIR*}) holds, then

... If (Type_wf: bound |- typeIR_object) holds, then

.... Let `typeIR'` be `$canon(typeIR_object)`

.... If (`typeIR'` has type controlObjectTypeIR), then

..... Let `(control( _parameterTypeIR*{_parameterTypeIR <- _parameterTypeIR*} ))` be `typeIR'` as controlObjectTypeIR

Let `_direction*` be the list of `_direction` and `_id*` be the list of `_id` and `_value?*` be the list of `_value?` and `typeIR*` be the list of `typeIR`, obtained by repeating:
 ..... Let `(_direction typeIR _id _value?{_value <- _value?})` be parameterTypeIR
for each `parameterTypeIR` in `parameterTypeIR*`

..... If (`$nestable_constructor_control(typeIR)`)*{typeIR <- typeIR*}, then

...... The relation holds

. Group packagetype: bound, (constructor( parameterTypeIR*{} )-> typeIR_object)

.. If (ConstructorParameterTypes_wf: bound |- parameterTypeIR*{parameterTypeIR <- parameterTypeIR*}) holds, then

... If (Type_wf: bound |- typeIR_object) holds, then

.... Let `typeIR'` be `$canon(typeIR_object)`

.... If (`typeIR'` has type packageObjectTypeIR), then

..... Let `(package< _typeIR*{_typeIR <- _typeIR*} >)` be `typeIR'` as packageObjectTypeIR

Let `_direction*` be the list of `_direction` and `_id*` be the list of `_id` and `_value?*` be the list of `_value?` and `typeIR*` be the list of `typeIR`, obtained by repeating:
 ..... Let `(_direction typeIR _id _value?{_value <- _value?})` be parameterTypeIR
for each `parameterTypeIR` in `parameterTypeIR*`

..... If (`$nestable_constructor_package(typeIR)`)*{typeIR <- typeIR*}, then

...... The relation holds

relation ConstructorTypeDef_wf: bound, (constructorTypeIR < tid_expl*{tid_expl <- tid_expl*} , tid_impl*{tid_impl <- tid_impl*} >)

. Group : bound, (constructorTypeIR < tid_expl*{} , tid_impl*{} >)

.. Let `(constructor( _constructorParameterTypeIR*{_constructorParameterTypeIR <- _constructorParameterTypeIR*} )-> typeIR_object)` be constructorTypeIR

.. If (`$definable_constructor(typeIR_object)`), then

... If ([the elements of `tid_expl*{tid_expl <- tid_expl*} ++ tid_impl*{tid_impl <- tid_impl*}` are distinct]($distinct_)), then

.... Let `bound_inner` be `$union_set<tid>(bound, ({ tid_expl*{tid_expl <- tid_expl*} ++ tid_impl*{tid_impl <- tid_impl*} }))`

.... If (ConstructorType_wf: bound_inner |- constructorTypeIR) holds, then

..... The relation holds

relation Eval_static: p, TC, (expressionIR # (( _typeIR'' _ctk'' )))

. Case analysis on expressionIR
.. Case `expressionIR` has type booleanLiteral
... Let `booleanLiteral` be `expressionIR` as booleanLiteral

... Group literalExpressionIR-boolean: p, TC, (`booleanLiteral` as expressionIR # (( _typeIR _ctk )))

.... Case analysis on booleanLiteral
..... Case `booleanLiteral` matches pattern `TRUE`
...... Result in `(b true)` as value

..... Case `booleanLiteral` matches pattern `FALSE`
...... Result in `(b false)` as value

.. Case `expressionIR` has type numberLiteral
... Let `numberLiteral` be `expressionIR` as numberLiteral

... Group literalExpressionIR-number: p, TC, (`numberLiteral` as expressionIR # (( _typeIR _ctk )))

.... Case analysis on numberLiteral
..... Case `numberLiteral` matches pattern `D%`
...... Let `(d i)` be numberLiteral

...... Result in `(d i)` as value

..... Case `numberLiteral` matches pattern `%W%`
...... Let `(n w i)` be numberLiteral

...... Result in `(n w i)` as value

..... Case `numberLiteral` matches pattern `%S%`
...... Let `(n s i)` be numberLiteral

...... Result in `(n s i)` as value

.. Case `expressionIR` has type stringLiteral
... Let `(" text ")` be `expressionIR` as stringLiteral

... Group literalExpressionIR-stringliteral: p, TC, (`(" text ")` as expressionIR # (( _typeIR _ctk )))

.... Result in `(" text ")` as value

.. Case `expressionIR` has type prefixedNameIR
... Let `prefixedNameIR` be `expressionIR` as prefixedNameIR

... Group referenceExpression: p, TC, (`prefixedNameIR` as expressionIR # (( _typeIR _ctk )))

.... Let `value` be `$find_value(p, TC, prefixedNameIR)`

.... Result in value

.. Case `expressionIR` has type defaultExpression
... Let `defaultExpression` be `expressionIR` as defaultExpression

... Group defaultExpressionIR: p, TC, (`(...)` as expressionIR # (( _typeIR _ctk )))

.... Result in `(default)` as value

.. Case `expressionIR` has type unaryExpressionIR
... Let `(unop typedExpressionIR)` be `expressionIR` as unaryExpressionIR

... Group unaryExpressionIR: p, TC, (`(unop typedExpressionIR)` as expressionIR # (( _typeIR _ctk )))

.... Case analysis on unop
..... Case `unop` matches pattern `~`
...... Let [`value` be the static evaluation of `typedExpressionIR`, under cursor `p` and typing context `TC`](Eval_static)

...... Result in `$un_bnot(value)`

..... Case `unop` matches pattern `!`
...... Let [`value` be the static evaluation of `typedExpressionIR`, under cursor `p` and typing context `TC`](Eval_static)

...... Result in `$un_lnot(value)`

..... Case `unop` matches pattern `+`
...... Let [`value` be the static evaluation of `typedExpressionIR`, under cursor `p` and typing context `TC`](Eval_static)

...... Result in `$un_plus(value)`

..... Case `unop` matches pattern `-`
...... Let [`value` be the static evaluation of `typedExpressionIR`, under cursor `p` and typing context `TC`](Eval_static)

...... Result in `$un_minus(value)`

.. Case `expressionIR` has type binaryExpressionIR
... Let `(typedExpressionIR_l binop typedExpressionIR_r)` be `expressionIR` as binaryExpressionIR

... Group binaryExpressionIR: p, TC, (`(typedExpressionIR_l binop typedExpressionIR_r)` as expressionIR # (( _typeIR _ctk )))

.... Case analysis on binop
..... Case `binop` matches pattern `+`
...... Let [`value_l` be the static evaluation of `typedExpressionIR_l`, under cursor `p` and typing context `TC`](Eval_static)

...... Let [`value_r` be the static evaluation of `typedExpressionIR_r`, under cursor `p` and typing context `TC`](Eval_static)

...... Result in `$bin_plus(value_l, value_r)`

..... Case `binop` matches pattern `|+|`
...... Let [`value_l` be the static evaluation of `typedExpressionIR_l`, under cursor `p` and typing context `TC`](Eval_static)

...... Let [`value_r` be the static evaluation of `typedExpressionIR_r`, under cursor `p` and typing context `TC`](Eval_static)

...... Result in `$bin_satplus(value_l, value_r)`

..... Case `binop` matches pattern `-`
...... Let [`value_l` be the static evaluation of `typedExpressionIR_l`, under cursor `p` and typing context `TC`](Eval_static)

...... Let [`value_r` be the static evaluation of `typedExpressionIR_r`, under cursor `p` and typing context `TC`](Eval_static)

...... Result in `$bin_minus(value_l, value_r)`

..... Case `binop` matches pattern `|-|`
...... Let [`value_l` be the static evaluation of `typedExpressionIR_l`, under cursor `p` and typing context `TC`](Eval_static)

...... Let [`value_r` be the static evaluation of `typedExpressionIR_r`, under cursor `p` and typing context `TC`](Eval_static)

...... Result in `$bin_satminus(value_l, value_r)`

..... Case `binop` matches pattern `*`
...... Let [`value_l` be the static evaluation of `typedExpressionIR_l`, under cursor `p` and typing context `TC`](Eval_static)

...... Let [`value_r` be the static evaluation of `typedExpressionIR_r`, under cursor `p` and typing context `TC`](Eval_static)

...... Result in `$bin_mul(value_l, value_r)`

..... Case `binop` matches pattern `/`
...... Let [`value_l` be the static evaluation of `typedExpressionIR_l`, under cursor `p` and typing context `TC`](Eval_static)

...... Let [`value_r` be the static evaluation of `typedExpressionIR_r`, under cursor `p` and typing context `TC`](Eval_static)

...... Result in `$bin_div(value_l, value_r)`

..... Case `binop` matches pattern `%`
...... Let [`value_l` be the static evaluation of `typedExpressionIR_l`, under cursor `p` and typing context `TC`](Eval_static)

...... Let [`value_r` be the static evaluation of `typedExpressionIR_r`, under cursor `p` and typing context `TC`](Eval_static)

...... Result in `$bin_mod(value_l, value_r)`

..... Case `binop` matches pattern `<<`
...... Let [`value_l` be the static evaluation of `typedExpressionIR_l`, under cursor `p` and typing context `TC`](Eval_static)

...... Let [`value_r` be the static evaluation of `typedExpressionIR_r`, under cursor `p` and typing context `TC`](Eval_static)

...... Result in `$bin_shl(value_l, value_r)`

..... Case `binop` matches pattern `>>`
...... Let [`value_l` be the static evaluation of `typedExpressionIR_l`, under cursor `p` and typing context `TC`](Eval_static)

...... Let [`value_r` be the static evaluation of `typedExpressionIR_r`, under cursor `p` and typing context `TC`](Eval_static)

...... Result in `$bin_shr(value_l, value_r)`

..... Case `binop` matches pattern `<=`
...... Let [`value_l` be the static evaluation of `typedExpressionIR_l`, under cursor `p` and typing context `TC`](Eval_static)

...... Let [`value_r` be the static evaluation of `typedExpressionIR_r`, under cursor `p` and typing context `TC`](Eval_static)

...... Result in `(b `$bin_le(value_l, value_r)`)` as value

..... Case `binop` matches pattern `>=`
...... Let [`value_l` be the static evaluation of `typedExpressionIR_l`, under cursor `p` and typing context `TC`](Eval_static)

...... Let [`value_r` be the static evaluation of `typedExpressionIR_r`, under cursor `p` and typing context `TC`](Eval_static)

...... Result in `(b `$bin_ge(value_l, value_r)`)` as value

..... Case `binop` matches pattern `<`
...... Let [`value_l` be the static evaluation of `typedExpressionIR_l`, under cursor `p` and typing context `TC`](Eval_static)

...... Let [`value_r` be the static evaluation of `typedExpressionIR_r`, under cursor `p` and typing context `TC`](Eval_static)

...... Result in `(b `$bin_lt(value_l, value_r)`)` as value

..... Case `binop` matches pattern `>`
...... Let [`value_l` be the static evaluation of `typedExpressionIR_l`, under cursor `p` and typing context `TC`](Eval_static)

...... Let [`value_r` be the static evaluation of `typedExpressionIR_r`, under cursor `p` and typing context `TC`](Eval_static)

...... Result in `(b `$bin_gt(value_l, value_r)`)` as value

..... Case `binop` matches pattern `==`
...... Let [`value_l` be the static evaluation of `typedExpressionIR_l`, under cursor `p` and typing context `TC`](Eval_static)

...... Let [`value_r` be the static evaluation of `typedExpressionIR_r`, under cursor `p` and typing context `TC`](Eval_static)

...... Result in `(b `$bin_eq(value_l, value_r)`)` as value

..... Case `binop` matches pattern `!=`
...... Let [`value_l` be the static evaluation of `typedExpressionIR_l`, under cursor `p` and typing context `TC`](Eval_static)

...... Let [`value_r` be the static evaluation of `typedExpressionIR_r`, under cursor `p` and typing context `TC`](Eval_static)

...... Result in `(b `$bin_ne(value_l, value_r)`)` as value

..... Case `binop` matches pattern `&`
...... Let [`value_l` be the static evaluation of `typedExpressionIR_l`, under cursor `p` and typing context `TC`](Eval_static)

...... Let [`value_r` be the static evaluation of `typedExpressionIR_r`, under cursor `p` and typing context `TC`](Eval_static)

...... Result in `$bin_band(value_l, value_r)`

..... Case `binop` matches pattern `^`
...... Let [`value_l` be the static evaluation of `typedExpressionIR_l`, under cursor `p` and typing context `TC`](Eval_static)

...... Let [`value_r` be the static evaluation of `typedExpressionIR_r`, under cursor `p` and typing context `TC`](Eval_static)

...... Result in `$bin_bxor(value_l, value_r)`

..... Case `binop` matches pattern `|`
...... Let [`value_l` be the static evaluation of `typedExpressionIR_l`, under cursor `p` and typing context `TC`](Eval_static)

...... Let [`value_r` be the static evaluation of `typedExpressionIR_r`, under cursor `p` and typing context `TC`](Eval_static)

...... Result in `$bin_bor(value_l, value_r)`

..... Case `binop` matches pattern `++`
...... Let [`value_l` be the static evaluation of `typedExpressionIR_l`, under cursor `p` and typing context `TC`](Eval_static)

...... Let [`value_r` be the static evaluation of `typedExpressionIR_r`, under cursor `p` and typing context `TC`](Eval_static)

...... Result in `$bin_concat(value_l, value_r)`

..... Case `binop` matches pattern `&&`
...... Let [`value_l` be the static evaluation of `typedExpressionIR_l`, under cursor `p` and typing context `TC`](Eval_static)

...... Let [`value_r` be the static evaluation of `typedExpressionIR_r`, under cursor `p` and typing context `TC`](Eval_static)

...... Result in `$bin_land(value_l, value_r)`

..... Case `binop` matches pattern `||`
...... Let [`value_l` be the static evaluation of `typedExpressionIR_l`, under cursor `p` and typing context `TC`](Eval_static)

...... Let [`value_r` be the static evaluation of `typedExpressionIR_r`, under cursor `p` and typing context `TC`](Eval_static)

...... Result in `$bin_lor(value_l, value_r)`

.. Case `expressionIR` has type ternaryExpressionIR
... Let `(typedExpressionIR_cond ? typedExpressionIR_true : typedExpressionIR_false)` be `expressionIR` as ternaryExpressionIR

... Group ternaryExpressionIR: p, TC, (`(typedExpressionIR_cond ? typedExpressionIR_true : typedExpressionIR_false)` as expressionIR # (( _typeIR _ctk )))

.... Let [`value` be the static evaluation of `typedExpressionIR_cond`, under cursor `p` and typing context `TC`](Eval_static)

.... If ((value = `(b true)` as value)), then

..... Let [`value_true` be the static evaluation of `typedExpressionIR_true`, under cursor `p` and typing context `TC`](Eval_static)

..... Result in value_true

.... If ((value = `(b false)` as value)), then

..... Let [`value_false` be the static evaluation of `typedExpressionIR_false`, under cursor `p` and typing context `TC`](Eval_static)

..... Result in value_false

.. Case `expressionIR` has type castExpressionIR
... Let `(( typeIR ) typedExpressionIR)` be `expressionIR` as castExpressionIR

... Group castExpression: p, TC, (`(( typeIR ) typedExpressionIR)` as expressionIR # (( _typeIR _ctk )))

.... Let [`value` be the static evaluation of `typedExpressionIR`, under cursor `p` and typing context `TC`](Eval_static)

.... Let `value_cast` be `$cast_op(typeIR, value)`

.... Result in value_cast

.. Case `expressionIR` has type dataExpressionIR
... Let `dataExpressionIR` be `expressionIR` as dataExpressionIR

... If (dataExpressionIR matches pattern `{#}`), then

.... Group dataExpressionIR-invalid: p, TC, (`({#})` as expressionIR # (( _typeIR _ctk )))

..... Result in `({#})` as value

... Group dataExpressionIR-sequence: p, TC, (`dataExpressionIR` as expressionIR # (( _typeIR _ctk )))

.... Case analysis on dataExpressionIR
..... Case `dataExpressionIR` matches pattern `SEQ{%}`
...... Let `(seq{ typedExpressionIR*{typedExpressionIR <- typedExpressionIR*} })` be dataExpressionIR

Let , obtained by repeating:
 ...... Let [`value` be the static evaluation of `typedExpressionIR`, under cursor `p` and typing context `TC`](Eval_static)
for each `typedExpressionIR` in `typedExpressionIR*` and `value` in `value*`

...... Result in `(seq( value*{value <- value*} ))` as value

..... Case `dataExpressionIR` matches pattern `SEQ{%,...}`
...... Let `(seq{ typedExpressionIR*{typedExpressionIR <- typedExpressionIR*} ,...})` be dataExpressionIR

Let , obtained by repeating:
 ...... Let [`value` be the static evaluation of `typedExpressionIR`, under cursor `p` and typing context `TC`](Eval_static)
for each `typedExpressionIR` in `typedExpressionIR*` and `value` in `value*`

...... Result in `(seq( value*{value <- value*} ,...))` as value

... Group dataExpressionIR-record: p, TC, (`dataExpressionIR` as expressionIR # (( _typeIR _ctk )))

.... Case analysis on dataExpressionIR
..... Case `dataExpressionIR` matches pattern `RECORD{%}`
...... Let `(record{ (nameIR = typedExpressionIR)*{nameIR <- nameIR*, typedExpressionIR <- typedExpressionIR*} })` be dataExpressionIR

Let , obtained by repeating:
 ...... Let [`value` be the static evaluation of `typedExpressionIR`, under cursor `p` and typing context `TC`](Eval_static)
for each `typedExpressionIR` in `typedExpressionIR*` and `value` in `value*`

...... Result in `(record{ (value nameIR ;)*{nameIR <- nameIR*, value <- value*} })` as value

..... Case `dataExpressionIR` matches pattern `RECORD{%,...}`
...... Let `(record{ (nameIR = typedExpressionIR)*{nameIR <- nameIR*, typedExpressionIR <- typedExpressionIR*} ,...})` be dataExpressionIR

Let , obtained by repeating:
 ...... Let [`value` be the static evaluation of `typedExpressionIR`, under cursor `p` and typing context `TC`](Eval_static)
for each `typedExpressionIR` in `typedExpressionIR*` and `value` in `value*`

...... Result in `(record{ (value nameIR ;)*{nameIR <- nameIR*, value <- value*} ,...})` as value

.. Case `expressionIR` has type errorAccessExpressionIR
... Let `(error. nameIR)` be `expressionIR` as errorAccessExpressionIR

... Group accessExpressionIR-errorAccessExpressionIR: p, TC, (`(error. nameIR)` as expressionIR # (( _typeIR _ctk )))

.... Let `nameIR_error` be "error." ++ nameIR

.... Let `value_error` be `$find_value(p, TC, (` nameIR_error))`

.... Result in value_error

.. Case `expressionIR` has type memberAccessExpressionIR
... Let `(memberAccessBaseIR . nameIR)` be `expressionIR` as memberAccessExpressionIR

... If (memberAccessBaseIR matches pattern `TYPE%`), then

.... Let `(type prefixedNameIR)` be memberAccessBaseIR

.... Group accessExpressionIR-memberAccessExpressionIR-type: p, TC, (`((type prefixedNameIR) . nameIR)` as expressionIR # (( typeIR_base _ctk )))

..... Let `typeDefIR'?{typeDefIR' <- typeDefIR'?}` be `$find_type(p, TC, prefixedNameIR)`

..... If (typeDefIR'?{typeDefIR' <- typeDefIR'?} matches pattern (_)), then

...... Let `?(typeDefIR)` be typeDefIR'?{typeDefIR' <- typeDefIR'?}

...... If (`typeDefIR` has type enumTypeIR), then

....... Let `enumTypeIR` be `typeDefIR` as enumTypeIR

....... Case analysis on enumTypeIR
........ Case `enumTypeIR` matches pattern `ENUM%{%}`
......... Let `(enum tid { id_member*{id_member <- id_member*} })` be enumTypeIR

......... If (nameIR is in id_member*{id_member <- id_member*}), then

.......... Result in `(tid . nameIR)` as value

........ Case `enumTypeIR` matches pattern `ENUM%#%{%}`
......... Let `(enum tid # typeIR { (id_member = value_member ;)*{id_member <- id_member*, value_member <- value_member*} })` be enumTypeIR

......... Let `value'?{value' <- value'?}` be `$assoc_<id, value>(nameIR, (id_member, value_member)*{id_member <- id_member*, value_member <- value_member*})`

......... If (value'?{value' <- value'?} matches pattern (_)), then

.......... Let `?(value)` be value'?{value' <- value'?}

.......... Result in `(tid . nameIR # value)` as value

... If (`memberAccessBaseIR` has type typedExpressionIR), then

.... Let `typedExpressionIR_base` be `memberAccessBaseIR` as typedExpressionIR

.... If ((nameIR = "size")), then

..... Group accessExpressionIR-memberAccessExpressionIR-typedExpressionIR-stack-size: p, TC, (`(`typedExpressionIR_base` as memberAccessBaseIR . "size")` as expressionIR # (( _typeIR _ctk )))

...... Let `(_expressionIR # (( typeIR_base _ctk' )))` be typedExpressionIR_base

...... Let `typeIR` be `$canon(typeIR_base)`

...... If (`typeIR` has type headerStackTypeIR), then

....... Let `(_typeIR' [ n_size ])` be `typeIR` as headerStackTypeIR

....... Result in `(d `n_size` as int)` as value

.. Case `expressionIR` has type indexAccessExpressionIR
... Let `indexAccessExpressionIR` be `expressionIR` as indexAccessExpressionIR

... If (indexAccessExpressionIR matches pattern `%[%:%]`), then

.... Let `(typedExpressionIR_base [ typedExpressionIR_hi : typedExpressionIR_lo ])` be indexAccessExpressionIR

.... Group indexAccessExpressionIR-bitslice: p, TC, (`(typedExpressionIR_base [ typedExpressionIR_hi : typedExpressionIR_lo ])` as expressionIR # (( _typeIR _ctk )))

..... Let [`value_base` be the static evaluation of `typedExpressionIR_base`, under cursor `p` and typing context `TC`](Eval_static)

..... Let [`value_hi` be the static evaluation of `typedExpressionIR_hi`, under cursor `p` and typing context `TC`](Eval_static)

..... Let [`value_lo` be the static evaluation of `typedExpressionIR_lo`, under cursor `p` and typing context `TC`](Eval_static)

..... Result in `$bitacc_op(value_base, value_hi, value_lo)`

.. Case `expressionIR` has type callExpressionIR
... Let `callExpressionIR` be `expressionIR` as callExpressionIR

... If (callExpressionIR matches pattern `%<%>(%)`), then

.... Let `(routineTargetIR < typeArgumentIR*{typeArgumentIR <- typeArgumentIR*} >( argumentIR*{argumentIR <- argumentIR*} ))` be callExpressionIR

.... Case analysis on routineTargetIR
..... Case `routineTargetIR` matches pattern `%.%`
...... Let `(typedExpressionIR_base . nameIR)` be routineTargetIR

...... If (typeArgumentIR*{typeArgumentIR <- typeArgumentIR*} matches pattern []), then

....... If (argumentIR*{argumentIR <- argumentIR*} matches pattern []), then

........ Group callExpressionIR-typedExpressionIR-size: p, TC, (`((typedExpressionIR_base . nameIR) < [] >( [] ))` as expressionIR # (( _typeIR _ctk )))

......... Let `(_expressionIR # (( typeIR_base _ctk' )))` be typedExpressionIR_base

......... If (nameIR is in ["minSizeInBits", "minSizeInBytes", "maxSizeInBits", "maxSizeInBytes"]), then

.......... Result in `$sizeof(typeIR_base, nameIR)`

..... Case `routineTargetIR` matches pattern `TYPE%.%`
...... Let `(type prefixedNameIR . nameIR)` be routineTargetIR

...... If (typeArgumentIR*{typeArgumentIR <- typeArgumentIR*} matches pattern []), then

....... If (argumentIR*{argumentIR <- argumentIR*} matches pattern []), then

........ Group callExpressionIR-type: p, TC, (`((type prefixedNameIR . nameIR) < [] >( [] ))` as expressionIR # (( _typeIR _ctk )))

......... Let `typeDefIR'?{typeDefIR' <- typeDefIR'?}` be `$find_type(p, TC, prefixedNameIR)`

......... If (typeDefIR'?{typeDefIR' <- typeDefIR'?} matches pattern (_)), then

.......... Let `?(typeDefIR)` be typeDefIR'?{typeDefIR' <- typeDefIR'?}

.......... Case analysis on typeDefIR
........... Case `typeDefIR` has type typeIR
............ Let `typeIR_base` be `typeDefIR` as typeIR

............ If (nameIR is in ["minSizeInBits", "minSizeInBytes", "maxSizeInBits", "maxSizeInBytes"]), then

............. Result in `$sizeof(typeIR_base, nameIR)`

........... Case `typeDefIR` has type polyTypeDefIR
............ Let `(typeIR_base < tid*{tid <- tid*} , tid'*{tid' <- tid'*} >)` be `typeDefIR` as polyTypeDefIR

............ If (tid*{tid <- tid*} matches pattern []), then

............. If (tid'*{tid' <- tid'*} matches pattern []), then

.............. If (nameIR is in ["minSizeInBits", "minSizeInBytes", "maxSizeInBits", "maxSizeInBytes"]), then

............... Result in `$sizeof(typeIR_base, nameIR)`

..... Case `routineTargetIR` matches pattern `(%)`
...... Let `(( routineTargetIR ))` be routineTargetIR

...... Group callExpressionIR-parenthesized: p, TC, (`((( routineTargetIR )) < typeArgumentIR*{} >( argumentIR*{} ))` as expressionIR # (( typeIR ctk )))

....... Let [`value` be the static evaluation of `(`(routineTargetIR < typeArgumentIR*{typeArgumentIR <- typeArgumentIR*} >( argumentIR*{argumentIR <- argumentIR*} ))` as expressionIR # (( _typeIR'' _ctk'' )))`, under cursor `p` and typing context `TC`](Eval_static)

....... Result in value

.. Case `expressionIR` has type parenthesizedExpressionIR
... Let `(( typedExpressionIR ))` be `expressionIR` as parenthesizedExpressionIR

... Group parenthesizedExpressionIR: p, TC, (`(( typedExpressionIR ))` as expressionIR # (( _typeIR _ctk )))

.... Let [`value` be the static evaluation of `typedExpressionIR`, under cursor `p` and typing context `TC`](Eval_static)

.... Result in value

relation Type_ok: p, TC, typeOrVoid

. Case analysis on typeOrVoid
.. Case `typeOrVoid` has type baseType
... Let `baseType` be `typeOrVoid` as baseType

... Case analysis on baseType
.... Case `baseType` matches pattern `BOOL`
..... Group boolean: p, TC, `(bool)` as typeOrVoid

...... Result in `(bool)` as typeIR, []

.... Case `baseType` matches pattern `ERROR`
..... Group error: p, TC, `(error)` as typeOrVoid

...... Result in `(error)` as typeIR, []

.... Case `baseType` matches pattern `MATCH_KIND`
..... Group matchkind: p, TC, `(match_kind)` as typeOrVoid

...... Result in `(match_kind)` as typeIR, []

.... Case `baseType` matches pattern `STRING`
..... Group string: p, TC, `(string)` as typeOrVoid

...... Result in `(string)` as typeIR, []

.... Case `baseType` matches pattern `INT`
..... Group arbint: p, TC, `(int)` as typeOrVoid

...... Result in `(int)` as typeIR, []

... Group fixint: p, TC, `baseType` as typeOrVoid

.... Case analysis on baseType
..... Case `baseType` matches pattern `INT<%>`
...... Let `(int< int >)` be baseType

...... If (`int` has type nat), then

....... Let `n` be `int` as nat

....... Result in `(int< n >)` as typeIR, []

..... Case `baseType` matches pattern `INT<(%)>`
...... Let `(int<( expression )>)` be baseType

...... Let [`typedExpressionIR` be the result of typing `expression`, under cursor `p` and typing context `TC`](Expr_ok)

...... Let [`value` be the static evaluation of `typedExpressionIR`, under cursor `p` and typing context `TC`](Eval_static)

...... Let `int` be `$to_number(value)`

...... If (`int` has type nat), then

....... Let `n` be `int` as nat

....... Result in `(int< n >)` as typeIR, []

... Group fixbit: p, TC, `baseType` as typeOrVoid

.... Case analysis on baseType
..... Case `baseType` matches pattern `BIT`
...... Result in `(bit< 1 >)` as typeIR, []

..... Case `baseType` matches pattern `BIT<%>`
...... Let `(bit< int >)` be baseType

...... If (`int` has type nat), then

....... Let `n` be `int` as nat

....... Result in `(bit< n >)` as typeIR, []

..... Case `baseType` matches pattern `BIT<(%)>`
...... Let `(bit<( expression )>)` be baseType

...... Let [`typedExpressionIR` be the result of typing `expression`, under cursor `p` and typing context `TC`](Expr_ok)

...... Let [`value` be the static evaluation of `typedExpressionIR`, under cursor `p` and typing context `TC`](Eval_static)

...... Let `int` be `$to_number(value)`

...... If (`int` has type nat), then

....... Let `n` be `int` as nat

....... Result in `(bit< n >)` as typeIR, []

... Group varbit: p, TC, `baseType` as typeOrVoid

.... Case analysis on baseType
..... Case `baseType` matches pattern `VARBIT<%>`
...... Let `(varbit< int >)` be baseType

...... If (`int` has type nat), then

....... Let `n` be `int` as nat

....... Result in `(varbit< n >)` as typeIR, []

..... Case `baseType` matches pattern `VARBIT<(%)>`
...... Let `(varbit<( expression )>)` be baseType

...... Let [`typedExpressionIR` be the result of typing `expression`, under cursor `p` and typing context `TC`](Expr_ok)

...... Let [`value` be the static evaluation of `typedExpressionIR`, under cursor `p` and typing context `TC`](Eval_static)

...... Let `int` be `$to_number(value)`

...... If (`int` has type nat), then

....... Let `n` be `int` as nat

....... Result in `(varbit< n >)` as typeIR, []

.. Case `typeOrVoid` has type prefixedTypeName
... Let `prefixedTypeName` be `typeOrVoid` as prefixedTypeName

... Group prefixedTypeName: p, TC, `prefixedTypeName` as typeOrVoid

.... Let `prefixedNameIR` be `$prefixedTypeName(prefixedTypeName)`

.... Let `typeDefIR'?{typeDefIR' <- typeDefIR'?}` be `$find_type(p, TC, prefixedNameIR)`

.... If (typeDefIR'?{typeDefIR' <- typeDefIR'?} matches pattern (_)), then

..... Let `?(typeDefIR)` be typeDefIR'?{typeDefIR' <- typeDefIR'?}

..... Case analysis on typeDefIR
...... Case `typeDefIR` has type typeIR
....... Let `typeIR` be `typeDefIR` as typeIR

....... Result in typeIR, []

...... Case `typeDefIR` has type polyTypeDefIR
....... Let `polyTypeDefIR` be `typeDefIR` as polyTypeDefIR

....... Result in `(polyTypeDefIR < [] >)` as typeIR, []

.. Case `typeOrVoid` has type specializedType
... Let `(prefixedTypeName < typeArgumentList' >)` be `typeOrVoid` as specializedType

... Group specializedType: p, TC, `(prefixedTypeName < typeArgumentList' >)` as typeOrVoid

.... If (typeArgumentList' matches pattern ``EMPTY`), then

..... Let `prefixedNameIR` be `$prefixedTypeName(prefixedTypeName)`

..... Let `typeDefIR'?{typeDefIR' <- typeDefIR'?}` be `$find_type(p, TC, prefixedNameIR)`

..... If (typeDefIR'?{typeDefIR' <- typeDefIR'?} matches pattern (_)), then

...... Let `?(typeDefIR)` be typeDefIR'?{typeDefIR' <- typeDefIR'?}

...... If (`typeDefIR` has type typeIR), then

....... Let `typeIR` be `typeDefIR` as typeIR

....... Result in typeIR, []

.... Let `prefixedNameIR` be `$prefixedTypeName(prefixedTypeName)`

.... Let `typeDefIR'?{typeDefIR' <- typeDefIR'?}` be `$find_type(p, TC, prefixedNameIR)`

.... If (typeDefIR'?{typeDefIR' <- typeDefIR'?} matches pattern (_)), then

..... Let `?(typeDefIR)` be typeDefIR'?{typeDefIR' <- typeDefIR'?}

..... If (`typeDefIR` has type polyTypeDefIR), then

...... Let `polyTypeDefIR` be `typeDefIR` as polyTypeDefIR

...... Let `(typeIR < tid_expl*{tid_expl <- tid_expl*} , tid_impl*{tid_impl <- tid_impl*} >)` be polyTypeDefIR

...... Let `typeArgument*{typeArgument <- typeArgument*}` be `$flatten_typeArgumentList(typeArgumentList')`

...... (TypeArguments_ok: p TC |- typeArgument*{typeArgument <- typeArgument*} : typeIR_arg*{typeIR_arg <- typeIR_arg*} # tid_fresh*{tid_fresh <- tid_fresh*})

...... Result in `(polyTypeDefIR < typeIR_arg*{typeIR_arg <- typeIR_arg*} >)` as typeIR, tid_fresh*{tid_fresh <- tid_fresh*}

.. Case `typeOrVoid` has type headerStackType
... Let `(namedType [ expression_size ])` be `typeOrVoid` as headerStackType

... Group headerStackType: p, TC, `(namedType [ expression_size ])` as typeOrVoid

.... Case analysis on namedType
..... Case `namedType` has type prefixedTypeName
...... Let `prefixedTypeName` be `namedType` as prefixedTypeName

...... Let [`typeIR_base` be the result of typing ``prefixedTypeName` as typeOrVoid`, under cursor `p` and typing context `TC`,
and `tid*{tid <- tid*}` be the set of inserted type variables](Type_ok)

...... If (tid*{tid <- tid*} matches pattern []), then

....... Let [`typedExpressionIR_size` be the result of typing `expression_size`, under cursor `p` and typing context `TC`](Expr_ok)

....... Let [`value_size` be the static evaluation of `typedExpressionIR_size`, under cursor `p` and typing context `TC`](Eval_static)

....... Let `int` be `$to_number(value_size)`

....... If (`int` has type nat), then

........ Let `n_size` be `int` as nat

........ Let `typeIR_stack` be `(`(tid "T")` as typeIR [ n_size ])` as typeIR

........ Let `polyTypeDefIR_stack` be (typeIR_stack < ["T"] , [] >)

........ Result in `(polyTypeDefIR_stack < [typeIR_base] >)` as typeIR, []

..... Case `namedType` has type specializedType
...... Let `specializedType` be `namedType` as specializedType

...... Let [`typeIR_base` be the result of typing ``specializedType` as typeOrVoid`, under cursor `p` and typing context `TC`,
and `tid_fresh*{tid_fresh <- tid_fresh*}` be the set of inserted type variables](Type_ok)

...... Let [`typedExpressionIR_size` be the result of typing `expression_size`, under cursor `p` and typing context `TC`](Expr_ok)

...... Let [`value_size` be the static evaluation of `typedExpressionIR_size`, under cursor `p` and typing context `TC`](Eval_static)

...... Let `int` be `$to_number(value_size)`

...... If (`int` has type nat), then

....... Let `n_size` be `int` as nat

....... Let `typeIR_stack` be `(`(tid "T")` as typeIR [ n_size ])` as typeIR

....... Let `polyTypeDefIR_stack` be (typeIR_stack < ["T"] , [] >)

....... Result in `(polyTypeDefIR_stack < [typeIR_base] >)` as typeIR, tid_fresh*{tid_fresh <- tid_fresh*}

.. Case `typeOrVoid` has type listType
... Let `(list< typeArgument >)` be `typeOrVoid` as listType

... Group listType: p, TC, `(list< typeArgument >)` as typeOrVoid

.... (TypeArgument_ok: p TC |- typeArgument : typeIR_arg # tid_fresh*{tid_fresh <- tid_fresh*})

.... Let `typeIR_list` be `(list< `(tid "T")` as typeIR >)` as typeIR

.... Let `polyTypeDefIR_list` be (typeIR_list < ["T"] , [] >)

.... Result in `(polyTypeDefIR_list < [typeIR_arg] >)` as typeIR, tid_fresh*{tid_fresh <- tid_fresh*}

.. Case `typeOrVoid` has type tupleType
... Let `(tuple< typeArgumentList >)` be `typeOrVoid` as tupleType

... Group tupleType: p, TC, `(tuple< typeArgumentList >)` as typeOrVoid

.... Let `typeArgument*{typeArgument <- typeArgument*}` be `$flatten_typeArgumentList(typeArgumentList)`

.... (TypeArguments_ok: p TC |- typeArgument*{typeArgument <- typeArgument*} : typeIR_arg*{typeIR_arg <- typeIR_arg*} # tid_fresh*{tid_fresh <- tid_fresh*})

.... Let `i_idx*{i_idx <- i_idx*}` be ``$init_(|typeIR_arg*{typeIR_arg <- typeIR_arg*}|)`` as int*

Let `tid_tparam*` be the list of `tid_tparam`, obtained by repeating:
 .... Let `tid_tparam` be "T" ++ `$int_to_text(i_idx)`
for each `i_idx` in `i_idx*`

.... Let `typeIR_tuple` be `(tuple< `(tid tid_tparam)` as typeIR*{tid_tparam <- tid_tparam*} >)` as typeIR

.... Let `polyTypeDefIR_tuple` be (typeIR_tuple < tid_tparam*{tid_tparam <- tid_tparam*} , [] >)

.... Result in `(polyTypeDefIR_tuple < typeIR_arg*{typeIR_arg <- typeIR_arg*} >)` as typeIR, tid_fresh*{tid_fresh <- tid_fresh*}

. If (typeOrVoid matches pattern `VOID`), then

.. Group void: p, TC, (void)

... Result in `(void)` as typeIR, []

relation TypeArgument_ok: p, TC, typeArgument

. Case analysis on typeArgument
.. Case `typeArgument` has type type
... Let `type` be `typeArgument` as type

... Group type: p, TC, `type` as typeArgument

.... Let [`typeIR` be the result of typing ``type` as typeOrVoid`, under cursor `p` and typing context `TC`,
and `tid_impl*{tid_impl <- tid_impl*}` be the set of inserted type variables](Type_ok)

.... Result in typeIR, tid_impl*{tid_impl <- tid_impl*}

.. Case `typeArgument` has type nonTypeName
... Let `nonTypeName` be `typeArgument` as nonTypeName

... Group nonTypeName: p, TC, `nonTypeName` as typeArgument

.... Let `tid` be `$name(`nonTypeName` as name)`

.... Result in `(tid tid)` as typeArgumentIR, []

. If (`typeArgument` has type realTypeArgument), then

.. Let `realTypeArgument` be `typeArgument` as realTypeArgument

.. Case analysis on realTypeArgument
... Case `realTypeArgument` matches pattern `VOID`
.... Group void: p, TC, `(void)` as typeArgument

..... Result in `(void)` as typeArgumentIR, []

... Case `realTypeArgument` matches pattern `_`
.... Group dontcare: p, TC, `(_)` as typeArgument

..... Let `tid_impl` be `$fresh_tid`

..... Result in `(tid tid_impl)` as typeArgumentIR, [tid_impl]

relation TypeArguments_ok: p, TC, typeArgument*{typeArgument <- typeArgument*}

. Case analysis on typeArgument*{typeArgument <- typeArgument*}
.. Case `typeArgument*{typeArgument <- typeArgument*}` matches pattern []
... Group nil: p, TC, []

.... Result in [], []

.. Case `typeArgument*{typeArgument <- typeArgument*}` matches pattern _ :: _
... Let `typeArgument_h :: typeArgument_t*{typeArgument_t <- typeArgument_t*}` be typeArgument*{typeArgument <- typeArgument*}

... Group cons: p, TC, typeArgument_h :: typeArgument_t*{}

.... (TypeArgument_ok: p TC |- typeArgument_h : typeArgumentIR_h # tid_impl_h*{tid_impl_h <- tid_impl_h*})

.... (TypeArguments_ok: p TC |- typeArgument_t*{typeArgument_t <- typeArgument_t*} : typeArgumentIR_t*{typeArgumentIR_t <- typeArgumentIR_t*} # tid_impl_t*{tid_impl_t <- tid_impl_t*})

.... Let `tid_impl*{tid_impl <- tid_impl*}` be tid_impl_h*{tid_impl_h <- tid_impl_h*} ++ tid_impl_t*{tid_impl_t <- tid_impl_t*}

.... Result in typeArgumentIR_h :: typeArgumentIR_t*{typeArgumentIR_t <- typeArgumentIR_t*}, tid_impl*{tid_impl <- tid_impl*}

relation Sub_expl: typeIR_a, typeIR_b

. Group : typeIR_a, typeIR_b

.. Let `typeIR_a_canon` be `$canon(typeIR_a)`

.. Let `typeIR_b_canon` be `$canon(typeIR_b)`

.. If (Sub_expl_canon: typeIR_a_canon <: typeIR_b_canon) holds, then

... The relation holds

relation Sub_expl_canon: typeIR_a, typeIR_b

. Group equals: typeIR_a, typeIR_b

.. If (Type_alpha: typeIR_a ~~ typeIR_b) holds, then

... The relation holds

. Group not-equals: typeIR_a, typeIR_b

.. If (Type_alpha: typeIR_a ~~ typeIR_b) does not hold, then

... If (Sub_expl_canon_neq: typeIR_a <: typeIR_b) holds, then

.... The relation holds

relation Sub_expl_canon_neq: typeIR'''''', typeIR'''''''

. Case analysis on typeIR''''''
.. Case `typeIR''''''` has type primitiveTypeIR
... Let `primitiveTypeIR` be `typeIR''''''` as primitiveTypeIR

... If (primitiveTypeIR matches pattern `BOOL`), then

.... If ((typeIR''''''' = `(bit< 1 >)` as typeIR)), then

..... Group boolean-fixbit: `(bool)` as typeIR, `(bit< 1 >)` as typeIR

...... The relation holds

.. Case `typeIR''''''` has type numberTypeIR
... Let `numberTypeIR` be `typeIR''''''` as numberTypeIR

... Case analysis on numberTypeIR
.... Case `numberTypeIR` matches pattern `INT`
..... Group arbint: `(int)` as typeIR, typeIR

...... If ((`(bool)` as typeIR = typeIR''''''')), then

....... The relation holds

...... If (`typeIR'''''''` has type numberTypeIR), then

....... Let `numberTypeIR'` be `typeIR'''''''` as numberTypeIR

....... Case analysis on numberTypeIR'
........ Case `numberTypeIR'` matches pattern `INT<%>`
......... Let `(int< _nat >)` be numberTypeIR'

......... The relation holds

........ Case `numberTypeIR'` matches pattern `BIT<%>`
......... Let `(bit< _nat >)` be numberTypeIR'

......... The relation holds

.... Case `numberTypeIR` matches pattern `INT<%>`
..... Let `(int< nat >)` be numberTypeIR

..... If (`typeIR'''''''` has type numberTypeIR), then

...... Let `numberTypeIR` be `typeIR'''''''` as numberTypeIR

...... Group fixint: `(int< nat >)` as typeIR, `numberTypeIR` as typeIR

....... Case analysis on numberTypeIR
........ Case `numberTypeIR` matches pattern `INT`
......... The relation holds

........ Case `numberTypeIR` matches pattern `INT<%>`
......... The relation holds

....... If (((bit< nat >) = numberTypeIR)), then

........ The relation holds

.... Case `numberTypeIR` matches pattern `BIT<%>`
..... Let `(bit< nat >)` be numberTypeIR

..... Group fixbit: `(bit< nat >)` as typeIR, typeIR

...... If ((1 = nat)), then

....... If ((`(bool)` as typeIR = typeIR''''''')), then

........ The relation holds

...... If ((`(int)` as typeIR = typeIR''''''')), then

....... The relation holds

...... If ((`(int< nat >)` as typeIR = typeIR''''''')), then

....... The relation holds

...... If (`typeIR'''''''` has type numberTypeIR), then

....... Let `numberTypeIR` be `typeIR'''''''` as numberTypeIR

....... If (numberTypeIR matches pattern `BIT<%>`), then

........ The relation holds

. Group newtype: typeIR, typeIR'

.. If (`typeIR''''''` has type newTypeIR), then

... Let `(type _tid typeIR_a)` be `typeIR''''''` as newTypeIR

... If (Sub_impl: typeIR_a <: typeIR''''''') holds, then

.... The relation holds

.. If (`typeIR'''''''` has type newTypeIR), then

... Let `(type _tid typeIR_b)` be `typeIR'''''''` as newTypeIR

... If (Sub_impl: typeIR'''''' <: typeIR_b) holds, then

.... The relation holds

. Group serenum: typeIR, typeIR'

.. If (`typeIR''''''` has type enumTypeIR), then

... Let `enumTypeIR` be `typeIR''''''` as enumTypeIR

... If (enumTypeIR matches pattern `ENUM%#%{%}`), then

.... Let `(enum _tid # typeIR_a { _valueFieldIR*{_valueFieldIR <- _valueFieldIR*} })` be enumTypeIR

.... If (Sub_impl: typeIR_a <: typeIR''''''') holds, then

..... The relation holds

.. If (`typeIR'''''''` has type enumTypeIR), then

... Let `enumTypeIR` be `typeIR'''''''` as enumTypeIR

... If (enumTypeIR matches pattern `ENUM%#%{%}`), then

.... Let `(enum _tid # typeIR_b { _valueFieldIR*{_valueFieldIR <- _valueFieldIR*} })` be enumTypeIR

.... If (Sub_impl: typeIR'''''' <: typeIR_b) holds, then

..... The relation holds

. Case analysis on typeIR''''''
.. Case `typeIR''''''` has type defaultTypeIR
... Let `defaultTypeIR` be `typeIR''''''` as defaultTypeIR

... Group default: `(default)` as typeIR, typeIR_b

.... If (`$is_defaultable_typeIR(typeIR''''''')`), then

..... The relation holds

.. Case `typeIR''''''` has type invalidHeaderTypeIR
... Let `invalidHeaderTypeIR` be `typeIR''''''` as invalidHeaderTypeIR

... Group invalidheader: `(header_invalid)` as typeIR, typeIR

.... Case analysis on typeIR'''''''
..... Case `typeIR'''''''` has type headerTypeIR
...... Let `(header _tid { _fieldTypeIR*{_fieldTypeIR <- _fieldTypeIR*} })` be `typeIR'''''''` as headerTypeIR

...... The relation holds

..... Case `typeIR'''''''` has type headerUnionTypeIR
...... Let `(header_union _tid { _fieldTypeIR*{_fieldTypeIR <- _fieldTypeIR*} })` be `typeIR'''''''` as headerUnionTypeIR

...... The relation holds

.. Case `typeIR''''''` has type sequenceTypeIR
... Let `sequenceTypeIR` be `typeIR''''''` as sequenceTypeIR

... Case analysis on sequenceTypeIR
.... Case `sequenceTypeIR` matches pattern `SEQ<%>`
..... Let `(seq< typeIR_a*{typeIR_a <- typeIR_a*} >)` be sequenceTypeIR

..... Group seq: `(seq< typeIR_a*{} >)` as typeIR, typeIR

...... Case analysis on typeIR'''''''
....... Case `typeIR'''''''` has type listTypeIR
........ Let `(list< typeIR_b >)` be `typeIR'''''''` as listTypeIR

........ If (Sub_expl: typeIR_a <: typeIR_b)*{typeIR_a <- typeIR_a*} holds, then

......... The relation holds

....... Case `typeIR'''''''` has type tupleTypeIR
........ Let `(tuple< typeIR_b*{typeIR_b <- typeIR_b*} >)` be `typeIR'''''''` as tupleTypeIR

........ If (Sub_expl: typeIR_a <: typeIR_b)*{typeIR_a <- typeIR_a*, typeIR_b <- typeIR_b*} holds, then

......... The relation holds

....... Case `typeIR'''''''` has type headerStackTypeIR
........ Let `(typeIR_b [ n_size ])` be `typeIR'''''''` as headerStackTypeIR

........ If ((|typeIR_a*{typeIR_a <- typeIR_a*}| <= n_size)), then

......... If (Sub_expl: typeIR_a <: typeIR_b)*{typeIR_a <- typeIR_a*} holds, then

.......... The relation holds

....... Case `typeIR'''''''` has type structTypeIR
........ Let `(struct _tid { (typeIR_b _id ;)*{_id <- _id*, typeIR_b <- typeIR_b*} })` be `typeIR'''''''` as structTypeIR

........ If (Sub_expl: typeIR_a <: typeIR_b)*{typeIR_a <- typeIR_a*, typeIR_b <- typeIR_b*} holds, then

......... The relation holds

....... Case `typeIR'''''''` has type headerTypeIR
........ Let `(header _tid { (typeIR_b _id ;)*{_id <- _id*, typeIR_b <- typeIR_b*} })` be `typeIR'''''''` as headerTypeIR

........ If (Sub_expl: typeIR_a <: typeIR_b)*{typeIR_a <- typeIR_a*, typeIR_b <- typeIR_b*} holds, then

......... The relation holds

.... Case `sequenceTypeIR` matches pattern `SEQ<%,...>`
..... Let `(seq< typeIR_a*{typeIR_a <- typeIR_a*} ,...>)` be sequenceTypeIR

..... Group seqdefault: `(seq< typeIR_a*{} ,...>)` as typeIR, typeIR

...... Case analysis on typeIR'''''''
....... Case `typeIR'''''''` has type tupleTypeIR
........ Let `(tuple< typeIR_b*{typeIR_b <- typeIR_b*} >)` be `typeIR'''''''` as tupleTypeIR

........ If ((|typeIR_a*{typeIR_a <- typeIR_a*}| < |typeIR_b*{typeIR_b <- typeIR_b*}|)), then

......... Let `(typeIR_b_non_default*{typeIR_b_non_default <- typeIR_b_non_default*}, typeIR_b_default*{typeIR_b_default <- typeIR_b_default*})` be `$partition_<typeIR>(typeIR_b*{typeIR_b <- typeIR_b*}, |typeIR_a*{typeIR_a <- typeIR_a*}|)`

......... If (Sub_expl: typeIR_a <: typeIR_b_non_default)*{typeIR_a <- typeIR_a*, typeIR_b_non_default <- typeIR_b_non_default*} holds, then

.......... If (`$is_defaultable_typeIR(typeIR_b_default)`)*{typeIR_b_default <- typeIR_b_default*}, then

........... The relation holds

....... Case `typeIR'''''''` has type headerStackTypeIR
........ Let `(typeIR_b [ n_size ])` be `typeIR'''''''` as headerStackTypeIR

........ If ((|typeIR_a*{typeIR_a <- typeIR_a*}| < n_size)), then

......... If (Sub_expl: typeIR_a <: typeIR_b)*{typeIR_a <- typeIR_a*} holds, then

.......... If (`$is_defaultable_typeIR(typeIR_b)`), then

........... The relation holds

....... Case `typeIR'''''''` has type structTypeIR
........ Let `(struct _tid { (typeIR_b _id ;)*{_id <- _id*, typeIR_b <- typeIR_b*} })` be `typeIR'''''''` as structTypeIR

........ If ((|typeIR_a*{typeIR_a <- typeIR_a*}| < |typeIR_b*{typeIR_b <- typeIR_b*}|)), then

......... Let `(typeIR_b_non_default*{typeIR_b_non_default <- typeIR_b_non_default*}, typeIR_b_default*{typeIR_b_default <- typeIR_b_default*})` be `$partition_<typeIR>(typeIR_b*{typeIR_b <- typeIR_b*}, |typeIR_a*{typeIR_a <- typeIR_a*}|)`

......... If (Sub_expl: typeIR_a <: typeIR_b_non_default)*{typeIR_a <- typeIR_a*, typeIR_b_non_default <- typeIR_b_non_default*} holds, then

.......... If (`$is_defaultable_typeIR(typeIR_b_default)`)*{typeIR_b_default <- typeIR_b_default*}, then

........... The relation holds

....... Case `typeIR'''''''` has type headerTypeIR
........ Let `(header _tid { (typeIR_b _id ;)*{_id <- _id*, typeIR_b <- typeIR_b*} })` be `typeIR'''''''` as headerTypeIR

........ If ((|typeIR_a*{typeIR_a <- typeIR_a*}| < |typeIR_b*{typeIR_b <- typeIR_b*}|)), then

......... Let `(typeIR_b_non_default*{typeIR_b_non_default <- typeIR_b_non_default*}, typeIR_b_default*{typeIR_b_default <- typeIR_b_default*})` be `$partition_<typeIR>(typeIR_b*{typeIR_b <- typeIR_b*}, |typeIR_a*{typeIR_a <- typeIR_a*}|)`

......... If (Sub_expl: typeIR_a <: typeIR_b_non_default)*{typeIR_a <- typeIR_a*, typeIR_b_non_default <- typeIR_b_non_default*} holds, then

.......... If (`$is_defaultable_typeIR(typeIR_b_default)`)*{typeIR_b_default <- typeIR_b_default*}, then

........... The relation holds

.. Case `typeIR''''''` has type recordTypeIR
... Let `recordTypeIR` be `typeIR''''''` as recordTypeIR

... Case analysis on recordTypeIR
.... Case `recordTypeIR` matches pattern `RECORD{%}`
..... Let `(record{ (typeIR_a id_a ;)*{id_a <- id_a*, typeIR_a <- typeIR_a*} })` be recordTypeIR

..... Group record: `(record{ (typeIR_a id_a ;)*{} })` as typeIR, typeIR

...... Case analysis on typeIR'''''''
....... Case `typeIR'''''''` has type structTypeIR
........ Let `(struct _tid { (typeIR_b id_b ;)*{id_b <- id_b*, typeIR_b <- typeIR_b*} })` be `typeIR'''''''` as structTypeIR

........ If (`$eq_set<id>(({ id_a*{id_a <- id_a*} }), ({ id_b*{id_b <- id_b*} }))`), then

Let `typeIR'''?*` be the list of `typeIR'''?`, obtained by repeating:
 ......... Let `typeIR'''?{typeIR''' <- typeIR'''?}` be `$find_map<id, typeIR>(({ (id_a : typeIR_a)*{id_a <- id_a*, typeIR_a <- typeIR_a*} }), id_a)`
for each `id_a` in `id_a*`

......... If (typeIR'''?{typeIR''' <- typeIR'''?} matches pattern (_))*{typeIR'''? <- typeIR'''?*}, then

Let `typeIR_a_aligned*` be the list of `typeIR_a_aligned`, obtained by repeating:
 .......... Let `?(typeIR_a_aligned)` be typeIR'''?{typeIR''' <- typeIR'''?}
for each `typeIR'''?` in `typeIR'''?*`

Let `typeIR''''?*` be the list of `typeIR''''?`, obtained by repeating:
 .......... Let `typeIR''''?{typeIR'''' <- typeIR''''?}` be `$find_map<id, typeIR>(({ (id_b : typeIR_b)*{id_b <- id_b*, typeIR_b <- typeIR_b*} }), id_a)`
for each `id_a` in `id_a*`

.......... If (typeIR''''?{typeIR'''' <- typeIR''''?} matches pattern (_))*{typeIR''''? <- typeIR''''?*}, then

Let `typeIR_b_aligned*` be the list of `typeIR_b_aligned`, obtained by repeating:
 ........... Let `?(typeIR_b_aligned)` be typeIR''''?{typeIR'''' <- typeIR''''?}
for each `typeIR''''?` in `typeIR''''?*`

........... If (Sub_expl: typeIR_a_aligned <: typeIR_b_aligned)*{typeIR_a_aligned <- typeIR_a_aligned*, typeIR_b_aligned <- typeIR_b_aligned*} holds, then

............ The relation holds

....... Case `typeIR'''''''` has type headerTypeIR
........ Let `(header _tid { (typeIR_b id_b ;)*{id_b <- id_b*, typeIR_b <- typeIR_b*} })` be `typeIR'''''''` as headerTypeIR

........ If (`$eq_set<id>(({ id_a*{id_a <- id_a*} }), ({ id_b*{id_b <- id_b*} }))`), then

Let `typeIR'''?*` be the list of `typeIR'''?`, obtained by repeating:
 ......... Let `typeIR'''?{typeIR''' <- typeIR'''?}` be `$find_map<id, typeIR>(({ (id_a : typeIR_a)*{id_a <- id_a*, typeIR_a <- typeIR_a*} }), id_a)`
for each `id_a` in `id_a*`

......... If (typeIR'''?{typeIR''' <- typeIR'''?} matches pattern (_))*{typeIR'''? <- typeIR'''?*}, then

Let `typeIR_a_aligned*` be the list of `typeIR_a_aligned`, obtained by repeating:
 .......... Let `?(typeIR_a_aligned)` be typeIR'''?{typeIR''' <- typeIR'''?}
for each `typeIR'''?` in `typeIR'''?*`

Let `typeIR''''?*` be the list of `typeIR''''?`, obtained by repeating:
 .......... Let `typeIR''''?{typeIR'''' <- typeIR''''?}` be `$find_map<id, typeIR>(({ (id_b : typeIR_b)*{id_b <- id_b*, typeIR_b <- typeIR_b*} }), id_a)`
for each `id_a` in `id_a*`

.......... If (typeIR''''?{typeIR'''' <- typeIR''''?} matches pattern (_))*{typeIR''''? <- typeIR''''?*}, then

Let `typeIR_b_aligned*` be the list of `typeIR_b_aligned`, obtained by repeating:
 ........... Let `?(typeIR_b_aligned)` be typeIR''''?{typeIR'''' <- typeIR''''?}
for each `typeIR''''?` in `typeIR''''?*`

........... If (Sub_expl: typeIR_a_aligned <: typeIR_b_aligned)*{typeIR_a_aligned <- typeIR_a_aligned*, typeIR_b_aligned <- typeIR_b_aligned*} holds, then

............ The relation holds

.... Case `recordTypeIR` matches pattern `RECORD{%,...}`
..... Let `(record{ (typeIR_a id_a ;)*{id_a <- id_a*, typeIR_a <- typeIR_a*} ,...})` be recordTypeIR

..... Group recorddefault: `(record{ (typeIR_a id_a ;)*{} ,...})` as typeIR, typeIR

...... Case analysis on typeIR'''''''
....... Case `typeIR'''''''` has type structTypeIR
........ Let `(struct _tid { (typeIR_b id_b ;)*{id_b <- id_b*, typeIR_b <- typeIR_b*} })` be `typeIR'''''''` as structTypeIR

........ If ([`({ id_a*{id_a <- id_a*} })` is a subset of `({ id_b*{id_b <- id_b*} })`]($sub_set)), then

Let `typeIR'''?*` be the list of `typeIR'''?`, obtained by repeating:
 ......... Let `typeIR'''?{typeIR''' <- typeIR'''?}` be `$find_map<id, typeIR>(({ (id_a : typeIR_a)*{id_a <- id_a*, typeIR_a <- typeIR_a*} }), id_a)`
for each `id_a` in `id_a*`

......... If (typeIR'''?{typeIR''' <- typeIR'''?} matches pattern (_))*{typeIR'''? <- typeIR'''?*}, then

Let `typeIR_a_aligned*` be the list of `typeIR_a_aligned`, obtained by repeating:
 .......... Let `?(typeIR_a_aligned)` be typeIR'''?{typeIR''' <- typeIR'''?}
for each `typeIR'''?` in `typeIR'''?*`

Let `typeIR''''?*` be the list of `typeIR''''?`, obtained by repeating:
 .......... Let `typeIR''''?{typeIR'''' <- typeIR''''?}` be `$find_map<id, typeIR>(({ (id_b : typeIR_b)*{id_b <- id_b*, typeIR_b <- typeIR_b*} }), id_a)`
for each `id_a` in `id_a*`

.......... If (typeIR''''?{typeIR'''' <- typeIR''''?} matches pattern (_))*{typeIR''''? <- typeIR''''?*}, then

Let `typeIR_b_non_default_aligned*` be the list of `typeIR_b_non_default_aligned`, obtained by repeating:
 ........... Let `?(typeIR_b_non_default_aligned)` be typeIR''''?{typeIR'''' <- typeIR''''?}
for each `typeIR''''?` in `typeIR''''?*`

........... If (Sub_expl: typeIR_a_aligned <: typeIR_b_non_default_aligned)*{typeIR_a_aligned <- typeIR_a_aligned*, typeIR_b_non_default_aligned <- typeIR_b_non_default_aligned*} holds, then

............ Let `({ id_default*{id_default <- id_default*} })` be `$diff_set<id>(({ id_b*{id_b <- id_b*} }), ({ id_a*{id_a <- id_a*} }))`

Let `typeIR'''''?*` be the list of `typeIR'''''?`, obtained by repeating:
 ............ Let `typeIR'''''?{typeIR''''' <- typeIR'''''?}` be `$find_map<id, typeIR>(({ (id_b : typeIR_b)*{id_b <- id_b*, typeIR_b <- typeIR_b*} }), id_default)`
for each `id_default` in `id_default*`

............ If (typeIR'''''?{typeIR''''' <- typeIR'''''?} matches pattern (_))*{typeIR'''''? <- typeIR'''''?*}, then

Let `typeIR_b_default*` be the list of `typeIR_b_default`, obtained by repeating:
 ............. Let `?(typeIR_b_default)` be typeIR'''''?{typeIR''''' <- typeIR'''''?}
for each `typeIR'''''?` in `typeIR'''''?*`

............. If (`$is_defaultable_typeIR(typeIR_b_default)`)*{typeIR_b_default <- typeIR_b_default*}, then

.............. The relation holds

....... Case `typeIR'''''''` has type headerTypeIR
........ Let `(header _tid { (typeIR_b id_b ;)*{id_b <- id_b*, typeIR_b <- typeIR_b*} })` be `typeIR'''''''` as headerTypeIR

........ If ([`({ id_a*{id_a <- id_a*} })` is a subset of `({ id_b*{id_b <- id_b*} })`]($sub_set)), then

Let `typeIR'''?*` be the list of `typeIR'''?`, obtained by repeating:
 ......... Let `typeIR'''?{typeIR''' <- typeIR'''?}` be `$find_map<id, typeIR>(({ (id_a : typeIR_a)*{id_a <- id_a*, typeIR_a <- typeIR_a*} }), id_a)`
for each `id_a` in `id_a*`

......... If (typeIR'''?{typeIR''' <- typeIR'''?} matches pattern (_))*{typeIR'''? <- typeIR'''?*}, then

Let `typeIR_a_aligned*` be the list of `typeIR_a_aligned`, obtained by repeating:
 .......... Let `?(typeIR_a_aligned)` be typeIR'''?{typeIR''' <- typeIR'''?}
for each `typeIR'''?` in `typeIR'''?*`

Let `typeIR''''?*` be the list of `typeIR''''?`, obtained by repeating:
 .......... Let `typeIR''''?{typeIR'''' <- typeIR''''?}` be `$find_map<id, typeIR>(({ (id_b : typeIR_b)*{id_b <- id_b*, typeIR_b <- typeIR_b*} }), id_a)`
for each `id_a` in `id_a*`

.......... If (typeIR''''?{typeIR'''' <- typeIR''''?} matches pattern (_))*{typeIR''''? <- typeIR''''?*}, then

Let `typeIR_b_non_default_aligned*` be the list of `typeIR_b_non_default_aligned`, obtained by repeating:
 ........... Let `?(typeIR_b_non_default_aligned)` be typeIR''''?{typeIR'''' <- typeIR''''?}
for each `typeIR''''?` in `typeIR''''?*`

........... If (Sub_expl: typeIR_a_aligned <: typeIR_b_non_default_aligned)*{typeIR_a_aligned <- typeIR_a_aligned*, typeIR_b_non_default_aligned <- typeIR_b_non_default_aligned*} holds, then

............ Let `({ id_default*{id_default <- id_default*} })` be `$diff_set<id>(({ id_b*{id_b <- id_b*} }), ({ id_a*{id_a <- id_a*} }))`

Let `typeIR'''''?*` be the list of `typeIR'''''?`, obtained by repeating:
 ............ Let `typeIR'''''?{typeIR''''' <- typeIR'''''?}` be `$find_map<id, typeIR>(({ (id_b : typeIR_b)*{id_b <- id_b*, typeIR_b <- typeIR_b*} }), id_default)`
for each `id_default` in `id_default*`

............ If (typeIR'''''?{typeIR''''' <- typeIR'''''?} matches pattern (_))*{typeIR'''''? <- typeIR'''''?*}, then

Let `typeIR_b_default*` be the list of `typeIR_b_default`, obtained by repeating:
 ............. Let `?(typeIR_b_default)` be typeIR'''''?{typeIR''''' <- typeIR'''''?}
for each `typeIR'''''?` in `typeIR'''''?*`

............. If (`$is_defaultable_typeIR(typeIR_b_default)`)*{typeIR_b_default <- typeIR_b_default*}, then

.............. The relation holds

. If (`typeIR'''''''` has type setTypeIR), then

.. Let `(set< typeIR'*{typeIR' <- typeIR'*} >)` be `typeIR'''''''` as setTypeIR

.. If (typeIR'*{typeIR' <- typeIR'*} matches pattern [ _/1 ]), then

... Let `[typeIR_b]` be typeIR'*{typeIR' <- typeIR'*}

... Group set: typeIR, `(set< [typeIR_b] >)` as typeIR

.... If (`typeIR''''''` has type setTypeIR), then

..... Let `(set< typeIR'''*{typeIR''' <- typeIR'''*} >)` be `typeIR''''''` as setTypeIR

..... If (typeIR'''*{typeIR''' <- typeIR'''*} matches pattern [ _/1 ]), then

...... Let `[typeIR_a]` be typeIR'''*{typeIR''' <- typeIR'''*}

...... If (Sub_expl: typeIR_a <: typeIR_b) holds, then

....... The relation holds

.... If (~`$is_set_typeIR(typeIR'''''')`), then

..... If (Sub_expl: typeIR'''''' <: typeIR_b) holds, then

...... The relation holds

relation Sub_impl: typeIR_a, typeIR_b

. Group : typeIR_a, typeIR_b

.. Let `typeIR_a_canon` be `$canon(typeIR_a)`

.. Let `typeIR_b_canon` be `$canon(typeIR_b)`

.. If (Sub_impl_canon: typeIR_a_canon <: typeIR_b_canon) holds, then

... The relation holds

relation Sub_impl_canon: typeIR_a, typeIR_b

. Group equals: typeIR_a, typeIR_b

.. If (Type_alpha: typeIR_a ~~ typeIR_b) holds, then

... The relation holds

. Group not-equals: typeIR_a, typeIR_b

.. If (Type_alpha: typeIR_a ~~ typeIR_b) does not hold, then

... If (Sub_impl_canon_neq: typeIR_a <: typeIR_b) holds, then

.... The relation holds

relation Sub_impl_canon_neq: typeIR'''''', typeIR'''''''

. Case analysis on typeIR''''''
.. Case `typeIR''''''` has type numberTypeIR
... Let `numberTypeIR'` be `typeIR''''''` as numberTypeIR

... If (numberTypeIR' matches pattern `INT`), then

.... If (`typeIR'''''''` has type numberTypeIR), then

..... Let `numberTypeIR` be `typeIR'''''''` as numberTypeIR

..... Group arbint: `(int)` as typeIR, `numberTypeIR` as typeIR

...... Case analysis on numberTypeIR
....... Case `numberTypeIR` matches pattern `INT<%>`
........ Let `(int< _nat >)` be numberTypeIR

........ The relation holds

....... Case `numberTypeIR` matches pattern `BIT<%>`
........ Let `(bit< _nat >)` be numberTypeIR

........ The relation holds

.. Case `typeIR''''''` has type enumTypeIR
... Let `enumTypeIR` be `typeIR''''''` as enumTypeIR

... If (enumTypeIR matches pattern `ENUM%#%{%}`), then

.... Let `(enum _tid # typeIR_a { _valueFieldIR*{_valueFieldIR <- _valueFieldIR*} })` be enumTypeIR

.... Group serenum-left: `(enum _tid # typeIR_a { _valueFieldIR*{} })` as typeIR, typeIR_b

..... If (Sub_impl: typeIR_a <: typeIR''''''') holds, then

...... The relation holds

.. Case `typeIR''''''` has type defaultTypeIR
... Let `defaultTypeIR` be `typeIR''''''` as defaultTypeIR

... Group default: `(default)` as typeIR, typeIR_b

.... If (`$is_defaultable_typeIR(typeIR''''''')`), then

..... The relation holds

.. Case `typeIR''''''` has type invalidHeaderTypeIR
... Let `invalidHeaderTypeIR` be `typeIR''''''` as invalidHeaderTypeIR

... Group invalidheader: `(header_invalid)` as typeIR, typeIR

.... Case analysis on typeIR'''''''
..... Case `typeIR'''''''` has type headerTypeIR
...... Let `(header _tid { _fieldTypeIR*{_fieldTypeIR <- _fieldTypeIR*} })` be `typeIR'''''''` as headerTypeIR

...... The relation holds

..... Case `typeIR'''''''` has type headerUnionTypeIR
...... Let `(header_union _tid { _fieldTypeIR*{_fieldTypeIR <- _fieldTypeIR*} })` be `typeIR'''''''` as headerUnionTypeIR

...... The relation holds

.. Case `typeIR''''''` has type sequenceTypeIR
... Let `sequenceTypeIR` be `typeIR''''''` as sequenceTypeIR

... Case analysis on sequenceTypeIR
.... Case `sequenceTypeIR` matches pattern `SEQ<%>`
..... Let `(seq< typeIR_a*{typeIR_a <- typeIR_a*} >)` be sequenceTypeIR

..... Group seq: `(seq< typeIR_a*{} >)` as typeIR, typeIR

...... Case analysis on typeIR'''''''
....... Case `typeIR'''''''` has type listTypeIR
........ Let `(list< typeIR_b >)` be `typeIR'''''''` as listTypeIR

........ If (Sub_impl: typeIR_a <: typeIR_b)*{typeIR_a <- typeIR_a*} holds, then

......... The relation holds

....... Case `typeIR'''''''` has type tupleTypeIR
........ Let `(tuple< typeIR_b*{typeIR_b <- typeIR_b*} >)` be `typeIR'''''''` as tupleTypeIR

........ If (Sub_impl: typeIR_a <: typeIR_b)*{typeIR_a <- typeIR_a*, typeIR_b <- typeIR_b*} holds, then

......... The relation holds

....... Case `typeIR'''''''` has type headerStackTypeIR
........ Let `(typeIR_b [ n_size ])` be `typeIR'''''''` as headerStackTypeIR

........ If ((|typeIR_a*{typeIR_a <- typeIR_a*}| <= n_size)), then

......... If (Sub_impl: typeIR_a <: typeIR_b)*{typeIR_a <- typeIR_a*} holds, then

.......... The relation holds

....... Case `typeIR'''''''` has type structTypeIR
........ Let `(struct _tid { (typeIR_b _id ;)*{_id <- _id*, typeIR_b <- typeIR_b*} })` be `typeIR'''''''` as structTypeIR

........ If (Sub_impl: typeIR_a <: typeIR_b)*{typeIR_a <- typeIR_a*, typeIR_b <- typeIR_b*} holds, then

......... The relation holds

....... Case `typeIR'''''''` has type headerTypeIR
........ Let `(header _tid { (typeIR_b _id ;)*{_id <- _id*, typeIR_b <- typeIR_b*} })` be `typeIR'''''''` as headerTypeIR

........ If (Sub_impl: typeIR_a <: typeIR_b)*{typeIR_a <- typeIR_a*, typeIR_b <- typeIR_b*} holds, then

......... The relation holds

....... Case `typeIR'''''''` has type sequenceTypeIR
........ Let `sequenceTypeIR'` be `typeIR'''''''` as sequenceTypeIR

........ If (sequenceTypeIR' matches pattern `SEQ<%>`), then

......... Let `(seq< typeIR_b*{typeIR_b <- typeIR_b*} >)` be sequenceTypeIR'

......... If (Sub_impl: typeIR_a <: typeIR_b)*{typeIR_a <- typeIR_a*, typeIR_b <- typeIR_b*} holds, then

.......... The relation holds

.... Case `sequenceTypeIR` matches pattern `SEQ<%,...>`
..... Let `(seq< typeIR_a*{typeIR_a <- typeIR_a*} ,...>)` be sequenceTypeIR

..... Group seqdefault: `(seq< typeIR_a*{} ,...>)` as typeIR, typeIR

...... Case analysis on typeIR'''''''
....... Case `typeIR'''''''` has type tupleTypeIR
........ Let `(tuple< typeIR_b*{typeIR_b <- typeIR_b*} >)` be `typeIR'''''''` as tupleTypeIR

........ If ((|typeIR_a*{typeIR_a <- typeIR_a*}| < |typeIR_b*{typeIR_b <- typeIR_b*}|)), then

......... Let `(typeIR_b_non_default*{typeIR_b_non_default <- typeIR_b_non_default*}, typeIR_b_default*{typeIR_b_default <- typeIR_b_default*})` be `$partition_<typeIR>(typeIR_b*{typeIR_b <- typeIR_b*}, |typeIR_a*{typeIR_a <- typeIR_a*}|)`

......... If (Sub_impl: typeIR_a <: typeIR_b_non_default)*{typeIR_a <- typeIR_a*, typeIR_b_non_default <- typeIR_b_non_default*} holds, then

.......... If (`$is_defaultable_typeIR(typeIR_b_default)`)*{typeIR_b_default <- typeIR_b_default*}, then

........... The relation holds

....... Case `typeIR'''''''` has type headerStackTypeIR
........ Let `(typeIR_b [ n_size ])` be `typeIR'''''''` as headerStackTypeIR

........ If ((|typeIR_a*{typeIR_a <- typeIR_a*}| < n_size)), then

......... If (Sub_impl: typeIR_a <: typeIR_b)*{typeIR_a <- typeIR_a*} holds, then

.......... If (`$is_defaultable_typeIR(typeIR_b)`), then

........... The relation holds

....... Case `typeIR'''''''` has type structTypeIR
........ Let `(struct _tid { (typeIR_b _id ;)*{_id <- _id*, typeIR_b <- typeIR_b*} })` be `typeIR'''''''` as structTypeIR

........ If ((|typeIR_a*{typeIR_a <- typeIR_a*}| < |typeIR_b*{typeIR_b <- typeIR_b*}|)), then

......... Let `(typeIR_b_non_default*{typeIR_b_non_default <- typeIR_b_non_default*}, typeIR_b_default*{typeIR_b_default <- typeIR_b_default*})` be `$partition_<typeIR>(typeIR_b*{typeIR_b <- typeIR_b*}, |typeIR_a*{typeIR_a <- typeIR_a*}|)`

......... If (Sub_impl: typeIR_a <: typeIR_b_non_default)*{typeIR_a <- typeIR_a*, typeIR_b_non_default <- typeIR_b_non_default*} holds, then

.......... If (`$is_defaultable_typeIR(typeIR_b_default)`)*{typeIR_b_default <- typeIR_b_default*}, then

........... The relation holds

....... Case `typeIR'''''''` has type headerTypeIR
........ Let `(header _tid { (typeIR_b _id ;)*{_id <- _id*, typeIR_b <- typeIR_b*} })` be `typeIR'''''''` as headerTypeIR

........ If ((|typeIR_a*{typeIR_a <- typeIR_a*}| < |typeIR_b*{typeIR_b <- typeIR_b*}|)), then

......... Let `(typeIR_b_non_default*{typeIR_b_non_default <- typeIR_b_non_default*}, typeIR_b_default*{typeIR_b_default <- typeIR_b_default*})` be `$partition_<typeIR>(typeIR_b*{typeIR_b <- typeIR_b*}, |typeIR_a*{typeIR_a <- typeIR_a*}|)`

......... If (Sub_impl: typeIR_a <: typeIR_b_non_default)*{typeIR_a <- typeIR_a*, typeIR_b_non_default <- typeIR_b_non_default*} holds, then

.......... If (`$is_defaultable_typeIR(typeIR_b_default)`)*{typeIR_b_default <- typeIR_b_default*}, then

........... The relation holds

.. Case `typeIR''''''` has type recordTypeIR
... Let `recordTypeIR` be `typeIR''''''` as recordTypeIR

... Case analysis on recordTypeIR
.... Case `recordTypeIR` matches pattern `RECORD{%}`
..... Let `(record{ (typeIR_a id_a ;)*{id_a <- id_a*, typeIR_a <- typeIR_a*} })` be recordTypeIR

..... Group record: `(record{ (typeIR_a id_a ;)*{} })` as typeIR, typeIR

...... Case analysis on typeIR'''''''
....... Case `typeIR'''''''` has type structTypeIR
........ Let `(struct _tid { (typeIR_b id_b ;)*{id_b <- id_b*, typeIR_b <- typeIR_b*} })` be `typeIR'''''''` as structTypeIR

........ If (`$eq_set<id>(({ id_a*{id_a <- id_a*} }), ({ id_b*{id_b <- id_b*} }))`), then

Let `typeIR'''?*` be the list of `typeIR'''?`, obtained by repeating:
 ......... Let `typeIR'''?{typeIR''' <- typeIR'''?}` be `$find_map<id, typeIR>(({ (id_a : typeIR_a)*{id_a <- id_a*, typeIR_a <- typeIR_a*} }), id_a)`
for each `id_a` in `id_a*`

......... If (typeIR'''?{typeIR''' <- typeIR'''?} matches pattern (_))*{typeIR'''? <- typeIR'''?*}, then

Let `typeIR_a_aligned*` be the list of `typeIR_a_aligned`, obtained by repeating:
 .......... Let `?(typeIR_a_aligned)` be typeIR'''?{typeIR''' <- typeIR'''?}
for each `typeIR'''?` in `typeIR'''?*`

Let `typeIR''''?*` be the list of `typeIR''''?`, obtained by repeating:
 .......... Let `typeIR''''?{typeIR'''' <- typeIR''''?}` be `$find_map<id, typeIR>(({ (id_b : typeIR_b)*{id_b <- id_b*, typeIR_b <- typeIR_b*} }), id_a)`
for each `id_a` in `id_a*`

.......... If (typeIR''''?{typeIR'''' <- typeIR''''?} matches pattern (_))*{typeIR''''? <- typeIR''''?*}, then

Let `typeIR_b_aligned*` be the list of `typeIR_b_aligned`, obtained by repeating:
 ........... Let `?(typeIR_b_aligned)` be typeIR''''?{typeIR'''' <- typeIR''''?}
for each `typeIR''''?` in `typeIR''''?*`

........... If (Sub_impl: typeIR_a_aligned <: typeIR_b_aligned)*{typeIR_a_aligned <- typeIR_a_aligned*, typeIR_b_aligned <- typeIR_b_aligned*} holds, then

............ The relation holds

....... Case `typeIR'''''''` has type headerTypeIR
........ Let `(header _tid { (typeIR_b id_b ;)*{id_b <- id_b*, typeIR_b <- typeIR_b*} })` be `typeIR'''''''` as headerTypeIR

........ If (`$eq_set<id>(({ id_a*{id_a <- id_a*} }), ({ id_b*{id_b <- id_b*} }))`), then

Let `typeIR'''?*` be the list of `typeIR'''?`, obtained by repeating:
 ......... Let `typeIR'''?{typeIR''' <- typeIR'''?}` be `$find_map<id, typeIR>(({ (id_a : typeIR_a)*{id_a <- id_a*, typeIR_a <- typeIR_a*} }), id_a)`
for each `id_a` in `id_a*`

......... If (typeIR'''?{typeIR''' <- typeIR'''?} matches pattern (_))*{typeIR'''? <- typeIR'''?*}, then

Let `typeIR_a_aligned*` be the list of `typeIR_a_aligned`, obtained by repeating:
 .......... Let `?(typeIR_a_aligned)` be typeIR'''?{typeIR''' <- typeIR'''?}
for each `typeIR'''?` in `typeIR'''?*`

Let `typeIR''''?*` be the list of `typeIR''''?`, obtained by repeating:
 .......... Let `typeIR''''?{typeIR'''' <- typeIR''''?}` be `$find_map<id, typeIR>(({ (id_b : typeIR_b)*{id_b <- id_b*, typeIR_b <- typeIR_b*} }), id_a)`
for each `id_a` in `id_a*`

.......... If (typeIR''''?{typeIR'''' <- typeIR''''?} matches pattern (_))*{typeIR''''? <- typeIR''''?*}, then

Let `typeIR_b_aligned*` be the list of `typeIR_b_aligned`, obtained by repeating:
 ........... Let `?(typeIR_b_aligned)` be typeIR''''?{typeIR'''' <- typeIR''''?}
for each `typeIR''''?` in `typeIR''''?*`

........... If (Sub_impl: typeIR_a_aligned <: typeIR_b_aligned)*{typeIR_a_aligned <- typeIR_a_aligned*, typeIR_b_aligned <- typeIR_b_aligned*} holds, then

............ The relation holds

.... Case `recordTypeIR` matches pattern `RECORD{%,...}`
..... Let `(record{ (typeIR_a id_a ;)*{id_a <- id_a*, typeIR_a <- typeIR_a*} ,...})` be recordTypeIR

..... Group recorddefault: `(record{ (typeIR_a id_a ;)*{} ,...})` as typeIR, typeIR

...... Case analysis on typeIR'''''''
....... Case `typeIR'''''''` has type structTypeIR
........ Let `(struct _tid { (typeIR_b id_b ;)*{id_b <- id_b*, typeIR_b <- typeIR_b*} })` be `typeIR'''''''` as structTypeIR

........ If ([`({ id_a*{id_a <- id_a*} })` is a subset of `({ id_b*{id_b <- id_b*} })`]($sub_set)), then

Let `typeIR'''?*` be the list of `typeIR'''?`, obtained by repeating:
 ......... Let `typeIR'''?{typeIR''' <- typeIR'''?}` be `$find_map<id, typeIR>(({ (id_a : typeIR_a)*{id_a <- id_a*, typeIR_a <- typeIR_a*} }), id_a)`
for each `id_a` in `id_a*`

......... If (typeIR'''?{typeIR''' <- typeIR'''?} matches pattern (_))*{typeIR'''? <- typeIR'''?*}, then

Let `typeIR_a_aligned*` be the list of `typeIR_a_aligned`, obtained by repeating:
 .......... Let `?(typeIR_a_aligned)` be typeIR'''?{typeIR''' <- typeIR'''?}
for each `typeIR'''?` in `typeIR'''?*`

Let `typeIR''''?*` be the list of `typeIR''''?`, obtained by repeating:
 .......... Let `typeIR''''?{typeIR'''' <- typeIR''''?}` be `$find_map<id, typeIR>(({ (id_b : typeIR_b)*{id_b <- id_b*, typeIR_b <- typeIR_b*} }), id_a)`
for each `id_a` in `id_a*`

.......... If (typeIR''''?{typeIR'''' <- typeIR''''?} matches pattern (_))*{typeIR''''? <- typeIR''''?*}, then

Let `typeIR_b_non_default_aligned*` be the list of `typeIR_b_non_default_aligned`, obtained by repeating:
 ........... Let `?(typeIR_b_non_default_aligned)` be typeIR''''?{typeIR'''' <- typeIR''''?}
for each `typeIR''''?` in `typeIR''''?*`

........... If (Sub_impl: typeIR_a_aligned <: typeIR_b_non_default_aligned)*{typeIR_a_aligned <- typeIR_a_aligned*, typeIR_b_non_default_aligned <- typeIR_b_non_default_aligned*} holds, then

............ Let `({ id_default*{id_default <- id_default*} })` be `$diff_set<id>(({ id_b*{id_b <- id_b*} }), ({ id_a*{id_a <- id_a*} }))`

Let `typeIR'''''?*` be the list of `typeIR'''''?`, obtained by repeating:
 ............ Let `typeIR'''''?{typeIR''''' <- typeIR'''''?}` be `$find_map<id, typeIR>(({ (id_b : typeIR_b)*{id_b <- id_b*, typeIR_b <- typeIR_b*} }), id_default)`
for each `id_default` in `id_default*`

............ If (typeIR'''''?{typeIR''''' <- typeIR'''''?} matches pattern (_))*{typeIR'''''? <- typeIR'''''?*}, then

Let `typeIR_b_default*` be the list of `typeIR_b_default`, obtained by repeating:
 ............. Let `?(typeIR_b_default)` be typeIR'''''?{typeIR''''' <- typeIR'''''?}
for each `typeIR'''''?` in `typeIR'''''?*`

............. If (`$is_defaultable_typeIR(typeIR_b_default)`)*{typeIR_b_default <- typeIR_b_default*}, then

.............. The relation holds

....... Case `typeIR'''''''` has type headerTypeIR
........ Let `(header _tid { (typeIR_b id_b ;)*{id_b <- id_b*, typeIR_b <- typeIR_b*} })` be `typeIR'''''''` as headerTypeIR

........ If ([`({ id_a*{id_a <- id_a*} })` is a subset of `({ id_b*{id_b <- id_b*} })`]($sub_set)), then

Let `typeIR'''?*` be the list of `typeIR'''?`, obtained by repeating:
 ......... Let `typeIR'''?{typeIR''' <- typeIR'''?}` be `$find_map<id, typeIR>(({ (id_a : typeIR_a)*{id_a <- id_a*, typeIR_a <- typeIR_a*} }), id_a)`
for each `id_a` in `id_a*`

......... If (typeIR'''?{typeIR''' <- typeIR'''?} matches pattern (_))*{typeIR'''? <- typeIR'''?*}, then

Let `typeIR_a_aligned*` be the list of `typeIR_a_aligned`, obtained by repeating:
 .......... Let `?(typeIR_a_aligned)` be typeIR'''?{typeIR''' <- typeIR'''?}
for each `typeIR'''?` in `typeIR'''?*`

Let `typeIR''''?*` be the list of `typeIR''''?`, obtained by repeating:
 .......... Let `typeIR''''?{typeIR'''' <- typeIR''''?}` be `$find_map<id, typeIR>(({ (id_b : typeIR_b)*{id_b <- id_b*, typeIR_b <- typeIR_b*} }), id_a)`
for each `id_a` in `id_a*`

.......... If (typeIR''''?{typeIR'''' <- typeIR''''?} matches pattern (_))*{typeIR''''? <- typeIR''''?*}, then

Let `typeIR_b_non_default_aligned*` be the list of `typeIR_b_non_default_aligned`, obtained by repeating:
 ........... Let `?(typeIR_b_non_default_aligned)` be typeIR''''?{typeIR'''' <- typeIR''''?}
for each `typeIR''''?` in `typeIR''''?*`

........... If (Sub_impl: typeIR_a_aligned <: typeIR_b_non_default_aligned)*{typeIR_a_aligned <- typeIR_a_aligned*, typeIR_b_non_default_aligned <- typeIR_b_non_default_aligned*} holds, then

............ Let `({ id_default*{id_default <- id_default*} })` be `$diff_set<id>(({ id_b*{id_b <- id_b*} }), ({ id_a*{id_a <- id_a*} }))`

Let `typeIR'''''?*` be the list of `typeIR'''''?`, obtained by repeating:
 ............ Let `typeIR'''''?{typeIR''''' <- typeIR'''''?}` be `$find_map<id, typeIR>(({ (id_b : typeIR_b)*{id_b <- id_b*, typeIR_b <- typeIR_b*} }), id_default)`
for each `id_default` in `id_default*`

............ If (typeIR'''''?{typeIR''''' <- typeIR'''''?} matches pattern (_))*{typeIR'''''? <- typeIR'''''?*}, then

Let `typeIR_b_default*` be the list of `typeIR_b_default`, obtained by repeating:
 ............. Let `?(typeIR_b_default)` be typeIR'''''?{typeIR''''' <- typeIR'''''?}
for each `typeIR'''''?` in `typeIR'''''?*`

............. If (`$is_defaultable_typeIR(typeIR_b_default)`)*{typeIR_b_default <- typeIR_b_default*}, then

.............. The relation holds

relation Expr_ok: p, TC, expression'''

. Case analysis on expression'''
.. Case `expression'''` has type booleanLiteral
... Let `booleanLiteral` be `expression'''` as booleanLiteral

... Group literalExpression-boolean: p, TC, `booleanLiteral` as expression

.... Case analysis on booleanLiteral
..... Case `booleanLiteral` matches pattern `TRUE`
...... Let `expressionNoteIR` be (( `(bool)` as typeIR (lctk) ))

...... Result in (`(true)` as expressionIR # expressionNoteIR)

..... Case `booleanLiteral` matches pattern `FALSE`
...... Let `expressionNoteIR` be (( `(bool)` as typeIR (lctk) ))

...... Result in (`(false)` as expressionIR # expressionNoteIR)

.. Case `expression'''` has type numberLiteral
... Let `numberLiteral` be `expression'''` as numberLiteral

... Group literalExpression-number: p, TC, `numberLiteral` as expression

.... Case analysis on numberLiteral
..... Case `numberLiteral` matches pattern `D%`
...... Let `(d i)` be numberLiteral

...... Let `expressionNoteIR` be (( `(int)` as typeIR (lctk) ))

...... Result in (`(d i)` as expressionIR # expressionNoteIR)

..... Case `numberLiteral` matches pattern `%S%`
...... Let `(n s i)` be numberLiteral

...... Let `expressionNoteIR` be (( `(int< n >)` as typeIR (lctk) ))

...... Result in (`(n s i)` as expressionIR # expressionNoteIR)

..... Case `numberLiteral` matches pattern `%W%`
...... Let `(n w i)` be numberLiteral

...... Let `expressionNoteIR` be (( `(bit< n >)` as typeIR (lctk) ))

...... Result in (`(n w i)` as expressionIR # expressionNoteIR)

.. Case `expression'''` has type stringLiteral
... Let `(" text ")` be `expression'''` as stringLiteral

... Group literalExpression-stringliteral: p, TC, `(" text ")` as expression

.... Let `expressionNoteIR` be (( `(string)` as typeIR (lctk) ))

.... Result in (`(" text ")` as expressionIR # expressionNoteIR)

. Group referenceExpression: p, TC, expression

.. If (`expression'''` has type prefixedNonTypeName), then

... Let `prefixedNonTypeName` be `expression'''` as prefixedNonTypeName

... Let `prefixedNameIR` be `$prefixedNonTypeName(prefixedNonTypeName)`

... Let `varTypeIR?{varTypeIR <- varTypeIR?}` be `$find_var(p, TC, prefixedNameIR)`

... If (varTypeIR?{varTypeIR <- varTypeIR?} matches pattern (_)), then

.... Let `?((_direction typeIR ctk _value?{_value <- _value?}))` be varTypeIR?{varTypeIR <- varTypeIR?}

.... Let `expressionNoteIR` be (( typeIR ctk ))

.... Result in (`prefixedNameIR` as expressionIR # expressionNoteIR)

.. If ((`(this)` as expression = expression''')), then

... Let `prefixedNameIR` be (` "this")

... Let `varTypeIR?{varTypeIR <- varTypeIR?}` be `$find_var(p, TC, prefixedNameIR)`

... If (varTypeIR?{varTypeIR <- varTypeIR?} matches pattern (_)), then

.... Let `?((_direction typeIR ctk _value?{_value <- _value?}))` be varTypeIR?{varTypeIR <- varTypeIR?}

.... Let `expressionNoteIR` be (( typeIR ctk ))

.... Result in (`prefixedNameIR` as expressionIR # expressionNoteIR)

. Case analysis on expression'''
.. Case `expression'''` has type defaultExpression
... Let `defaultExpression` be `expression'''` as defaultExpression

... Group defaultExpression: p, TC, `(...)` as expression

.... Let `expressionNoteIR` be (( `(default)` as typeIR (lctk) ))

.... Result in (`(...)` as expressionIR # expressionNoteIR)

.. Case `expression'''` has type unaryExpression
... Let `(unop expression)` be `expression'''` as unaryExpression

... Case analysis on unop
.... Case `unop` matches pattern `!`
..... Group unaryExpression-lnot: p, TC, `((!) expression)` as expression

...... Let [`typedExpressionIR` be the result of typing `expression`, under cursor `p` and typing context `TC`](Expr_ok)

...... Let `typedExpressionIR'?{typedExpressionIR' <- typedExpressionIR'?}` be `$reduce_serenum_unary(typedExpressionIR, $compat_lnot)`

...... If (typedExpressionIR'?{typedExpressionIR' <- typedExpressionIR'?} matches pattern (_)), then

....... Let `?(typedExpressionIR_reduced)` be typedExpressionIR'?{typedExpressionIR' <- typedExpressionIR'?}

....... Let `(_expressionIR # expressionNoteIR)` be typedExpressionIR_reduced

....... Result in (`((!) typedExpressionIR_reduced)` as expressionIR # expressionNoteIR)

.... Case `unop` matches pattern `~`
..... Group unaryExpression-bnot: p, TC, `((~) expression)` as expression

...... Let [`typedExpressionIR` be the result of typing `expression`, under cursor `p` and typing context `TC`](Expr_ok)

...... Let `typedExpressionIR'?{typedExpressionIR' <- typedExpressionIR'?}` be `$reduce_serenum_unary(typedExpressionIR, $compat_bnot)`

...... If (typedExpressionIR'?{typedExpressionIR' <- typedExpressionIR'?} matches pattern (_)), then

....... Let `?(typedExpressionIR_reduced)` be typedExpressionIR'?{typedExpressionIR' <- typedExpressionIR'?}

....... Let `(_expressionIR # expressionNoteIR)` be typedExpressionIR_reduced

....... Result in (`((~) typedExpressionIR_reduced)` as expressionIR # expressionNoteIR)

... Group unaryExpression-uplusminus: p, TC, `(unop expression)` as expression

.... Case analysis on unop
..... Case `unop` matches pattern `+`
...... Let [`typedExpressionIR` be the result of typing `expression`, under cursor `p` and typing context `TC`](Expr_ok)

...... Let `typedExpressionIR'?{typedExpressionIR' <- typedExpressionIR'?}` be `$reduce_serenum_unary(typedExpressionIR, $compat_uplusminus)`

...... If (typedExpressionIR'?{typedExpressionIR' <- typedExpressionIR'?} matches pattern (_)), then

....... Let `?(typedExpressionIR_reduced)` be typedExpressionIR'?{typedExpressionIR' <- typedExpressionIR'?}

....... Let `(_expressionIR # expressionNoteIR)` be typedExpressionIR_reduced

....... Result in (`(unop typedExpressionIR_reduced)` as expressionIR # expressionNoteIR)

..... Case `unop` matches pattern `-`
...... Let [`typedExpressionIR` be the result of typing `expression`, under cursor `p` and typing context `TC`](Expr_ok)

...... Let `typedExpressionIR'?{typedExpressionIR' <- typedExpressionIR'?}` be `$reduce_serenum_unary(typedExpressionIR, $compat_uplusminus)`

...... If (typedExpressionIR'?{typedExpressionIR' <- typedExpressionIR'?} matches pattern (_)), then

....... Let `?(typedExpressionIR_reduced)` be typedExpressionIR'?{typedExpressionIR' <- typedExpressionIR'?}

....... Let `(_expressionIR # expressionNoteIR)` be typedExpressionIR_reduced

....... Result in (`(unop typedExpressionIR_reduced)` as expressionIR # expressionNoteIR)

.. Case `expression'''` has type binaryExpression
... Let `(expression_l binop expression_r)` be `expression'''` as binaryExpression

... Group binaryExpression-plusminusmult: p, TC, `(expression_l binop expression_r)` as expression

.... If (binop is in [(+), (-), (*)]), then

..... Let [`typedExpressionIR_l` be the result of typing `expression_l`, under cursor `p` and typing context `TC`](Expr_ok)

..... Let [`typedExpressionIR_r` be the result of typing `expression_r`, under cursor `p` and typing context `TC`](Expr_ok)

..... Let `(typedExpressionIR, typedExpressionIR)?{(typedExpressionIR, typedExpressionIR) <- (typedExpressionIR, typedExpressionIR)?}` be `$coerce_binary(typedExpressionIR_l, typedExpressionIR_r)`

..... If ((typedExpressionIR, typedExpressionIR)?{(typedExpressionIR, typedExpressionIR) <- (typedExpressionIR, typedExpressionIR)?} matches pattern (_)), then

...... Let `?((typedExpressionIR_l_cast, typedExpressionIR_r_cast))` be (typedExpressionIR, typedExpressionIR)?{(typedExpressionIR, typedExpressionIR) <- (typedExpressionIR, typedExpressionIR)?}

...... Let `(typedExpressionIR, typedExpressionIR)'?{(typedExpressionIR, typedExpressionIR)' <- (typedExpressionIR, typedExpressionIR)'?}` be `$reduce_serenum_binary(typedExpressionIR_l_cast, typedExpressionIR_r_cast, $compat_plusminusmult)`

...... If ((typedExpressionIR, typedExpressionIR)'?{(typedExpressionIR, typedExpressionIR)' <- (typedExpressionIR, typedExpressionIR)'?} matches pattern (_)), then

....... Let `?((typedExpressionIR_l_reduced, typedExpressionIR_r_reduced))` be (typedExpressionIR, typedExpressionIR)'?{(typedExpressionIR, typedExpressionIR)' <- (typedExpressionIR, typedExpressionIR)'?}

....... Let `(_expressionIR # (( typeIR_reduced ctk_l_reduced )))` be typedExpressionIR_l_reduced

....... Let `(_expressionIR' # (( _typeIR ctk_r_reduced )))` be typedExpressionIR_r_reduced

....... Let `ctk_reduced` be `$join_ctk(ctk_l_reduced, ctk_r_reduced)`

....... Let `expressionNoteIR` be (( typeIR_reduced ctk_reduced ))

....... Result in (`(typedExpressionIR_l_reduced binop typedExpressionIR_r_reduced)` as expressionIR # expressionNoteIR)

... Group binaryExpression-satplusminus: p, TC, `(expression_l binop expression_r)` as expression

.... If (binop is in [(|+|), (|-|)]), then

..... Let [`typedExpressionIR_l` be the result of typing `expression_l`, under cursor `p` and typing context `TC`](Expr_ok)

..... Let [`typedExpressionIR_r` be the result of typing `expression_r`, under cursor `p` and typing context `TC`](Expr_ok)

..... Let `(typedExpressionIR, typedExpressionIR)?{(typedExpressionIR, typedExpressionIR) <- (typedExpressionIR, typedExpressionIR)?}` be `$coerce_binary(typedExpressionIR_l, typedExpressionIR_r)`

..... If ((typedExpressionIR, typedExpressionIR)?{(typedExpressionIR, typedExpressionIR) <- (typedExpressionIR, typedExpressionIR)?} matches pattern (_)), then

...... Let `?((typedExpressionIR_l_cast, typedExpressionIR_r_cast))` be (typedExpressionIR, typedExpressionIR)?{(typedExpressionIR, typedExpressionIR) <- (typedExpressionIR, typedExpressionIR)?}

...... Let `(typedExpressionIR, typedExpressionIR)'?{(typedExpressionIR, typedExpressionIR)' <- (typedExpressionIR, typedExpressionIR)'?}` be `$reduce_serenum_binary(typedExpressionIR_l_cast, typedExpressionIR_r_cast, $compat_satplusminus)`

...... If ((typedExpressionIR, typedExpressionIR)'?{(typedExpressionIR, typedExpressionIR)' <- (typedExpressionIR, typedExpressionIR)'?} matches pattern (_)), then

....... Let `?((typedExpressionIR_l_reduced, typedExpressionIR_r_reduced))` be (typedExpressionIR, typedExpressionIR)'?{(typedExpressionIR, typedExpressionIR)' <- (typedExpressionIR, typedExpressionIR)'?}

....... Let `(_expressionIR # (( typeIR_reduced ctk_l_reduced )))` be typedExpressionIR_l_reduced

....... Let `(_expressionIR' # (( _typeIR ctk_r_reduced )))` be typedExpressionIR_r_reduced

....... Let `ctk_reduced` be `$join_ctk(ctk_l_reduced, ctk_r_reduced)`

....... Let `expressionNoteIR` be (( typeIR_reduced ctk_reduced ))

....... Result in (`(typedExpressionIR_l_reduced binop typedExpressionIR_r_reduced)` as expressionIR # expressionNoteIR)

... Group binaryExpression-divmod: p, TC, `(expression_l binop expression_r)` as expression

.... If (binop is in [(/), (%)]), then

..... Let [`typedExpressionIR_l` be the result of typing `expression_l`, under cursor `p` and typing context `TC`](Expr_ok)

..... Let [`typedExpressionIR_r` be the result of typing `expression_r`, under cursor `p` and typing context `TC`](Expr_ok)

..... Let `(typedExpressionIR, typedExpressionIR)?{(typedExpressionIR, typedExpressionIR) <- (typedExpressionIR, typedExpressionIR)?}` be `$coerce_binary(typedExpressionIR_l, typedExpressionIR_r)`

..... If ((typedExpressionIR, typedExpressionIR)?{(typedExpressionIR, typedExpressionIR) <- (typedExpressionIR, typedExpressionIR)?} matches pattern (_)), then

...... Let `?((typedExpressionIR_l_cast, typedExpressionIR_r_cast))` be (typedExpressionIR, typedExpressionIR)?{(typedExpressionIR, typedExpressionIR) <- (typedExpressionIR, typedExpressionIR)?}

...... Let `(typedExpressionIR, typedExpressionIR)'?{(typedExpressionIR, typedExpressionIR)' <- (typedExpressionIR, typedExpressionIR)'?}` be `$reduce_serenum_binary(typedExpressionIR_l_cast, typedExpressionIR_r_cast, $compat_divmod)`

...... If ((typedExpressionIR, typedExpressionIR)'?{(typedExpressionIR, typedExpressionIR)' <- (typedExpressionIR, typedExpressionIR)'?} matches pattern (_)), then

....... Let `?((typedExpressionIR_l_reduced, typedExpressionIR_r_reduced))` be (typedExpressionIR, typedExpressionIR)'?{(typedExpressionIR, typedExpressionIR)' <- (typedExpressionIR, typedExpressionIR)'?}

....... Let `(_expressionIR # (( typeIR_reduced ctk_l_reduced )))` be typedExpressionIR_l_reduced

....... Let `(_expressionIR' # (( _typeIR ctk_r_reduced )))` be typedExpressionIR_r_reduced

....... Case analysis on ctk_r_reduced matches pattern `LCTK`
........ Case true
......... Let [`value_r` be the static evaluation of `typedExpressionIR_r_reduced`, under cursor `p` and typing context `TC`](Eval_static)

......... Let `int` be `$to_number(value_r)`

......... If (`int` has type nat), then

.......... Let `n_r` be `int` as nat

.......... If ((n_r > 0)), then

........... Let `ctk_reduced` be `$join_ctk(ctk_l_reduced, ctk_r_reduced)`

........... Let `expressionNoteIR` be (( typeIR_reduced ctk_reduced ))

........... Result in (`(typedExpressionIR_l_reduced binop typedExpressionIR_r_reduced)` as expressionIR # expressionNoteIR)

........ Case false
......... Let `ctk_reduced` be `$join_ctk(ctk_l_reduced, ctk_r_reduced)`

......... Let `expressionNoteIR` be (( typeIR_reduced ctk_reduced ))

......... Result in (`(typedExpressionIR_l_reduced binop typedExpressionIR_r_reduced)` as expressionIR # expressionNoteIR)

... Group binaryExpression-shift: p, TC, `(expression_l binop expression_r)` as expression

.... If (binop is in [(<<), (>>)]), then

..... Let [`typedExpressionIR_l` be the result of typing `expression_l`, under cursor `p` and typing context `TC`](Expr_ok)

..... Let [`typedExpressionIR_r` be the result of typing `expression_r`, under cursor `p` and typing context `TC`](Expr_ok)

..... Let `(typedExpressionIR, typedExpressionIR)?{(typedExpressionIR, typedExpressionIR) <- (typedExpressionIR, typedExpressionIR)?}` be `$reduce_serenum_binary(typedExpressionIR_l, typedExpressionIR_r, $compat_shift)`

..... If ((typedExpressionIR, typedExpressionIR)?{(typedExpressionIR, typedExpressionIR) <- (typedExpressionIR, typedExpressionIR)?} matches pattern (_)), then

...... Let `?((typedExpressionIR_l_reduced, typedExpressionIR_r_reduced))` be (typedExpressionIR, typedExpressionIR)?{(typedExpressionIR, typedExpressionIR) <- (typedExpressionIR, typedExpressionIR)?}

...... Let `(_expressionIR # (( typeIR_l_reduced ctk_l_reduced )))` be typedExpressionIR_l_reduced

...... Let `(_expressionIR' # (( typeIR_r_reduced ctk_r_reduced )))` be typedExpressionIR_r_reduced

...... If (`$is_fixed_bit_typeIR(typeIR_r_reduced)`), then

....... Let `ctk_reduced` be `$join_ctk(ctk_l_reduced, ctk_r_reduced)`

....... Let `expressionNoteIR` be (( typeIR_l_reduced ctk_reduced ))

....... Result in (`(typedExpressionIR_l_reduced binop typedExpressionIR_r_reduced)` as expressionIR # expressionNoteIR)

...... If (ctk_r_reduced matches pattern `LCTK`), then

....... If (`$is_arbitrary_int_typeIR(typeIR_r_reduced)`), then

........ Let `ctk_reduced` be `$join_ctk(ctk_l_reduced, ctk_r_reduced)`

........ Let `expressionNoteIR` be (( typeIR_l_reduced ctk_reduced ))

........ Result in (`(typedExpressionIR_l_reduced binop typedExpressionIR_r_reduced)` as expressionIR # expressionNoteIR)

....... If (`$is_fixed_int_typeIR(typeIR_r_reduced)`), then

........ Let `ctk_reduced` be `$join_ctk(ctk_l_reduced, ctk_r_reduced)`

........ Let `expressionNoteIR` be (( typeIR_l_reduced ctk_reduced ))

........ Result in (`(typedExpressionIR_l_reduced binop typedExpressionIR_r_reduced)` as expressionIR # expressionNoteIR)

... Group binaryExpression-eq: p, TC, `(expression_l binop expression_r)` as expression

.... If (binop is in [(==), (!=)]), then

..... Let [`typedExpressionIR_l` be the result of typing `expression_l`, under cursor `p` and typing context `TC`](Expr_ok)

..... Let [`typedExpressionIR_r` be the result of typing `expression_r`, under cursor `p` and typing context `TC`](Expr_ok)

..... Let `(typedExpressionIR, typedExpressionIR)?{(typedExpressionIR, typedExpressionIR) <- (typedExpressionIR, typedExpressionIR)?}` be `$coerce_binary(typedExpressionIR_l, typedExpressionIR_r)`

..... If ((typedExpressionIR, typedExpressionIR)?{(typedExpressionIR, typedExpressionIR) <- (typedExpressionIR, typedExpressionIR)?} matches pattern (_)), then

...... Let `?((typedExpressionIR_l_cast, typedExpressionIR_r_cast))` be (typedExpressionIR, typedExpressionIR)?{(typedExpressionIR, typedExpressionIR) <- (typedExpressionIR, typedExpressionIR)?}

...... Let `(_expressionIR # (( typeIR_cast ctk_l_cast )))` be typedExpressionIR_l_cast

...... Let `(_expressionIR' # (( _typeIR ctk_r_cast )))` be typedExpressionIR_r_cast

...... If (`$is_equalable_typeIR(typeIR_cast)`), then

....... Let `ctk_cast` be `$join_ctk(ctk_l_cast, ctk_r_cast)`

....... Let `expressionNoteIR` be (( `(bool)` as typeIR ctk_cast ))

....... Result in (`(typedExpressionIR_l_cast binop typedExpressionIR_r_cast)` as expressionIR # expressionNoteIR)

... Group binaryExpression-compare: p, TC, `(expression_l binop expression_r)` as expression

.... If (binop is in [(<=), (>=), (<), (>)]), then

..... Let [`typedExpressionIR_l` be the result of typing `expression_l`, under cursor `p` and typing context `TC`](Expr_ok)

..... Let [`typedExpressionIR_r` be the result of typing `expression_r`, under cursor `p` and typing context `TC`](Expr_ok)

..... Let `(typedExpressionIR, typedExpressionIR)?{(typedExpressionIR, typedExpressionIR) <- (typedExpressionIR, typedExpressionIR)?}` be `$coerce_binary(typedExpressionIR_l, typedExpressionIR_r)`

..... If ((typedExpressionIR, typedExpressionIR)?{(typedExpressionIR, typedExpressionIR) <- (typedExpressionIR, typedExpressionIR)?} matches pattern (_)), then

...... Let `?((typedExpressionIR_l_cast, typedExpressionIR_r_cast))` be (typedExpressionIR, typedExpressionIR)?{(typedExpressionIR, typedExpressionIR) <- (typedExpressionIR, typedExpressionIR)?}

...... Let `(typedExpressionIR, typedExpressionIR)'?{(typedExpressionIR, typedExpressionIR)' <- (typedExpressionIR, typedExpressionIR)'?}` be `$reduce_serenum_binary(typedExpressionIR_l_cast, typedExpressionIR_r_cast, $compat_compare)`

...... If ((typedExpressionIR, typedExpressionIR)'?{(typedExpressionIR, typedExpressionIR)' <- (typedExpressionIR, typedExpressionIR)'?} matches pattern (_)), then

....... Let `?((typedExpressionIR_l_reduced, typedExpressionIR_r_reduced))` be (typedExpressionIR, typedExpressionIR)'?{(typedExpressionIR, typedExpressionIR)' <- (typedExpressionIR, typedExpressionIR)'?}

....... Let `(_expressionIR # (( typeIR_reduced ctk_l_reduced )))` be typedExpressionIR_l_reduced

....... Let `(_expressionIR' # (( _typeIR ctk_r_reduced )))` be typedExpressionIR_r_reduced

....... Let `ctk_reduced` be `$join_ctk(ctk_l_reduced, ctk_r_reduced)`

....... Let `expressionNoteIR` be (( `(bool)` as typeIR ctk_reduced ))

....... Result in (`(typedExpressionIR_l_reduced binop typedExpressionIR_r_reduced)` as expressionIR # expressionNoteIR)

... Group binaryExpression-bitwise: p, TC, `(expression_l binop expression_r)` as expression

.... If (binop is in [(&), (^), (|)]), then

..... Let [`typedExpressionIR_l` be the result of typing `expression_l`, under cursor `p` and typing context `TC`](Expr_ok)

..... Let [`typedExpressionIR_r` be the result of typing `expression_r`, under cursor `p` and typing context `TC`](Expr_ok)

..... Let `(typedExpressionIR, typedExpressionIR)?{(typedExpressionIR, typedExpressionIR) <- (typedExpressionIR, typedExpressionIR)?}` be `$coerce_binary(typedExpressionIR_l, typedExpressionIR_r)`

..... If ((typedExpressionIR, typedExpressionIR)?{(typedExpressionIR, typedExpressionIR) <- (typedExpressionIR, typedExpressionIR)?} matches pattern (_)), then

...... Let `?((typedExpressionIR_l_cast, typedExpressionIR_r_cast))` be (typedExpressionIR, typedExpressionIR)?{(typedExpressionIR, typedExpressionIR) <- (typedExpressionIR, typedExpressionIR)?}

...... Let `(typedExpressionIR, typedExpressionIR)'?{(typedExpressionIR, typedExpressionIR)' <- (typedExpressionIR, typedExpressionIR)'?}` be `$reduce_serenum_binary(typedExpressionIR_l_cast, typedExpressionIR_r_cast, $compat_bitwise)`

...... If ((typedExpressionIR, typedExpressionIR)'?{(typedExpressionIR, typedExpressionIR)' <- (typedExpressionIR, typedExpressionIR)'?} matches pattern (_)), then

....... Let `?((typedExpressionIR_l_reduced, typedExpressionIR_r_reduced))` be (typedExpressionIR, typedExpressionIR)'?{(typedExpressionIR, typedExpressionIR)' <- (typedExpressionIR, typedExpressionIR)'?}

....... Let `(_expressionIR # (( typeIR_reduced ctk_l_reduced )))` be typedExpressionIR_l_reduced

....... Let `(_expressionIR' # (( _typeIR ctk_r_reduced )))` be typedExpressionIR_r_reduced

....... Let `ctk_reduced` be `$join_ctk(ctk_l_reduced, ctk_r_reduced)`

....... Let `expressionNoteIR` be (( typeIR_reduced ctk_reduced ))

....... Result in (`(typedExpressionIR_l_reduced binop typedExpressionIR_r_reduced)` as expressionIR # expressionNoteIR)

... If (binop matches pattern `++`), then

.... Group binaryExpression-concat: p, TC, `(expression_l (++) expression_r)` as expression

..... Let [`typedExpressionIR_l` be the result of typing `expression_l`, under cursor `p` and typing context `TC`](Expr_ok)

..... Let [`typedExpressionIR_r` be the result of typing `expression_r`, under cursor `p` and typing context `TC`](Expr_ok)

..... Let `(typedExpressionIR, typedExpressionIR)?{(typedExpressionIR, typedExpressionIR) <- (typedExpressionIR, typedExpressionIR)?}` be `$reduce_serenum_binary(typedExpressionIR_l, typedExpressionIR_r, $compat_concat)`

..... If ((typedExpressionIR, typedExpressionIR)?{(typedExpressionIR, typedExpressionIR) <- (typedExpressionIR, typedExpressionIR)?} matches pattern (_)), then

...... Let `?((typedExpressionIR_l_reduced, typedExpressionIR_r_reduced))` be (typedExpressionIR, typedExpressionIR)?{(typedExpressionIR, typedExpressionIR) <- (typedExpressionIR, typedExpressionIR)?}

...... Let `(_expressionIR # (( typeIR_l_reduced ctk_l_reduced )))` be typedExpressionIR_l_reduced

...... Let `(_expressionIR' # (( typeIR_r_reduced ctk_r_reduced )))` be typedExpressionIR_r_reduced

...... Let `typeIR?{typeIR <- typeIR?}` be `$result_concat(typeIR_l_reduced, typeIR_r_reduced)`

...... If (typeIR?{typeIR <- typeIR?} matches pattern (_)), then

....... Let `?(typeIR_reduced)` be typeIR?{typeIR <- typeIR?}

....... Let `ctk_reduced` be `$join_ctk(ctk_l_reduced, ctk_r_reduced)`

....... Let `expressionNoteIR` be (( typeIR_reduced ctk_reduced ))

....... Result in (`(typedExpressionIR_l_reduced (++) typedExpressionIR_r_reduced)` as expressionIR # expressionNoteIR)

... Group binaryExpression-logical: p, TC, `(expression_l binop expression_r)` as expression

.... If (binop is in [(&&), (||)]), then

..... Let [`typedExpressionIR_l` be the result of typing `expression_l`, under cursor `p` and typing context `TC`](Expr_ok)

..... Let [`typedExpressionIR_r` be the result of typing `expression_r`, under cursor `p` and typing context `TC`](Expr_ok)

..... Let `(typedExpressionIR, typedExpressionIR)?{(typedExpressionIR, typedExpressionIR) <- (typedExpressionIR, typedExpressionIR)?}` be `$coerce_binary(typedExpressionIR_l, typedExpressionIR_r)`

..... If ((typedExpressionIR, typedExpressionIR)?{(typedExpressionIR, typedExpressionIR) <- (typedExpressionIR, typedExpressionIR)?} matches pattern (_)), then

...... Let `?((typedExpressionIR_l_cast, typedExpressionIR_r_cast))` be (typedExpressionIR, typedExpressionIR)?{(typedExpressionIR, typedExpressionIR) <- (typedExpressionIR, typedExpressionIR)?}

...... Let `(typedExpressionIR, typedExpressionIR)'?{(typedExpressionIR, typedExpressionIR)' <- (typedExpressionIR, typedExpressionIR)'?}` be `$reduce_serenum_binary(typedExpressionIR_l_cast, typedExpressionIR_r_cast, $compat_logical)`

...... If ((typedExpressionIR, typedExpressionIR)'?{(typedExpressionIR, typedExpressionIR)' <- (typedExpressionIR, typedExpressionIR)'?} matches pattern (_)), then

....... Let `?((typedExpressionIR_l_reduced, typedExpressionIR_r_reduced))` be (typedExpressionIR, typedExpressionIR)'?{(typedExpressionIR, typedExpressionIR)' <- (typedExpressionIR, typedExpressionIR)'?}

....... Let `(_expressionIR # (( typeIR_reduced ctk_l_reduced )))` be typedExpressionIR_l_reduced

....... Let `(_expressionIR' # (( _typeIR ctk_r_reduced )))` be typedExpressionIR_r_reduced

....... Let `ctk_reduced` be `$join_ctk(ctk_l_reduced, ctk_r_reduced)`

....... Let `expressionNoteIR` be (( typeIR_reduced ctk_reduced ))

....... Result in (`(typedExpressionIR_l_reduced binop typedExpressionIR_r_reduced)` as expressionIR # expressionNoteIR)

.. Case `expression'''` has type ternaryExpression
... Let `(expression_cond ? expression_true : expression_false)` be `expression'''` as ternaryExpression

... Group ternaryExpression: p, TC, `(expression_cond ? expression_true : expression_false)` as expression

.... Let [`typedExpressionIR_cond` be the result of typing `expression_cond`, under cursor `p` and typing context `TC`](Expr_ok)

.... Let `(_expressionIR # (( typeIR ctk_cond )))` be typedExpressionIR_cond

.... If (`typeIR` has type primitiveTypeIR), then

..... Let `primitiveTypeIR` be `typeIR` as primitiveTypeIR

..... If (primitiveTypeIR matches pattern `BOOL`), then

...... Let [`typedExpressionIR_true` be the result of typing `expression_true`, under cursor `p` and typing context `TC`](Expr_ok)

...... Let [`typedExpressionIR_false` be the result of typing `expression_false`, under cursor `p` and typing context `TC`](Expr_ok)

...... Let `(typedExpressionIR, typedExpressionIR)?{(typedExpressionIR, typedExpressionIR) <- (typedExpressionIR, typedExpressionIR)?}` be `$coerce_binary(typedExpressionIR_true, typedExpressionIR_false)`

...... If ((typedExpressionIR, typedExpressionIR)?{(typedExpressionIR, typedExpressionIR) <- (typedExpressionIR, typedExpressionIR)?} matches pattern (_)), then

....... Let `?((typedExpressionIR_true_cast, typedExpressionIR_false_cast))` be (typedExpressionIR, typedExpressionIR)?{(typedExpressionIR, typedExpressionIR) <- (typedExpressionIR, typedExpressionIR)?}

....... Let `(_expressionIR' # (( typeIR_cast ctk_true_cast )))` be typedExpressionIR_true_cast

....... Let `(_expressionIR'' # (( _typeIR ctk_false_cast )))` be typedExpressionIR_false_cast

....... If (`$is_arbitrary_int_typeIR(typeIR_cast)` => (ctk_cond =/= (dyn))), then

........ Let `ctk` be `$joins_ctk([ctk_cond, ctk_true_cast, ctk_false_cast])`

........ Let `expressionNoteIR` be (( typeIR_cast ctk ))

........ Result in (`(typedExpressionIR_cond ? typedExpressionIR_true_cast : typedExpressionIR_false_cast)` as expressionIR # expressionNoteIR)

.. Case `expression'''` has type castExpression
... Let `(( type_t ) expression)` be `expression'''` as castExpression

... Group castExpression: p, TC, `(( type_t ) expression)` as expression

.... Let [`typeIR_t` be the result of typing ``type_t` as typeOrVoid`, under cursor `p` and typing context `TC`,
and `tid*{tid <- tid*}` be the set of inserted type variables](Type_ok)

.... If (tid*{tid <- tid*} matches pattern []), then

..... If (Type_wf: `$bound(p, TC)` |- typeIR_t) holds, then

...... Let [`typedExpressionIR` be the result of typing `expression`, under cursor `p` and typing context `TC`](Expr_ok)

...... Let `(_expressionIR # (( typeIR ctk )))` be typedExpressionIR

...... If (Sub_expl: typeIR <: typeIR_t) holds, then

....... Let `expressionNoteIR` be (( typeIR_t ctk ))

....... Result in (`(( typeIR_t ) typedExpressionIR)` as expressionIR # expressionNoteIR)

.. Case `expression'''` has type dataExpression
... Let `dataExpression` be `expression'''` as dataExpression

... Case analysis on dataExpression
.... Case `dataExpression` matches pattern `{#}`
..... Group dataExpression-invalid: p, TC, `({#})` as expression

...... Let `expressionNoteIR` be (( `(header_invalid)` as typeIR (lctk) ))

...... Result in (`({#})` as expressionIR # expressionNoteIR)

.... Case `dataExpression` matches pattern `{%%}`
..... Let `({ dataElementExpression _trailingCommaOpt })` be dataExpression

..... Case analysis on dataElementExpression
...... Case `dataElementExpression` has type expressionList
....... Let `expressionList` be `dataElementExpression` as expressionList

....... Group dataExpression-sequenceElementExpression: p, TC, `({ `expressionList` as dataElementExpression _trailingCommaOpt })` as expression

........ Let `expression_e*{expression_e <- expression_e*}` be `$flatten_expressionList(expressionList)`

........ Case analysis on `(...)` as expression is in expression_e*{expression_e <- expression_e*}
......... Case false
.......... If ((expression_e*{expression_e <- expression_e*} = `$flatten_expressionList(expressionList)`)), then

Let , obtained by repeating:
 ........... Let [`typedExpressionIR_e` be the result of typing `expression_e`, under cursor `p` and typing context `TC`](Expr_ok)
for each `expression_e` in `expression_e*` and `typedExpressionIR_e` in `typedExpressionIR_e*`

Let `_expressionIR*` be the list of `_expressionIR` and `ctk_e*` be the list of `ctk_e` and `typeIR_e*` be the list of `typeIR_e`, obtained by repeating:
 ........... Let `(_expressionIR # (( typeIR_e ctk_e )))` be typedExpressionIR_e
for each `typedExpressionIR_e` in `typedExpressionIR_e*`

........... Let `typeIR` be `(seq< typeIR_e*{typeIR_e <- typeIR_e*} >)` as typeIR

........... Let `ctk` be `$joins_ctk(ctk_e*{ctk_e <- ctk_e*})`

........... Let `expressionNoteIR` be (( typeIR ctk ))

........... Result in (`(seq{ typedExpressionIR_e*{typedExpressionIR_e <- typedExpressionIR_e*} })` as expressionIR # expressionNoteIR)

......... Case true
.......... Let `expression''*{expression'' <- expression''*}` be `$rev_<expression>(expression_e*{expression_e <- expression_e*})`

.......... If (expression''*{expression'' <- expression''*} matches pattern _ :: _), then

........... Let `expression' :: expression_e_h_rev*{expression_e_h_rev <- expression_e_h_rev*}` be expression''*{expression'' <- expression''*}

........... If (`expression'` has type defaultExpression), then

............ Let `defaultExpression` be `expression'` as defaultExpression

............ Let `expression_e_h*{expression_e_h <- expression_e_h*}` be `$rev_<expression>(expression_e_h_rev*{expression_e_h_rev <- expression_e_h_rev*})`

............ If (~`(...)` as expression is in expression_e_h*{expression_e_h <- expression_e_h*}), then

Let , obtained by repeating:
 ............. Let [`typedExpressionIR_e_h` be the result of typing `expression_e_h`, under cursor `p` and typing context `TC`](Expr_ok)
for each `expression_e_h` in `expression_e_h*` and `typedExpressionIR_e_h` in `typedExpressionIR_e_h*`

Let `_expressionIR*` be the list of `_expressionIR` and `ctk_e_h*` be the list of `ctk_e_h` and `typeIR_e_h*` be the list of `typeIR_e_h`, obtained by repeating:
 ............. Let `(_expressionIR # (( typeIR_e_h ctk_e_h )))` be typedExpressionIR_e_h
for each `typedExpressionIR_e_h` in `typedExpressionIR_e_h*`

............. Let `typeIR` be `(seq< typeIR_e_h*{typeIR_e_h <- typeIR_e_h*} ,...>)` as typeIR

............. Let `ctk` be `$joins_ctk(ctk_e_h*{ctk_e_h <- ctk_e_h*})`

............. Let `expressionNoteIR` be (( typeIR ctk ))

............. Result in (`(seq{ typedExpressionIR_e_h*{typedExpressionIR_e_h <- typedExpressionIR_e_h*} ,...})` as expressionIR # expressionNoteIR)

...... Case `dataElementExpression` has type recordElementExpression
....... Let `recordElementExpression` be `dataElementExpression` as recordElementExpression

....... Group dataExpression-recordElementExpression: p, TC, `({ `recordElementExpression` as dataElementExpression _trailingCommaOpt })` as expression

........ Case analysis on recordElementExpression
......... Case `recordElementExpression` matches pattern `%=%`
.......... Let `(name_f = expression_f)` be recordElementExpression

.......... Let `nameIR_f` be `$name(name_f)`

.......... Let [`typedExpressionIR_f` be the result of typing `expression_f`, under cursor `p` and typing context `TC`](Expr_ok)

.......... Let `(_expressionIR # (( typeIR_f ctk_f )))` be typedExpressionIR_f

.......... Let `typeIR` be `(record{ [(typeIR_f nameIR_f ;)] })` as typeIR

.......... Let `expressionNoteIR` be (( typeIR ctk_f ))

.......... Result in (`(record{ [(nameIR_f = typedExpressionIR_f)] })` as expressionIR # expressionNoteIR)

......... Case `recordElementExpression` matches pattern `%=%,...`
.......... Let `(name_f = expression_f ,...)` be recordElementExpression

.......... Let `nameIR_f` be `$name(name_f)`

.......... Let [`typedExpressionIR_f` be the result of typing `expression_f`, under cursor `p` and typing context `TC`](Expr_ok)

.......... Let `(_expressionIR # (( typeIR_f ctk_f )))` be typedExpressionIR_f

.......... Let `typeIR` be `(record{ [(typeIR_f nameIR_f ;)] ,...})` as typeIR

.......... Let `expressionNoteIR` be (( typeIR ctk_f ))

.......... Result in (`(record{ [(nameIR_f = typedExpressionIR_f)] ,...})` as expressionIR # expressionNoteIR)

......... Case `recordElementExpression` matches pattern `%=%,%`
.......... Let `(name_f_h = expression_f_h , namedExpressionList_t)` be recordElementExpression

.......... Let `(name_f_t = expression_f_t)*{expression_f_t <- expression_f_t*, name_f_t <- name_f_t*}` be `$flatten_namedExpressionList(namedExpressionList_t)`

.......... Let `name_f*{name_f <- name_f*}` be name_f_h :: name_f_t*{name_f_t <- name_f_t*}

Let `nameIR_f*` be the list of `nameIR_f`, obtained by repeating:
 .......... Let `nameIR_f` be `$name(name_f)`
for each `name_f` in `name_f*`

.......... Let `expression_f*{expression_f <- expression_f*}` be expression_f_h :: expression_f_t*{expression_f_t <- expression_f_t*}

Let , obtained by repeating:
 .......... Let [`typedExpressionIR_f` be the result of typing `expression_f`, under cursor `p` and typing context `TC`](Expr_ok)
for each `expression_f` in `expression_f*` and `typedExpressionIR_f` in `typedExpressionIR_f*`

Let `_expressionIR*` be the list of `_expressionIR` and `ctk_f*` be the list of `ctk_f` and `typeIR_f*` be the list of `typeIR_f`, obtained by repeating:
 .......... Let `(_expressionIR # (( typeIR_f ctk_f )))` be typedExpressionIR_f
for each `typedExpressionIR_f` in `typedExpressionIR_f*`

.......... Let `typeIR` be `(record{ (typeIR_f nameIR_f ;)*{nameIR_f <- nameIR_f*, typeIR_f <- typeIR_f*} })` as typeIR

.......... Let `ctk` be `$joins_ctk(ctk_f*{ctk_f <- ctk_f*})`

.......... Let `expressionNoteIR` be (( typeIR ctk ))

.......... Result in (`(record{ (nameIR_f = typedExpressionIR_f)*{nameIR_f <- nameIR_f*, typedExpressionIR_f <- typedExpressionIR_f*} })` as expressionIR # expressionNoteIR)

......... Case `recordElementExpression` matches pattern `%=%,%,...`
.......... Let `(name_f_h = expression_f_h , namedExpressionList_t ,...)` be recordElementExpression

.......... Let `(name_f_t = expression_f_t)*{expression_f_t <- expression_f_t*, name_f_t <- name_f_t*}` be `$flatten_namedExpressionList(namedExpressionList_t)`

.......... Let `name_f*{name_f <- name_f*}` be name_f_h :: name_f_t*{name_f_t <- name_f_t*}

Let `nameIR_f*` be the list of `nameIR_f`, obtained by repeating:
 .......... Let `nameIR_f` be `$name(name_f)`
for each `name_f` in `name_f*`

.......... Let `expression_f*{expression_f <- expression_f*}` be expression_f_h :: expression_f_t*{expression_f_t <- expression_f_t*}

Let , obtained by repeating:
 .......... Let [`typedExpressionIR_f` be the result of typing `expression_f`, under cursor `p` and typing context `TC`](Expr_ok)
for each `expression_f` in `expression_f*` and `typedExpressionIR_f` in `typedExpressionIR_f*`

Let `_expressionIR*` be the list of `_expressionIR` and `ctk_f*` be the list of `ctk_f` and `typeIR_f*` be the list of `typeIR_f`, obtained by repeating:
 .......... Let `(_expressionIR # (( typeIR_f ctk_f )))` be typedExpressionIR_f
for each `typedExpressionIR_f` in `typedExpressionIR_f*`

.......... Let `typeIR` be `(record{ (typeIR_f nameIR_f ;)*{nameIR_f <- nameIR_f*, typeIR_f <- typeIR_f*} ,...})` as typeIR

.......... Let `ctk` be `$joins_ctk(ctk_f*{ctk_f <- ctk_f*})`

.......... Let `expressionNoteIR` be (( typeIR ctk ))

.......... Result in (`(record{ (nameIR_f = typedExpressionIR_f)*{nameIR_f <- nameIR_f*, typedExpressionIR_f <- typedExpressionIR_f*} ,...})` as expressionIR # expressionNoteIR)

.. Case `expression'''` has type errorAccessExpression
... Let `(error. member)` be `expression'''` as errorAccessExpression

... Group accessExpression-errorAccessExpression: p, TC, `(error. member)` as expression

.... Let `nameIR` be `$name(member)`

.... Let `nameIR_error` be "error." ++ nameIR

.... If ((`(error. nameIR)` as value = `$find_value(p, TC, (` nameIR_error))`)), then

..... Let `expressionNoteIR` be (( `(error)` as typeIR (lctk) ))

..... Result in (`(error. nameIR)` as expressionIR # expressionNoteIR)

.. Case `expression'''` has type memberAccessExpression
... Let `(memberAccessBase . member)` be `expression'''` as memberAccessExpression

... Case analysis on memberAccessBase
.... Case `memberAccessBase` has type prefixedTypeName
..... Let `prefixedTypeName_base` be `memberAccessBase` as prefixedTypeName

..... Group accessExpression-memberAccessExpression-prefixedTypeName: p, TC, `(`prefixedTypeName_base` as memberAccessBase . member)` as expression

...... Let `prefixedNameIR_base` be `$prefixedTypeName(prefixedTypeName_base)`

...... Let `typeDefIR'?{typeDefIR' <- typeDefIR'?}` be `$find_type(p, TC, prefixedNameIR_base)`

...... If (typeDefIR'?{typeDefIR' <- typeDefIR'?} matches pattern (_)), then

....... Let `?(typeDefIR)` be typeDefIR'?{typeDefIR' <- typeDefIR'?}

....... If (`typeDefIR` has type typeIR), then

........ Let `typeIR_base` be `typeDefIR` as typeIR

........ Let `typeIR` be `$canon(typeIR_base)`

........ If (`typeIR` has type enumTypeIR), then

......... Let `enumTypeIR` be `typeIR` as enumTypeIR

......... Case analysis on enumTypeIR
.......... Case `enumTypeIR` matches pattern `ENUM%{%}`
........... Let `(enum _tid { nameIR_f*{nameIR_f <- nameIR_f*} })` be enumTypeIR

........... Let `nameIR` be `$name(member)`

........... If (nameIR is in nameIR_f*{nameIR_f <- nameIR_f*}), then

............ Let `expressionNoteIR` be (( typeIR_base (lctk) ))

............ Result in (`((type prefixedNameIR_base) . nameIR)` as expressionIR # expressionNoteIR)

.......... Case `enumTypeIR` matches pattern `ENUM%#%{%}`
........... Let `(enum _tid # _typeIR { (nameIR_f = _value ;)*{_value <- _value*, nameIR_f <- nameIR_f*} })` be enumTypeIR

........... Let `nameIR` be `$name(member)`

........... If (nameIR is in nameIR_f*{nameIR_f <- nameIR_f*}), then

............ Let `expressionNoteIR` be (( typeIR_base (lctk) ))

............ Result in (`((type prefixedNameIR_base) . nameIR)` as expressionIR # expressionNoteIR)

.... Case `memberAccessBase` has type expression
..... Let `expression_base` be `memberAccessBase` as expression

..... Group accessExpression-memberAccessExpression-expression: p, TC, `(`expression_base` as memberAccessBase . member)` as expression

...... If (("size" = `$name(member)`)), then

....... Let [`typedExpressionIR_base` be the result of typing `expression_base`, under cursor `p` and typing context `TC`](Expr_ok)

....... Let `(_expressionIR # (( typeIR_base _ctk )))` be typedExpressionIR_base

....... Let `typeIR'` be `$canon(typeIR_base)`

....... If (`typeIR'` has type headerStackTypeIR), then

........ Let `(typeIR [ n_size ])` be `typeIR'` as headerStackTypeIR

........ Let `expressionNoteIR` be (( `(bit< 32 >)` as typeIR (lctk) ))

........ Result in (`(`typedExpressionIR_base` as memberAccessBaseIR . "size")` as expressionIR # expressionNoteIR)

...... If (("lastIndex" = `$name(member)`)), then

....... If ((p = (block)) /\ `$is_parser_blockKind(TC.block.kind)`), then

........ Let [`typedExpressionIR_base` be the result of typing `expression_base`, under cursor `p` and typing context `TC`](Expr_ok)

........ Let `(_expressionIR # (( typeIR_base _ctk )))` be typedExpressionIR_base

........ Let `typeIR'` be `$canon(typeIR_base)`

........ If (`typeIR'` has type headerStackTypeIR), then

......... Let `(typeIR [ n_size ])` be `typeIR'` as headerStackTypeIR

......... Let `expressionNoteIR` be (( `(bit< 32 >)` as typeIR (dyn) ))

......... Result in (`(`typedExpressionIR_base` as memberAccessBaseIR . "lastIndex")` as expressionIR # expressionNoteIR)

....... If ((p = (local)) /\ `$is_parser_state_localKind(TC.local.kind)`), then

........ Let [`typedExpressionIR_base` be the result of typing `expression_base`, under cursor `p` and typing context `TC`](Expr_ok)

........ Let `(_expressionIR # (( typeIR_base _ctk )))` be typedExpressionIR_base

........ Let `typeIR'` be `$canon(typeIR_base)`

........ If (`typeIR'` has type headerStackTypeIR), then

......... Let `(typeIR [ n_size ])` be `typeIR'` as headerStackTypeIR

......... Let `expressionNoteIR` be (( `(bit< 32 >)` as typeIR (dyn) ))

......... Result in (`(`typedExpressionIR_base` as memberAccessBaseIR . "lastIndex")` as expressionIR # expressionNoteIR)

...... If (("last" = `$name(member)`)), then

....... If ((p = (block)) /\ `$is_parser_blockKind(TC.block.kind)`), then

........ Let [`typedExpressionIR_base` be the result of typing `expression_base`, under cursor `p` and typing context `TC`](Expr_ok)

........ Let `(_expressionIR # (( typeIR_base _ctk )))` be typedExpressionIR_base

........ Let `typeIR'` be `$canon(typeIR_base)`

........ If (`typeIR'` has type headerStackTypeIR), then

......... Let `(typeIR [ n_size ])` be `typeIR'` as headerStackTypeIR

......... Let `expressionNoteIR` be (( typeIR (dyn) ))

......... Result in (`(`typedExpressionIR_base` as memberAccessBaseIR . "last")` as expressionIR # expressionNoteIR)

....... If ((p = (local)) /\ `$is_parser_state_localKind(TC.local.kind)`), then

........ Let [`typedExpressionIR_base` be the result of typing `expression_base`, under cursor `p` and typing context `TC`](Expr_ok)

........ Let `(_expressionIR # (( typeIR_base _ctk )))` be typedExpressionIR_base

........ Let `typeIR'` be `$canon(typeIR_base)`

........ If (`typeIR'` has type headerStackTypeIR), then

......... Let `(typeIR [ n_size ])` be `typeIR'` as headerStackTypeIR

......... Let `expressionNoteIR` be (( typeIR (dyn) ))

......... Result in (`(`typedExpressionIR_base` as memberAccessBaseIR . "last")` as expressionIR # expressionNoteIR)

...... If (("next" = `$name(member)`)), then

....... If ((p = (block)) /\ `$is_parser_blockKind(TC.block.kind)`), then

........ Let [`typedExpressionIR_base` be the result of typing `expression_base`, under cursor `p` and typing context `TC`](Expr_ok)

........ Let `(_expressionIR # (( typeIR_base _ctk )))` be typedExpressionIR_base

........ Let `typeIR'` be `$canon(typeIR_base)`

........ If (`typeIR'` has type headerStackTypeIR), then

......... Let `(typeIR [ n_size ])` be `typeIR'` as headerStackTypeIR

......... Let `expressionNoteIR` be (( typeIR (dyn) ))

......... Result in (`(`typedExpressionIR_base` as memberAccessBaseIR . "next")` as expressionIR # expressionNoteIR)

....... If ((p = (local)) /\ `$is_parser_state_localKind(TC.local.kind)`), then

........ Let [`typedExpressionIR_base` be the result of typing `expression_base`, under cursor `p` and typing context `TC`](Expr_ok)

........ Let `(_expressionIR # (( typeIR_base _ctk )))` be typedExpressionIR_base

........ Let `typeIR'` be `$canon(typeIR_base)`

........ If (`typeIR'` has type headerStackTypeIR), then

......... Let `(typeIR [ n_size ])` be `typeIR'` as headerStackTypeIR

......... Let `expressionNoteIR` be (( typeIR (dyn) ))

......... Result in (`(`typedExpressionIR_base` as memberAccessBaseIR . "next")` as expressionIR # expressionNoteIR)

...... Let [`typedExpressionIR_base` be the result of typing `expression_base`, under cursor `p` and typing context `TC`](Expr_ok)

...... Let `(_expressionIR # (( typeIR_base _ctk )))` be typedExpressionIR_base

...... Let `typeIR'` be `$canon(typeIR_base)`

...... Case analysis on typeIR'
....... Case `typeIR'` has type structTypeIR
........ Let `(struct _tid { (typeIR_f nameIR_f ;)*{nameIR_f <- nameIR_f*, typeIR_f <- typeIR_f*} })` be `typeIR'` as structTypeIR

........ Let `nameIR` be `$name(member)`

........ Let `typeIR''?{typeIR'' <- typeIR''?}` be `$assoc_<nameIR, typeIR>(nameIR, (nameIR_f, typeIR_f)*{nameIR_f <- nameIR_f*, typeIR_f <- typeIR_f*})`

........ If (typeIR''?{typeIR'' <- typeIR''?} matches pattern (_)), then

......... Let `?(typeIR)` be typeIR''?{typeIR'' <- typeIR''?}

......... Let `expressionNoteIR` be (( typeIR (dyn) ))

......... Result in (`(`typedExpressionIR_base` as memberAccessBaseIR . nameIR)` as expressionIR # expressionNoteIR)

....... Case `typeIR'` has type headerTypeIR
........ Let `(header _tid { (typeIR_f nameIR_f ;)*{nameIR_f <- nameIR_f*, typeIR_f <- typeIR_f*} })` be `typeIR'` as headerTypeIR

........ Let `nameIR` be `$name(member)`

........ Let `typeIR''?{typeIR'' <- typeIR''?}` be `$assoc_<nameIR, typeIR>(nameIR, (nameIR_f, typeIR_f)*{nameIR_f <- nameIR_f*, typeIR_f <- typeIR_f*})`

........ If (typeIR''?{typeIR'' <- typeIR''?} matches pattern (_)), then

......... Let `?(typeIR)` be typeIR''?{typeIR'' <- typeIR''?}

......... Let `expressionNoteIR` be (( typeIR (dyn) ))

......... Result in (`(`typedExpressionIR_base` as memberAccessBaseIR . nameIR)` as expressionIR # expressionNoteIR)

....... Case `typeIR'` has type headerUnionTypeIR
........ Let `(header_union _tid { (typeIR_f nameIR_f ;)*{nameIR_f <- nameIR_f*, typeIR_f <- typeIR_f*} })` be `typeIR'` as headerUnionTypeIR

........ Let `nameIR` be `$name(member)`

........ Let `typeIR''?{typeIR'' <- typeIR''?}` be `$assoc_<nameIR, typeIR>(nameIR, (nameIR_f, typeIR_f)*{nameIR_f <- nameIR_f*, typeIR_f <- typeIR_f*})`

........ If (typeIR''?{typeIR'' <- typeIR''?} matches pattern (_)), then

......... Let `?(typeIR)` be typeIR''?{typeIR'' <- typeIR''?}

......... Let `expressionNoteIR` be (( typeIR (dyn) ))

......... Result in (`(`typedExpressionIR_base` as memberAccessBaseIR . nameIR)` as expressionIR # expressionNoteIR)

....... Case `typeIR'` has type tableTypeIR
........ Let `tableTypeIR` be `typeIR'` as tableTypeIR

........ If (tableTypeIR matches pattern `TABLE_STRUCT%{%}`), then

......... Let `(table_struct _tid { (typeIR_f nameIR_f ;)*{nameIR_f <- nameIR_f*, typeIR_f <- typeIR_f*} })` be tableTypeIR

......... Let `nameIR` be `$name(member)`

......... Let `typeIR''?{typeIR'' <- typeIR''?}` be `$assoc_<nameIR, typeIR>(nameIR, (nameIR_f, typeIR_f)*{nameIR_f <- nameIR_f*, typeIR_f <- typeIR_f*})`

......... If (typeIR''?{typeIR'' <- typeIR''?} matches pattern (_)), then

.......... Let `?(typeIR)` be typeIR''?{typeIR'' <- typeIR''?}

.......... Let `expressionNoteIR` be (( typeIR (dyn) ))

.......... Result in (`(`typedExpressionIR_base` as memberAccessBaseIR . nameIR)` as expressionIR # expressionNoteIR)

.. Case `expression'''` has type indexAccessExpression
... Let `indexAccessExpression` be `expression'''` as indexAccessExpression

... Case analysis on indexAccessExpression
.... Case `indexAccessExpression` matches pattern `%[%]`
..... Let `(expression_base [ expression_index ])` be indexAccessExpression

..... Group indexAccessExpression-index: p, TC, `(expression_base [ expression_index ])` as expression

...... Let [`typedExpressionIR_base` be the result of typing `expression_base`, under cursor `p` and typing context `TC`](Expr_ok)

...... Let [`typedExpressionIR_index` be the result of typing `expression_index`, under cursor `p` and typing context `TC`](Expr_ok)

...... Let `(_expressionIR # (( typeIR_base ctk_base )))` be typedExpressionIR_base

...... Let `(_expressionIR' # (( typeIR_index ctk_index )))` be typedExpressionIR_index

...... Let `typedExpressionIR?{typedExpressionIR <- typedExpressionIR?}` be `$reduce_serenum_unary(typedExpressionIR_index, $compat_array_index)`

...... If (typedExpressionIR?{typedExpressionIR <- typedExpressionIR?} matches pattern (_)), then

....... Let `?(typedExpressionIR_index_reduced)` be typedExpressionIR?{typedExpressionIR <- typedExpressionIR?}

....... Let `typeIR'` be `$canon(typeIR_base)`

....... Case analysis on typeIR'
........ Case `typeIR'` has type tupleTypeIR
......... Let `(tuple< typeIR_e*{typeIR_e <- typeIR_e*} >)` be `typeIR'` as tupleTypeIR

......... If (ctk_index matches pattern `LCTK`), then

.......... Let [`value_index` be the static evaluation of `typedExpressionIR_index_reduced`, under cursor `p` and typing context `TC`](Eval_static)

.......... Let `int` be `$to_number(value_index)`

.......... If (`int` has type nat), then

........... Let `n_index` be `int` as nat

........... If ((n_index < |typeIR_e*{typeIR_e <- typeIR_e*}|)), then

............ Let `expressionNoteIR` be (( typeIR_e*{typeIR_e <- typeIR_e*}[n_index] (dyn) ))

............ Result in (`(typedExpressionIR_base [ typedExpressionIR_index_reduced ])` as expressionIR # expressionNoteIR)

........ Case `typeIR'` has type headerStackTypeIR
......... Let `(typeIR [ n_size ])` be `typeIR'` as headerStackTypeIR

......... Case analysis on ctk_index matches pattern `LCTK`
.......... Case true
........... Let [`value_index` be the static evaluation of `typedExpressionIR_index_reduced`, under cursor `p` and typing context `TC`](Eval_static)

........... Let `int` be `$to_number(value_index)`

........... If (`int` has type nat), then

............ Let `n_index` be `int` as nat

............ If ((n_index < n_size)), then

............. Let `expressionNoteIR` be (( typeIR (dyn) ))

............. Result in (`(typedExpressionIR_base [ typedExpressionIR_index_reduced ])` as expressionIR # expressionNoteIR)

.......... Case false
........... Let `expressionNoteIR` be (( typeIR (dyn) ))

........... Result in (`(typedExpressionIR_base [ typedExpressionIR_index_reduced ])` as expressionIR # expressionNoteIR)

.... Case `indexAccessExpression` matches pattern `%[%:%]`
..... Let `(expression_base [ expression_hi : expression_lo ])` be indexAccessExpression

..... Group indexAccessExpression-bitslice: p, TC, `(expression_base [ expression_hi : expression_lo ])` as expression

...... Let [`typedExpressionIR_base` be the result of typing `expression_base`, under cursor `p` and typing context `TC`](Expr_ok)

...... Let [`typedExpressionIR_hi` be the result of typing `expression_hi`, under cursor `p` and typing context `TC`](Expr_ok)

...... Let [`typedExpressionIR_lo` be the result of typing `expression_lo`, under cursor `p` and typing context `TC`](Expr_ok)

...... Let `typedExpressionIR?{typedExpressionIR <- typedExpressionIR?}` be `$reduce_serenum_unary(typedExpressionIR_base, $compat_bitslice_base)`

...... If (typedExpressionIR?{typedExpressionIR <- typedExpressionIR?} matches pattern (_)), then

....... Let `?(typedExpressionIR_base_reduced)` be typedExpressionIR?{typedExpressionIR <- typedExpressionIR?}

....... Let `(_expressionIR # (( typeIR_base_reduced ctk_base_reduced )))` be typedExpressionIR_base_reduced

....... Let `typedExpressionIR'?{typedExpressionIR' <- typedExpressionIR'?}` be `$reduce_serenum_unary(typedExpressionIR_hi, $compat_bitslice_index)`

....... If (typedExpressionIR'?{typedExpressionIR' <- typedExpressionIR'?} matches pattern (_)), then

........ Let `?(typedExpressionIR_hi_reduced)` be typedExpressionIR'?{typedExpressionIR' <- typedExpressionIR'?}

........ Let `typedExpressionIR''?{typedExpressionIR'' <- typedExpressionIR''?}` be `$reduce_serenum_unary(typedExpressionIR_lo, $compat_bitslice_index)`

........ If (typedExpressionIR''?{typedExpressionIR'' <- typedExpressionIR''?} matches pattern (_)), then

......... Let `?(typedExpressionIR_lo_reduced)` be typedExpressionIR''?{typedExpressionIR'' <- typedExpressionIR''?}

......... Let `(_expressionIR' # (( typeIR_hi_reduced ctk_hi_reduced )))` be typedExpressionIR_hi_reduced

......... Let `(_expressionIR'' # (( typeIR_lo_reduced ctk_lo_reduced )))` be typedExpressionIR_lo_reduced

......... If (ctk_hi_reduced matches pattern `LCTK`), then

.......... Let [`value_hi` be the static evaluation of `typedExpressionIR_hi_reduced`, under cursor `p` and typing context `TC`](Eval_static)

.......... Let `int` be `$to_number(value_hi)`

.......... If (`int` has type nat), then

........... Let `n_hi` be `int` as nat

........... If (ctk_lo_reduced matches pattern `LCTK`), then

............ Let [`value_lo` be the static evaluation of `typedExpressionIR_lo_reduced`, under cursor `p` and typing context `TC`](Eval_static)

............ Let `int'` be `$to_number(value_lo)`

............ If (`int'` has type nat), then

............. Let `n_lo` be `int'` as nat

............. If (`$is_valid_bitslice(typeIR_base_reduced, n_lo, n_hi)`), then

.............. Let `int''` be n_hi - n_lo + `1` as int

.............. If (`int''` has type nat), then

............... Let `n_slice` be `int''` as nat

............... Let `typeIR` be `(bit< n_slice >)` as typeIR

............... Let `expressionNoteIR` be (( typeIR ctk_base_reduced ))

............... Result in (`(typedExpressionIR_base [ typedExpressionIR_hi_reduced : typedExpressionIR_lo_reduced ])` as expressionIR # expressionNoteIR)

.. Case `expression'''` has type callExpression
... Let `callExpression` be `expression'''` as callExpression

... Group callExpression-routineTarget: p, TC, `callExpression` as expression

.... Case analysis on callExpression
..... Case `callExpression` matches pattern `%(%)`
...... Let `(callTarget ( argumentList ))` be callExpression

...... If (`callTarget` has type routineTarget), then

....... Let `routineTarget` be `callTarget` as routineTarget

....... Let [`routineTargetIR` be the result of typing `routineTarget`, under cursor `p` and typing context `TC`](RoutineTarget_ok)

....... Let `argument*{argument <- argument*}` be `$flatten_argumentList(argumentList)`

Let , obtained by repeating:
 ....... Let [`argumentIR` be the result of typing `argument`, under cursor `p` and typing context `TC`](Argument_ok)
for each `argument` in `argument*` and `argumentIR` in `argumentIR*`

....... (RoutineType_ok: p TC |- routineTargetIR < [] >( argumentIR*{argumentIR <- argumentIR*} ): routineTypeIR <# tid_inserted*{tid_inserted <- tid_inserted*} >(# id_default*{id_default <- id_default*} ))

....... Let `tid_infer*{tid_infer <- tid_infer*}` be tid_inserted*{tid_inserted <- tid_inserted*}

....... (Call_ok: p TC |- routineTypeIR < [] # tid_infer*{tid_infer <- tid_infer*} >( argumentIR*{argumentIR <- argumentIR*} # id_default*{id_default <- id_default*} ): typeIR_ret < typeArgumentIR_inferred*{typeArgumentIR_inferred <- typeArgumentIR_inferred*} >( argumentIR_cast*{argumentIR_cast <- argumentIR_cast*} ))

....... If ((typeIR_ret =/= `(void)` as typeIR)), then

........ Let `ctk` be `$is_static_routineTarget(routineTargetIR)`

........ Let `callExpressionIR` be (routineTargetIR < typeArgumentIR_inferred*{typeArgumentIR_inferred <- typeArgumentIR_inferred*} >( argumentIR_cast*{argumentIR_cast <- argumentIR_cast*} ))

........ Let `expressionNoteIR` be (( typeIR_ret ctk ))

........ Result in (`callExpressionIR` as expressionIR # expressionNoteIR)

..... Case `callExpression` matches pattern `%<%>(%)`
...... Let `(routineTarget < realTypeArgumentList >( argumentList ))` be callExpression

...... Let [`routineTargetIR` be the result of typing `routineTarget`, under cursor `p` and typing context `TC`](RoutineTarget_ok)

...... Let `realTypeArgument*{realTypeArgument <- realTypeArgument*}` be `$flatten_realTypeArgumentList(realTypeArgumentList)`

...... (TypeArguments_ok: p TC |- `realTypeArgument*{realTypeArgument <- realTypeArgument*}` as typeArgument* : typeArgumentIR*{typeArgumentIR <- typeArgumentIR*} # tid_impl*{tid_impl <- tid_impl*})

...... Let `argument*{argument <- argument*}` be `$flatten_argumentList(argumentList)`

Let , obtained by repeating:
 ...... Let [`argumentIR` be the result of typing `argument`, under cursor `p` and typing context `TC`](Argument_ok)
for each `argument` in `argument*` and `argumentIR` in `argumentIR*`

...... (RoutineType_ok: p TC |- routineTargetIR < typeArgumentIR*{typeArgumentIR <- typeArgumentIR*} >( argumentIR*{argumentIR <- argumentIR*} ): routineTypeIR <# tid_inserted*{tid_inserted <- tid_inserted*} >(# id_default*{id_default <- id_default*} ))

...... Let `tid_infer*{tid_infer <- tid_infer*}` be tid_impl*{tid_impl <- tid_impl*} ++ tid_inserted*{tid_inserted <- tid_inserted*}

...... (Call_ok: p TC |- routineTypeIR < typeArgumentIR*{typeArgumentIR <- typeArgumentIR*} # tid_infer*{tid_infer <- tid_infer*} >( argumentIR*{argumentIR <- argumentIR*} # id_default*{id_default <- id_default*} ): typeIR_ret < typeArgumentIR_inferred*{typeArgumentIR_inferred <- typeArgumentIR_inferred*} >( argumentIR_cast*{argumentIR_cast <- argumentIR_cast*} ))

...... If ((typeIR_ret =/= `(void)` as typeIR)), then

....... Let `ctk` be `$is_static_routineTarget(routineTargetIR)`

....... Let `callExpressionIR` be (routineTargetIR < typeArgumentIR_inferred*{typeArgumentIR_inferred <- typeArgumentIR_inferred*} >( argumentIR_cast*{argumentIR_cast <- argumentIR_cast*} ))

....... Let `expressionNoteIR` be (( typeIR_ret ctk ))

....... Result in (`callExpressionIR` as expressionIR # expressionNoteIR)

... If (callExpression matches pattern `%(%)`), then

.... Let `(callTarget ( argumentList ))` be callExpression

.... Group callExpression-constructorTarget: p, TC, `(callTarget ( argumentList ))` as expression

..... Case analysis on callTarget
...... Case `callTarget` has type prefixedTypeName
....... Let `prefixedTypeName` be `callTarget` as prefixedTypeName

....... Let `argument*{argument <- argument*}` be `$flatten_argumentList(argumentList)`

Let , obtained by repeating:
 ....... Let [`argumentIR` be the result of typing `argument`, under cursor `p` and typing context `TC`](Argument_ok)
for each `argument` in `argument*` and `argumentIR` in `argumentIR*`

....... Let `prefixedNameIR` be `$prefixedTypeName(prefixedTypeName)`

....... (ConstructorType_ok: p TC |- prefixedNameIR < [] >( argumentIR*{argumentIR <- argumentIR*} ): constructorTypeIR <# tid_impl*{tid_impl <- tid_impl*} >(# id_default*{id_default <- id_default*} ))

....... (Inst_ok: p TC (anon) |- constructorTypeIR < [] # tid_impl*{tid_impl <- tid_impl*} >( argumentIR*{argumentIR <- argumentIR*} # id_default*{id_default <- id_default*} ): typeIR_object < typeArgumentIR_inferred*{typeArgumentIR_inferred <- typeArgumentIR_inferred*} >( argumentIR_cast*{argumentIR_cast <- argumentIR_cast*} ))

....... If (`$is_concrete_extern_object(typeIR_object)`), then

........ Let `callExpressionIR` be ((prefixedNameIR < typeArgumentIR_inferred*{typeArgumentIR_inferred <- typeArgumentIR_inferred*} >) ( argumentIR_cast*{argumentIR_cast <- argumentIR_cast*} ))

........ Let `expressionNoteIR` be (( typeIR_object (ctk) ))

........ Result in (`callExpressionIR` as expressionIR # expressionNoteIR)

...... Case `callTarget` has type specializedType
....... Let `(prefixedTypeName < typeArgumentList >)` be `callTarget` as specializedType

....... Let `typeArgument*{typeArgument <- typeArgument*}` be `$flatten_typeArgumentList(typeArgumentList)`

....... (TypeArguments_ok: p TC |- typeArgument*{typeArgument <- typeArgument*} : typeArgumentIR*{typeArgumentIR <- typeArgumentIR*} # tid_impl*{tid_impl <- tid_impl*})

....... Let `argument*{argument <- argument*}` be `$flatten_argumentList(argumentList)`

Let , obtained by repeating:
 ....... Let [`argumentIR` be the result of typing `argument`, under cursor `p` and typing context `TC`](Argument_ok)
for each `argument` in `argument*` and `argumentIR` in `argumentIR*`

....... Let `prefixedNameIR` be `$prefixedTypeName(prefixedTypeName)`

....... (ConstructorType_ok: p TC |- prefixedNameIR < typeArgumentIR*{typeArgumentIR <- typeArgumentIR*} >( argumentIR*{argumentIR <- argumentIR*} ): constructorTypeIR <# tid_inserted*{tid_inserted <- tid_inserted*} >(# id_default*{id_default <- id_default*} ))

....... Let `tid_infer*{tid_infer <- tid_infer*}` be tid_impl*{tid_impl <- tid_impl*} ++ tid_inserted*{tid_inserted <- tid_inserted*}

....... (Inst_ok: p TC (anon) |- constructorTypeIR < typeArgumentIR*{typeArgumentIR <- typeArgumentIR*} # tid_infer*{tid_infer <- tid_infer*} >( argumentIR*{argumentIR <- argumentIR*} # id_default*{id_default <- id_default*} ): typeIR_object < typeArgumentIR_inferred*{typeArgumentIR_inferred <- typeArgumentIR_inferred*} >( argumentIR_cast*{argumentIR_cast <- argumentIR_cast*} ))

....... If (`$is_concrete_extern_object(typeIR_object)`), then

........ Let `callExpressionIR` be ((prefixedNameIR < typeArgumentIR_inferred*{typeArgumentIR_inferred <- typeArgumentIR_inferred*} >) ( argumentIR_cast*{argumentIR_cast <- argumentIR_cast*} ))

........ Let `expressionNoteIR` be (( typeIR_object (ctk) ))

........ Result in (`callExpressionIR` as expressionIR # expressionNoteIR)

.. Case `expression'''` has type parenthesizedExpression
... Let `(( expression ))` be `expression'''` as parenthesizedExpression

... Group parenthesizedExpression: p, TC, `(( expression ))` as expression

.... Let [`typedExpressionIR` be the result of typing `expression`, under cursor `p` and typing context `TC`](Expr_ok)

.... Let `(_expressionIR # expressionNoteIR)` be typedExpressionIR

.... Result in (`(( typedExpressionIR ))` as expressionIR # expressionNoteIR)

relation Argument_ok: p, TC, argument

. If (`argument` has type expression), then

.. Let `expression` be `argument` as expression

.. Group expression: p, TC, `expression` as argument

... Let [`typedExpressionIR` be the result of typing `expression`, under cursor `p` and typing context `TC`](Expr_ok)

... Result in `typedExpressionIR` as argumentIR

. Case analysis on argument
.. Case `argument` matches pattern `%=%`
... Let `(name = expression)` be argument

... Group name-expression: p, TC, (name = expression)

.... Let `nameIR` be `$name(name)`

.... Let [`typedExpressionIR` be the result of typing `expression`, under cursor `p` and typing context `TC`](Expr_ok)

.... Result in (nameIR = typedExpressionIR)

.. Case `argument` matches pattern `%=_`
... Let `(name =_)` be argument

... Group name-dontcare: p, TC, (name =_)

.... Let `nameIR` be `$name(name)`

.... Result in (nameIR =_)

.. Case `argument` matches pattern `_`
... Group dontcare: p, TC, (_)

.... Result in (_)

relation Lvalue_ok: p, TC, lvalue

. If (`lvalue` has type prefixedNonTypeName), then

.. Let `prefixedNonTypeName` be `lvalue` as prefixedNonTypeName

.. Group referenceExpression-prefixedNonTypeName: p, TC, `prefixedNonTypeName` as lvalue

... Let `prefixedNameIR` be `$prefixedNonTypeName(prefixedNonTypeName)`

... Let `varTypeIR?{varTypeIR <- varTypeIR?}` be `$find_var(p, TC, prefixedNameIR)`

... If (varTypeIR?{varTypeIR <- varTypeIR?} matches pattern (_)), then

.... Let `?((direction typeIR ctk value?{value <- value?}))` be varTypeIR?{varTypeIR <- varTypeIR?}

.... If (ctk matches pattern `DYN`), then

..... If (value?{value <- value?} matches pattern ()), then

...... Case analysis on direction
....... Case `direction` matches pattern `OUT`
........ Result in (`prefixedNameIR` as lvalueIR #( typeIR ))

....... Case `direction` matches pattern `INOUT`
........ Result in (`prefixedNameIR` as lvalueIR #( typeIR ))

. Case analysis on lvalue
.. Case `lvalue` matches pattern `%.%`
... Let `(lvalue_base . member)` be lvalue

... Group lvalue-member: p, TC, (lvalue_base . member)

.... Let [`typedLvalueIR_base` be the result of typing `lvalue_base`, under cursor `p` and typing context `TC`](Lvalue_ok)

.... Let `(_lvalueIR #( typeIR_base ))` be typedLvalueIR_base

.... Let `typeIR'` be `$canon(typeIR_base)`

.... Case analysis on typeIR'
..... Case `typeIR'` has type headerStackTypeIR
...... Let `(typeIR [ _nat ])` be `typeIR'` as headerStackTypeIR

...... Let `nameIR` be `$name(member)`

...... Case analysis on nameIR
....... Case nameIR = "next"
........ If ((p = (block)) /\ `$is_parser_blockKind(TC.block.kind)`), then

......... Let `typedLvalueIR` be ((typedLvalueIR_base . nameIR) #( typeIR ))

......... Result in typedLvalueIR

........ If ((p = (local)) /\ `$is_parser_state_localKind(TC.local.kind)`), then

......... Let `typedLvalueIR` be ((typedLvalueIR_base . nameIR) #( typeIR ))

......... Result in typedLvalueIR

....... Case nameIR = "last"
........ If ((p = (block)) /\ `$is_parser_blockKind(TC.block.kind)`), then

......... Let `typedLvalueIR` be ((typedLvalueIR_base . nameIR) #( typeIR ))

......... Result in typedLvalueIR

........ If ((p = (local)) /\ `$is_parser_state_localKind(TC.local.kind)`), then

......... Let `typedLvalueIR` be ((typedLvalueIR_base . nameIR) #( typeIR ))

......... Result in typedLvalueIR

..... Case `typeIR'` has type structTypeIR
...... Let `(struct _tid { (typeIR_f nameIR_f ;)*{nameIR_f <- nameIR_f*, typeIR_f <- typeIR_f*} })` be `typeIR'` as structTypeIR

...... Let `nameIR` be `$name(member)`

...... Let `typeIR''?{typeIR'' <- typeIR''?}` be `$assoc_<nameIR, typeIR>(nameIR, (nameIR_f, typeIR_f)*{nameIR_f <- nameIR_f*, typeIR_f <- typeIR_f*})`

...... If (typeIR''?{typeIR'' <- typeIR''?} matches pattern (_)), then

....... Let `?(typeIR)` be typeIR''?{typeIR'' <- typeIR''?}

....... Let `typedLvalueIR` be ((typedLvalueIR_base . nameIR) #( typeIR ))

....... Result in typedLvalueIR

..... Case `typeIR'` has type headerTypeIR
...... Let `(header _tid { (typeIR_f nameIR_f ;)*{nameIR_f <- nameIR_f*, typeIR_f <- typeIR_f*} })` be `typeIR'` as headerTypeIR

...... Let `nameIR` be `$name(member)`

...... Let `typeIR''?{typeIR'' <- typeIR''?}` be `$assoc_<nameIR, typeIR>(nameIR, (nameIR_f, typeIR_f)*{nameIR_f <- nameIR_f*, typeIR_f <- typeIR_f*})`

...... If (typeIR''?{typeIR'' <- typeIR''?} matches pattern (_)), then

....... Let `?(typeIR)` be typeIR''?{typeIR'' <- typeIR''?}

....... Let `typedLvalueIR` be ((typedLvalueIR_base . nameIR) #( typeIR ))

....... Result in typedLvalueIR

..... Case `typeIR'` has type headerUnionTypeIR
...... Let `(header_union _tid { (typeIR_f nameIR_f ;)*{nameIR_f <- nameIR_f*, typeIR_f <- typeIR_f*} })` be `typeIR'` as headerUnionTypeIR

...... Let `nameIR` be `$name(member)`

...... Let `typeIR''?{typeIR'' <- typeIR''?}` be `$assoc_<nameIR, typeIR>(nameIR, (nameIR_f, typeIR_f)*{nameIR_f <- nameIR_f*, typeIR_f <- typeIR_f*})`

...... If (typeIR''?{typeIR'' <- typeIR''?} matches pattern (_)), then

....... Let `?(typeIR)` be typeIR''?{typeIR'' <- typeIR''?}

....... Let `typedLvalueIR` be ((typedLvalueIR_base . nameIR) #( typeIR ))

....... Result in typedLvalueIR

.. Case `lvalue` matches pattern `%[%]`
... Let `(lvalue_base [ expression_index ])` be lvalue

... Group lvalue-expression: p, TC, (lvalue_base [ expression_index ])

.... Let [`typedLvalueIR_base` be the result of typing `lvalue_base`, under cursor `p` and typing context `TC`](Lvalue_ok)

.... Let `(_lvalueIR #( typeIR_base ))` be typedLvalueIR_base

.... Let `typeIR'` be `$canon(typeIR_base)`

.... If (`typeIR'` has type headerStackTypeIR), then

..... Let `(typeIR [ n_size ])` be `typeIR'` as headerStackTypeIR

..... Let [`typedExpressionIR_index` be the result of typing `expression_index`, under cursor `p` and typing context `TC`](Expr_ok)

..... Let `(_expressionIR # (( typeIR_index ctk_index )))` be typedExpressionIR_index

..... Let `typedExpressionIR?{typedExpressionIR <- typedExpressionIR?}` be `$reduce_serenum_unary(typedExpressionIR_index, $compat_array_index)`

..... If (typedExpressionIR?{typedExpressionIR <- typedExpressionIR?} matches pattern (_)), then

...... Let `?(typedExpressionIR_index_reduced)` be typedExpressionIR?{typedExpressionIR <- typedExpressionIR?}

...... Case analysis on ctk_index matches pattern `LCTK`
....... Case true
........ Let [`value_index` be the static evaluation of `typedExpressionIR_index_reduced`, under cursor `p` and typing context `TC`](Eval_static)

........ Let `int` be `$to_number(value_index)`

........ If (`int` has type nat), then

......... Let `n_index` be `int` as nat

......... If ((n_index < n_size)), then

.......... Let `typedLvalueIR` be ((typedLvalueIR_base [ typedExpressionIR_index_reduced ]) #( typeIR ))

.......... Result in typedLvalueIR

....... Case false
........ Let `typedLvalueIR` be ((typedLvalueIR_base [ typedExpressionIR_index_reduced ]) #( typeIR ))

........ Result in typedLvalueIR

.. Case `lvalue` matches pattern `%[%:%]`
... Let `(lvalue_base [ expression_hi : expression_lo ])` be lvalue

... Group lvalue-expression-expression: p, TC, (lvalue_base [ expression_hi : expression_lo ])

.... Let [`typedLvalueIR_base` be the result of typing `lvalue_base`, under cursor `p` and typing context `TC`](Lvalue_ok)

.... Let `(_lvalueIR #( typeIR_base ))` be typedLvalueIR_base

.... If (`$compat_bitslice_base(typeIR_base)`), then

..... Let [`typedExpressionIR_hi` be the result of typing `expression_hi`, under cursor `p` and typing context `TC`](Expr_ok)

..... Let [`typedExpressionIR_lo` be the result of typing `expression_lo`, under cursor `p` and typing context `TC`](Expr_ok)

..... Let `typedExpressionIR?{typedExpressionIR <- typedExpressionIR?}` be `$reduce_serenum_unary(typedExpressionIR_hi, $compat_bitslice_index)`

..... If (typedExpressionIR?{typedExpressionIR <- typedExpressionIR?} matches pattern (_)), then

...... Let `?(typedExpressionIR_hi_reduced)` be typedExpressionIR?{typedExpressionIR <- typedExpressionIR?}

...... Let `typedExpressionIR'?{typedExpressionIR' <- typedExpressionIR'?}` be `$reduce_serenum_unary(typedExpressionIR_lo, $compat_bitslice_index)`

...... If (typedExpressionIR'?{typedExpressionIR' <- typedExpressionIR'?} matches pattern (_)), then

....... Let `?(typedExpressionIR_lo_reduced)` be typedExpressionIR'?{typedExpressionIR' <- typedExpressionIR'?}

....... Let `(_expressionIR # (( typeIR_hi_reduced ctk_hi_reduced )))` be typedExpressionIR_hi_reduced

....... Let `(_expressionIR' # (( typeIR_lo_reduced ctk_lo_reduced )))` be typedExpressionIR_lo_reduced

....... If (ctk_hi_reduced matches pattern `LCTK`), then

........ Let [`value_hi` be the static evaluation of `typedExpressionIR_hi_reduced`, under cursor `p` and typing context `TC`](Eval_static)

........ Let `int` be `$to_number(value_hi)`

........ If (`int` has type nat), then

......... Let `n_hi` be `int` as nat

......... If (ctk_lo_reduced matches pattern `LCTK`), then

.......... Let [`value_lo` be the static evaluation of `typedExpressionIR_lo_reduced`, under cursor `p` and typing context `TC`](Eval_static)

.......... Let `int'` be `$to_number(value_lo)`

.......... If (`int'` has type nat), then

........... Let `n_lo` be `int'` as nat

........... If (`$is_valid_bitslice(typeIR_base, n_lo, n_hi)`), then

............ Let `int''` be n_hi - n_lo + `1` as int

............ If (`int''` has type nat), then

............. Let `n_slice` be `int''` as nat

............. Let `typeIR` be `(bit< n_slice >)` as typeIR

............. Let `typedLvalueIR` be ((typedLvalueIR_base [ typedExpressionIR_hi_reduced : typedExpressionIR_lo_reduced ]) #( typeIR ))

............. Result in typedLvalueIR

.. Case `lvalue` matches pattern `(%)`
... Let `(( lvalue_base ))` be lvalue

... Group parenthesized: p, TC, (( lvalue_base ))

.... Let [`typedLvalueIR_base` be the result of typing `lvalue_base`, under cursor `p` and typing context `TC`](Lvalue_ok)

.... Let `(_lvalueIR #( typeIR_base ))` be typedLvalueIR_base

.... Let `typedLvalueIR` be ((( typedLvalueIR_base )) #( typeIR_base ))

.... Result in typedLvalueIR

relation Stmt_ok: p', TC', f', statement

. Case analysis on statement
.. Case `statement` has type emptyStatement
... Let `emptyStatement` be `statement` as emptyStatement

... Group emptyStatement: p, TC, f, `(;)` as statement

.... Result in TC', f', `(;)` as statementIR

.. Case `statement` has type assignmentStatement
... Let `(lvalue assignop expression ;)` be `statement` as assignmentStatement

... If (assignop matches pattern `=`), then

.... Group assignmentStatement-eq: p, TC, f, `(lvalue (=) expression ;)` as statement

..... Let [`typedLvalueIR` be the result of typing `lvalue`, under cursor `p'` and typing context `TC'`](Lvalue_ok)

..... Let [`typedExpressionIR` be the result of typing `expression`, under cursor `p'` and typing context `TC'`](Expr_ok)

..... Let `(_lvalueIR #( typeIR_l ))` be typedLvalueIR

..... Let `(_expressionIR # (( typeIR_r _ctk )))` be typedExpressionIR

..... Let `typedExpressionIR'?{typedExpressionIR' <- typedExpressionIR'?}` be `$coerce_unary(typedExpressionIR, typeIR_l)`

..... If (typedExpressionIR'?{typedExpressionIR' <- typedExpressionIR'?} matches pattern (_)), then

...... Let `?(typedExpressionIR_cast)` be typedExpressionIR'?{typedExpressionIR' <- typedExpressionIR'?}

...... Result in TC', f', `(typedLvalueIR (=) typedExpressionIR_cast ;)` as statementIR

.. Case `statement` has type callStatement
... Let `callStatement` be `statement` as callStatement

... Group callStatement: p, TC, f, `callStatement` as statement

.... Case analysis on callStatement
..... Case `callStatement` matches pattern `%(%);`
...... Let `(lvalue_routine ( argumentList );)` be callStatement

...... Let [`routineTargetIR` be the result of typing `lvalue_routine`, under cursor `p'` and typing context `TC'`](RoutineTarget_lvalue_ok)

...... Let `argument*{argument <- argument*}` be `$flatten_argumentList(argumentList)`

Let , obtained by repeating:
 ...... Let [`argumentIR` be the result of typing `argument`, under cursor `p'` and typing context `TC'`](Argument_ok)
for each `argument` in `argument*` and `argumentIR` in `argumentIR*`

...... (RoutineType_ok: p' TC' |- routineTargetIR < [] >( argumentIR*{argumentIR <- argumentIR*} ): routineTypeIR <# tid_impl*{tid_impl <- tid_impl*} >(# id_default*{id_default <- id_default*} ))

...... (Call_ok: p' TC' |- routineTypeIR < [] # tid_impl*{tid_impl <- tid_impl*} >( argumentIR*{argumentIR <- argumentIR*} # id_default*{id_default <- id_default*} ): typeIR_ret < typeArgumentIR_inferred*{typeArgumentIR_inferred <- typeArgumentIR_inferred*} >( argumentIR_cast*{argumentIR_cast <- argumentIR_cast*} ))

...... Let `callStatementIR` be (routineTargetIR < typeArgumentIR_inferred*{typeArgumentIR_inferred <- typeArgumentIR_inferred*} >( argumentIR_cast*{argumentIR_cast <- argumentIR_cast*} );)

...... Result in TC', f', `callStatementIR` as statementIR

..... Case `callStatement` matches pattern `%<%>(%);`
...... Let `(lvalue_routine < typeArgumentList >( argumentList );)` be callStatement

...... Let [`routineTargetIR` be the result of typing `lvalue_routine`, under cursor `p'` and typing context `TC'`](RoutineTarget_lvalue_ok)

...... Let `typeArgument*{typeArgument <- typeArgument*}` be `$flatten_typeArgumentList(typeArgumentList)`

...... (TypeArguments_ok: p' TC' |- typeArgument*{typeArgument <- typeArgument*} : typeArgumentIR*{typeArgumentIR <- typeArgumentIR*} # tid_impl*{tid_impl <- tid_impl*})

...... Let `argument*{argument <- argument*}` be `$flatten_argumentList(argumentList)`

Let , obtained by repeating:
 ...... Let [`argumentIR` be the result of typing `argument`, under cursor `p'` and typing context `TC'`](Argument_ok)
for each `argument` in `argument*` and `argumentIR` in `argumentIR*`

...... (RoutineType_ok: p' TC' |- routineTargetIR < typeArgumentIR*{typeArgumentIR <- typeArgumentIR*} >( argumentIR*{argumentIR <- argumentIR*} ): routineTypeIR <# tid_inserted*{tid_inserted <- tid_inserted*} >(# id_default*{id_default <- id_default*} ))

...... Let `tid_infer*{tid_infer <- tid_infer*}` be tid_impl*{tid_impl <- tid_impl*} ++ tid_inserted*{tid_inserted <- tid_inserted*}

...... (Call_ok: p' TC' |- routineTypeIR < [] # tid_infer*{tid_infer <- tid_infer*} >( argumentIR*{argumentIR <- argumentIR*} # id_default*{id_default <- id_default*} ): typeIR_ret < typeArgumentIR_inferred*{typeArgumentIR_inferred <- typeArgumentIR_inferred*} >( argumentIR_cast*{argumentIR_cast <- argumentIR_cast*} ))

...... Let `callStatementIR` be (routineTargetIR < typeArgumentIR_inferred*{typeArgumentIR_inferred <- typeArgumentIR_inferred*} >( argumentIR_cast*{argumentIR_cast <- argumentIR_cast*} );)

...... Result in TC', f', `callStatementIR` as statementIR

.. Case `statement` has type directApplicationStatement
... Let `(namedType .apply( argumentList );)` be `statement` as directApplicationStatement

... Group directApplicationStatement-prefixedTypeName: p, TC_0, f, `(namedType .apply( argumentList );)` as statement

.... Let [`(expressionIR # (( typeIR_object _ctk )))` be the result of typing ``(`namedType` as callTarget ( () ))` as expression`, under cursor `p'` and typing context `TC'`](Expr_ok)

.... If (`expressionIR` has type callExpressionIR), then

..... Let `callExpressionIR` be `expressionIR` as callExpressionIR

..... If (callExpressionIR matches pattern `%(%)`), then

...... Let `((prefixedNameIR < typeArgumentIR*{typeArgumentIR <- typeArgumentIR*} >) ( argumentIR*{argumentIR <- argumentIR*} ))` be callExpressionIR

...... If (typeArgumentIR*{typeArgumentIR <- typeArgumentIR*} matches pattern []), then

....... If (argumentIR*{argumentIR <- argumentIR*} matches pattern []), then

........ If (`$compat_direct_application(typeIR_object)`), then

......... Let `nameIR_object` be "__direct_application"

......... Let `TC_1` be `$add_var(p', TC', nameIR_object, (() typeIR_object (ctk) ?()))`

......... Let `lvalue` be (`(nameIR_object)` as lvalue . `("apply")` as member)

......... (Stmt_ok: p' TC_1 f' |- `(lvalue ( argumentList );)` as statement : _typingContext _flow statementIR)

......... If (`statementIR` has type callStatementIR), then

.......... Let `callStatementIR` be `statementIR` as callStatementIR

.......... Let `(routineTargetIR < typeArgumentIR'*{typeArgumentIR' <- typeArgumentIR'*} >( argumentIR_cast*{argumentIR_cast <- argumentIR_cast*} );)` be callStatementIR

.......... If ((routineTargetIR = ((`(` nameIR_object)` as expressionIR # (( typeIR_object (ctk) ))) . "apply"))), then

........... If (typeArgumentIR'*{typeArgumentIR' <- typeArgumentIR'*} matches pattern []), then

............ Let `directApplicationStatementIR` be (prefixedNameIR .apply( argumentIR_cast*{argumentIR_cast <- argumentIR_cast*} );)

............ Result in TC', f', `directApplicationStatementIR` as statementIR

.. Case `statement` has type exitStatement
... Let `exitStatement` be `statement` as exitStatement

... Group exitStatement: p, TC, f, `(exit;)` as statement

.... Result in TC', f', `(exit;)` as statementIR

.. Case `statement` has type conditionalStatement
... Let `conditionalStatement` be `statement` as conditionalStatement

... Group conditionalStatement: p, TC, f, `conditionalStatement` as statement

.... Case analysis on conditionalStatement
..... Case `conditionalStatement` matches pattern `IF(%)%`
...... Let `(if( expression_cond ) statement_then)` be conditionalStatement

...... Let [`typedExpressionIR_cond` be the result of typing `expression_cond`, under cursor `p'` and typing context `TC'`](Expr_ok)

...... Let `(_expressionIR # (( typeIR _ctk )))` be typedExpressionIR_cond

...... If (`typeIR` has type primitiveTypeIR), then

....... Let `primitiveTypeIR` be `typeIR` as primitiveTypeIR

....... If (primitiveTypeIR matches pattern `BOOL`), then

........ (Stmt_ok: p' TC' f' |- statement_then : TC_then f_then statementIR_then)

........ Result in TC', f', `(if( typedExpressionIR_cond ) statementIR_then)` as statementIR

..... Case `conditionalStatement` matches pattern `IF(%)%ELSE%`
...... Let `(if( expression_cond ) statement_then else statement_else)` be conditionalStatement

...... Let [`typedExpressionIR_cond` be the result of typing `expression_cond`, under cursor `p'` and typing context `TC'`](Expr_ok)

...... Let `(_expressionIR # (( typeIR _ctk )))` be typedExpressionIR_cond

...... If (`typeIR` has type primitiveTypeIR), then

....... Let `primitiveTypeIR` be `typeIR` as primitiveTypeIR

....... If (primitiveTypeIR matches pattern `BOOL`), then

........ (Stmt_ok: p' TC' f' |- statement_then : TC_then f_then statementIR_then)

........ (Stmt_ok: p' TC' f' |- statement_else : TC_else f_else statementIR_else)

........ Let `f_post` be `$join_flow(f_then, f_else)`

........ Result in TC', f_post, `(if( typedExpressionIR_cond ) statementIR_then else statementIR_else)` as statementIR

. If (p' matches pattern `LOCAL`), then

.. Case analysis on statement
... Case `statement` has type returnStatement
.... Let `returnStatement` be `statement` as returnStatement

.... Group returnStatement: (local), TC, f, `returnStatement` as statement

..... Case analysis on returnStatement
...... Case `returnStatement` matches pattern `RETURN;`
....... If ((?(`(void)` as typeIR) = `$find_return_type(TC')`)), then

........ Result in TC', (ret), `(return;)` as statementIR

...... Case `returnStatement` matches pattern `RETURN%;`
....... Let `(return expression ;)` be returnStatement

....... Let [`typedExpressionIR` be the result of typing `expression`, under cursor `(local)` and typing context `TC'`](Expr_ok)

....... Let `(_expressionIR # (( typeIR _ctk )))` be typedExpressionIR

....... Let `typeIR'?{typeIR' <- typeIR'?}` be `$find_return_type(TC')`

....... If (typeIR'?{typeIR' <- typeIR'?} matches pattern (_)), then

........ Let `?(typeIR_ret)` be typeIR'?{typeIR' <- typeIR'?}

........ Let `typedExpressionIR'?{typedExpressionIR' <- typedExpressionIR'?}` be `$coerce_unary(typedExpressionIR, typeIR_ret)`

........ If (typedExpressionIR'?{typedExpressionIR' <- typedExpressionIR'?} matches pattern (_)), then

......... Let `?(typedExpressionIR_cast)` be typedExpressionIR'?{typedExpressionIR' <- typedExpressionIR'?}

......... Result in TC', (ret), `(return typedExpressionIR_cast ;)` as statementIR

... Case `statement` has type blockStatement
.... Let `blockStatement` be `statement` as blockStatement

.... Group blockStatement: (local), TC_0, f_0, `blockStatement` as statement

..... (Block_ok: TC' f' |- blockStatement : TC_1 f_1 blockStatementIR)

..... Result in TC_1, f_1, `blockStatementIR` as statementIR

... Case `statement` has type switchStatement
.... Let `(switch( expression_switch ){ switchCaseList })` be `statement` as switchStatement

.... Group switch-table-apply: (local), TC, f, `(switch( expression_switch ){ switchCaseList })` as statement

..... Let [`typedExpressionIR_switch` be the result of typing `expression_switch`, under cursor `(local)` and typing context `TC'`](Expr_ok)

..... Let `(_expressionIR # (( typeIR_switch _ctk )))` be typedExpressionIR_switch

..... Let `typeIR` be `$canon(typeIR_switch)`

..... If (`typeIR` has type tableTypeIR), then

...... Let `tableTypeIR` be `typeIR` as tableTypeIR

...... If (tableTypeIR matches pattern `TABLE_ENUM%{%}`), then

....... Let `(table_enum tid_table_enum { _id*{_id <- _id*} })` be tableTypeIR

....... Let `tid_table` be `$strip_prefix(`$strip_suffix(tid_table_enum, ")")`, "action_list(")`

....... Let `switchCase*{switchCase <- switchCase*}` be `$flatten_switchCaseList(switchCaseList)`

....... (SwitchCases_table_ok: TC' f' tid_table |- switchCase*{switchCase <- switchCase*} : f_post switchCaseIR*{switchCaseIR <- switchCaseIR*} # switchLabel*{switchLabel <- switchLabel*})

....... If ([the elements of `switchLabel*{switchLabel <- switchLabel*}` are distinct]($distinct_)), then

........ Let `switchStatementIR` be (switch( typedExpressionIR_switch ){ switchCaseIR*{switchCaseIR <- switchCaseIR*} })

........ Result in TC', f_post, `switchStatementIR` as statementIR

.... Group switch-general: (local), TC, f, `(switch( expression_switch ){ switchCaseList })` as statement

..... Let [`typedExpressionIR_switch` be the result of typing `expression_switch`, under cursor `(local)` and typing context `TC'`](Expr_ok)

..... Let `(_expressionIR # (( typeIR_switch _ctk )))` be typedExpressionIR_switch

..... If (`$compat_switch(typeIR_switch)`), then

...... Let `switchCase*{switchCase <- switchCase*}` be `$flatten_switchCaseList(switchCaseList)`

...... (SwitchCases_general_ok: TC' f' typeIR_switch |- switchCase*{switchCase <- switchCase*} : f_post switchCaseIR*{switchCaseIR <- switchCaseIR*} # switchLabel*{switchLabel <- switchLabel*})

...... If ([the elements of `switchLabel*{switchLabel <- switchLabel*}` are distinct]($distinct_)), then

....... Let `switchStatementIR` be (switch( typedExpressionIR_switch ){ switchCaseIR*{switchCaseIR <- switchCaseIR*} })

....... Result in TC', f_post, `switchStatementIR` as statementIR

relation BlockElementStmt_ok: TC_0, f, blockElementStatement

. Case analysis on blockElementStatement
.. Case `blockElementStatement` has type constantDeclaration
... Let `constantDeclaration` be `blockElementStatement` as constantDeclaration

... Group constantDeclaration: TC_0, f, `constantDeclaration` as blockElementStatement

.... Let [`declarationIR` be the result of typing ``constantDeclaration` as declaration`, under cursor `(local)` and typing context `TC_0`,
and `TC_1` be the modified typing context](Decl_ok)

.... If (`declarationIR` has type constantDeclarationIR), then

..... Let `constantDeclarationIR` be `declarationIR` as constantDeclarationIR

..... Result in TC_1, f, `constantDeclarationIR` as blockElementStatementIR

.. Case `blockElementStatement` has type variableDeclaration
... Let `(annotationList type name initializerOpt ;)` be `blockElementStatement` as variableDeclaration

... Group variableDeclaration: TC_0, f, `(annotationList type name initializerOpt ;)` as blockElementStatement

.... If (initializerOpt matches pattern ``EMPTY`), then

..... Let [`typeIR` be the result of typing ``type` as typeOrVoid`, under cursor `(local)` and typing context `TC_0`,
and `tid*{tid <- tid*}` be the set of inserted type variables](Type_ok)

..... If (tid*{tid <- tid*} matches pattern []), then

...... If (Type_wf: `$bound((local), TC_0)` |- typeIR) holds, then

....... If (`$is_assignable_typeIR(typeIR)`), then

........ Let `nameIR` be `$name(name)`

........ Let `TC_1` be `$add_var((local), TC_0, nameIR, ((inout) typeIR (dyn) ?()))`

........ Let `variableDeclarationIR` be (annotationList typeIR nameIR ?() ;)

........ Result in TC_1, f, `variableDeclarationIR` as blockElementStatementIR

.... If (`initializerOpt` has type initializer), then

..... Let `(= expression_init)` be `initializerOpt` as initializer

..... Let [`typeIR` be the result of typing ``type` as typeOrVoid`, under cursor `(local)` and typing context `TC_0`,
and `tid*{tid <- tid*}` be the set of inserted type variables](Type_ok)

..... If (tid*{tid <- tid*} matches pattern []), then

...... If (Type_wf: `$bound((local), TC_0)` |- typeIR) holds, then

....... If (`$is_assignable_typeIR(typeIR)`), then

........ Let [`typedExpressionIR_init` be the result of typing `expression_init`, under cursor `(local)` and typing context `TC_0`](Expr_ok)

........ Let `typedExpressionIR?{typedExpressionIR <- typedExpressionIR?}` be `$coerce_unary(typedExpressionIR_init, typeIR)`

........ If (typedExpressionIR?{typedExpressionIR <- typedExpressionIR?} matches pattern (_)), then

......... Let `?(typedExpressionIR_init_cast)` be typedExpressionIR?{typedExpressionIR <- typedExpressionIR?}

......... Let `nameIR` be `$name(name)`

......... Let `TC_1` be `$add_var((local), TC_0, nameIR, ((inout) typeIR (dyn) ?()))`

......... Let `variableDeclarationIR` be (annotationList typeIR nameIR ?((= typedExpressionIR_init_cast)) ;)

......... Result in TC_1, f, `variableDeclarationIR` as blockElementStatementIR

.. Case `blockElementStatement` has type statement
... Let `statement` be `blockElementStatement` as statement

... Group statement: TC_0, f, `statement` as blockElementStatement

.... (Stmt_ok: (local) TC_0 f |- statement : TC_1 f_post statementIR)

.... Result in TC_1, f_post, `statementIR` as blockElementStatementIR

relation BlockElementStmts_ok: TC', f', blockElementStatement*{blockElementStatement <- blockElementStatement*}

. Case analysis on blockElementStatement*{blockElementStatement <- blockElementStatement*}
.. Case `blockElementStatement*{blockElementStatement <- blockElementStatement*}` matches pattern []
... Group nil: TC, f, []

.... Result in TC', f', []

.. Case `blockElementStatement*{blockElementStatement <- blockElementStatement*}` matches pattern _ :: _
... Let `blockElementStatement_h :: blockElementStatement_t*{blockElementStatement_t <- blockElementStatement_t*}` be blockElementStatement*{blockElementStatement <- blockElementStatement*}

... Group cons: TC_0, f_0, blockElementStatement_h :: blockElementStatement_t*{}

.... (BlockElementStmt_ok: TC' f' |- blockElementStatement_h : TC_1 f_1 blockElementStatementIR_h)

.... (BlockElementStmts_ok: TC_1 f_1 |- blockElementStatement_t*{blockElementStatement_t <- blockElementStatement_t*} : TC_2 f_2 blockElementStatementIR_t*{blockElementStatementIR_t <- blockElementStatementIR_t*})

.... Result in TC_2, f_2, blockElementStatementIR_h :: blockElementStatementIR_t*{blockElementStatementIR_t <- blockElementStatementIR_t*}

relation Block_ok: TC_0, f, (annotationList { blockElementStatementList })

. Group : TC_0, f, (annotationList { blockElementStatementList })

.. Let `blockElementStatement*{blockElementStatement <- blockElementStatement*}` be `$flatten_blockElementStatementList(blockElementStatementList)`

.. Let `TC_1` be `$enter(TC_0)`

.. (BlockElementStmts_ok: TC_1 f |- blockElementStatement*{blockElementStatement <- blockElementStatement*} : TC_2 f_post blockElementStatementIR*{blockElementStatementIR <- blockElementStatementIR*})

.. Let `TC_3` be `$exit(TC_2)`

.. Let `blockStatementIR` be (annotationList { blockElementStatementIR*{blockElementStatementIR <- blockElementStatementIR*} })

.. Result in TC_3, f_post, blockStatementIR

relation Parameter_ok: p, TC, (annotationList direction type name initializerOpt)

. If (initializerOpt matches pattern ``EMPTY`), then

.. Group empty: p, TC, (annotationList direction type name ())

... Let [`typeIR` be the result of typing ``type` as typeOrVoid`, under cursor `p` and typing context `TC`,
and `tid_fresh*{tid_fresh <- tid_fresh*}` be the set of inserted type variables](Type_ok)

... Let `bound` be `$union_set<tid>(`$bound(p, TC)`, ({ tid_fresh*{tid_fresh <- tid_fresh*} }))`

... If (Type_wf: bound |- typeIR) holds, then

.... Let `nameIR` be `$name(name)`

.... Result in (annotationList direction typeIR nameIR ?()), tid_fresh*{tid_fresh <- tid_fresh*}

. If (`initializerOpt` has type initializer), then

.. Let `(= expression_init)` be `initializerOpt` as initializer

.. Group initializer: p, TC, (annotationList direction type name `(= expression_init)` as initializerOpt)

... Let [`typeIR` be the result of typing ``type` as typeOrVoid`, under cursor `p` and typing context `TC`,
and `tid_fresh*{tid_fresh <- tid_fresh*}` be the set of inserted type variables](Type_ok)

... Let `bound` be `$union_set<tid>(`$bound(p, TC)`, ({ tid_fresh*{tid_fresh <- tid_fresh*} }))`

... If (Type_wf: bound |- typeIR) holds, then

.... Let [`typedExpressionIR_init` be the result of typing `expression_init`, under cursor `p` and typing context `TC`](Expr_ok)

.... Let `(_expressionIR # (( typeIR_init ctk )))` be typedExpressionIR_init

.... If (ctk matches pattern `LCTK`), then

..... Let `typedExpressionIR?{typedExpressionIR <- typedExpressionIR?}` be `$coerce_unary(typedExpressionIR_init, typeIR)`

..... If (typedExpressionIR?{typedExpressionIR <- typedExpressionIR?} matches pattern (_)), then

...... Let `?(typedExpressionIR_init_cast)` be typedExpressionIR?{typedExpressionIR <- typedExpressionIR?}

...... Let `nameIR` be `$name(name)`

...... Let [`value_init` be the static evaluation of `typedExpressionIR_init_cast`, under cursor `p` and typing context `TC`](Eval_static)

...... Result in (annotationList direction typeIR nameIR ?((= value_init))), tid_fresh*{tid_fresh <- tid_fresh*}

relation Parameters_ok: p, TC, parameter*{parameter <- parameter*}

. Case analysis on parameter*{parameter <- parameter*}
.. Case `parameter*{parameter <- parameter*}` matches pattern []
... Group nil: p, TC, []

.... Result in [], []

.. Case `parameter*{parameter <- parameter*}` matches pattern _ :: _
... Let `parameter_h :: parameter_t*{parameter_t <- parameter_t*}` be parameter*{parameter <- parameter*}

... Group cons: p, TC, parameter_h :: parameter_t*{}

.... Let [`parameterIR_h` be the result of typing `parameter_h`, under cursor `p` and typing context `TC`](Parameter_ok)

.... Let [`parameterIR_t*{parameterIR_t <- parameterIR_t*}` be the result of typing `parameter_t*{parameter_t <- parameter_t*}`, under cursor `p` and typing context `TC`](Parameters_ok)

.... Result in parameterIR_h :: parameterIR_t*{parameterIR_t <- parameterIR_t*}, tid_fresh_h*{tid_fresh_h <- tid_fresh_h*} ++ tid_fresh_t*{tid_fresh_t <- tid_fresh_t*}

relation ConstructorParameter_ok: p, TC, constructorParameter

. Group : p, TC, constructorParameter

.. Let [`constructorParameterIR` be the result of typing `constructorParameter`, under cursor `p` and typing context `TC`](Parameter_ok)

.. Result in constructorParameterIR, tid_fresh*{tid_fresh <- tid_fresh*}

relation ConstructorParameters_ok: p, TC, constructorParameter*{constructorParameter <- constructorParameter*}

. Group : p, TC, constructorParameter*{}

.. Let [`constructorParameterIR*{constructorParameterIR <- constructorParameterIR*}` be the result of typing `constructorParameter*{constructorParameter <- constructorParameter*}`, under cursor `p` and typing context `TC`](Parameters_ok)

.. Result in constructorParameterIR*{constructorParameterIR <- constructorParameterIR*}, tid_fresh*{tid_fresh <- tid_fresh*}

relation ExternMethod_ok: TC_0, tid_extern, methodPrototype

. Case analysis on methodPrototype
.. Case `methodPrototype` matches pattern `%%;`
... Let `(annotationList (typeOrVoid name typeParameterListOpt ( parameterList )) ;)` be methodPrototype

... Group non-abstract: TC_0, tid_extern, (annotationList (typeOrVoid name typeParameterListOpt ( parameterList )) ;)

.... Let `nameIR` be `$name(name)`

.... If ((nameIR =/= tid_extern)), then

..... Let `typeParameter*{typeParameter <- typeParameter*}` be `$flatten_typeParameterListOpt(typeParameterListOpt)`

Let `tid_expl*` be the list of `tid_expl`, obtained by repeating:
 ..... Let `tid_expl` be `$name(typeParameter)`
for each `typeParameter` in `typeParameter*`

..... Let `TC_1` be `$add_types((local), TC_0, tid_expl*{tid_expl <- tid_expl*}, `(tid tid_expl)` as typeDefIR*{tid_expl <- tid_expl*})`

..... Let [`typeIR_ret` be the result of typing `typeOrVoid`, under cursor `(local)` and typing context `TC_1`,
and `tid*{tid <- tid*}` be the set of inserted type variables](Type_ok)

..... If (tid*{tid <- tid*} matches pattern []), then

...... Let `TC_2` be TC_1[local.kind = (extern_method-> typeIR_ret)]

...... Let `parameter*{parameter <- parameter*}` be `$flatten_parameterList(parameterList)`

...... Let [`parameterIR*{parameterIR <- parameterIR*}` be the result of typing `parameter*{parameter <- parameter*}`, under cursor `(local)` and typing context `TC_2`](Parameters_ok)

Let `parameterTypeIR*` be the list of `parameterTypeIR`, obtained by repeating:
 ...... Let `parameterTypeIR` be `$parameterIR(parameterIR)`
for each `parameterIR` in `parameterIR*`

...... Let `TC_3` be `$add_parameters((local), TC_2, parameterTypeIR*{parameterTypeIR <- parameterTypeIR*})`

...... Let `rid` be `$rid(name, parameterList)`

...... Let `methodTypeIR` be (extern_method( parameterTypeIR*{parameterTypeIR <- parameterTypeIR*} )-> typeIR_ret)

...... Let `routineTypeDefIR` be `(`methodTypeIR` as routineTypeIR < tid_expl*{tid_expl <- tid_expl*} , tid_impl*{tid_impl <- tid_impl*} >)` as routineTypeDefIR

...... If (RoutineTypeDef_wf: `$bound((block), TC_0)` |- routineTypeDefIR) holds, then

....... Let `TC_4` be `$add_routine_overload((block), TC_0, rid, routineTypeDefIR)`

....... Let `methodPrototypeIR` be (annotationList (typeIR_ret nameIR < tid_expl*{tid_expl <- tid_expl*} , tid_impl*{tid_impl <- tid_impl*} >( parameterIR*{parameterIR <- parameterIR*} )) ;)

....... Result in TC_4, methodPrototypeIR

.. Case `methodPrototype` matches pattern `%ABSTRACT%;`
... Let `(annotationList abstract (typeOrVoid name typeParameterListOpt ( parameterList )) ;)` be methodPrototype

... Group abstract: TC_0, tid_extern, (annotationList abstract (typeOrVoid name typeParameterListOpt ( parameterList )) ;)

.... Let `nameIR` be `$name(name)`

.... If ((nameIR =/= tid_extern)), then

..... Let `typeParameter*{typeParameter <- typeParameter*}` be `$flatten_typeParameterListOpt(typeParameterListOpt)`

Let `tid_expl*` be the list of `tid_expl`, obtained by repeating:
 ..... Let `tid_expl` be `$name(typeParameter)`
for each `typeParameter` in `typeParameter*`

..... Let `TC_1` be `$add_types((local), TC_0, tid_expl*{tid_expl <- tid_expl*}, `(tid tid_expl)` as typeDefIR*{tid_expl <- tid_expl*})`

..... Let [`typeIR_ret` be the result of typing `typeOrVoid`, under cursor `(local)` and typing context `TC_1`,
and `tid*{tid <- tid*}` be the set of inserted type variables](Type_ok)

..... If (tid*{tid <- tid*} matches pattern []), then

...... Let `TC_2` be TC_1[local.kind = (extern_methodabstract-> typeIR_ret)]

...... Let `parameter*{parameter <- parameter*}` be `$flatten_parameterList(parameterList)`

...... Let [`parameterIR*{parameterIR <- parameterIR*}` be the result of typing `parameter*{parameter <- parameter*}`, under cursor `(local)` and typing context `TC_2`](Parameters_ok)

Let `parameterTypeIR*` be the list of `parameterTypeIR`, obtained by repeating:
 ...... Let `parameterTypeIR` be `$parameterIR(parameterIR)`
for each `parameterIR` in `parameterIR*`

...... Let `TC_3` be `$add_parameters((local), TC_2, parameterTypeIR*{parameterTypeIR <- parameterTypeIR*})`

...... Let `rid` be `$rid(name, parameterList)`

...... Let `methodTypeIR` be (extern_methodabstract( parameterTypeIR*{parameterTypeIR <- parameterTypeIR*} )-> typeIR_ret)

...... Let `routineTypeDefIR` be `(`methodTypeIR` as routineTypeIR < tid_expl*{tid_expl <- tid_expl*} , tid_impl*{tid_impl <- tid_impl*} >)` as routineTypeDefIR

...... If (RoutineTypeDef_wf: `$bound((block), TC_0)` |- routineTypeDefIR) holds, then

....... Let `TC_4` be `$add_routine_overload((block), TC_0, rid, routineTypeDefIR)`

....... Let `methodPrototypeIR` be (annotationList abstract (typeIR_ret nameIR < tid_expl*{tid_expl <- tid_expl*} , tid_impl*{tid_impl <- tid_impl*} >( parameterIR*{parameterIR <- parameterIR*} )) ;)

....... Result in TC_4, methodPrototypeIR

relation ExternMethods_ok: TC', tid_extern, methodPrototype*{methodPrototype <- methodPrototype*}

. Case analysis on methodPrototype*{methodPrototype <- methodPrototype*}
.. Case `methodPrototype*{methodPrototype <- methodPrototype*}` matches pattern []
... Group nil: TC, tid_extern, []

.... Result in TC', []

.. Case `methodPrototype*{methodPrototype <- methodPrototype*}` matches pattern _ :: _
... Let `methodPrototype_h :: methodPrototype_t*{methodPrototype_t <- methodPrototype_t*}` be methodPrototype*{methodPrototype <- methodPrototype*}

... Group cons: TC_0, tid_extern, methodPrototype_h :: methodPrototype_t*{}

.... (ExternMethod_ok: TC' tid_extern |- methodPrototype_h : TC_1 methodPrototypeIR_h)

.... (ExternMethods_ok: TC_1 tid_extern |- methodPrototype_t*{methodPrototype_t <- methodPrototype_t*} : TC_2 methodPrototypeIR_t*{methodPrototypeIR_t <- methodPrototypeIR_t*})

.... Result in TC_2, methodPrototypeIR_h :: methodPrototypeIR_t*{methodPrototypeIR_t <- methodPrototypeIR_t*}

relation ExternConstructor_ok: TC_0, tid_extern, methodPrototype

. If (methodPrototype matches pattern `%%(%);`), then

.. Let `(annotationList typeIdentifier ( parameterList );)` be methodPrototype

.. Group : TC_0, tid_extern, (annotationList typeIdentifier ( parameterList );)

... Let `nameIR` be `$name(`typeIdentifier` as name)`

... If ((nameIR = tid_extern)), then

.... Let `constructorParameter*{constructorParameter <- constructorParameter*}` be `$flatten_parameterList(parameterList)`

.... (ConstructorParameters_ok: (block) TC_0 |- constructorParameter*{constructorParameter <- constructorParameter*} : constructorParameterIR*{constructorParameterIR <- constructorParameterIR*} # tid_impl*{tid_impl <- tid_impl*})

Let `constructorParameterTypeIR*` be the list of `constructorParameterTypeIR`, obtained by repeating:
 .... Let `constructorParameterTypeIR` be `$constructorParameterIR(constructorParameterIR)`
for each `constructorParameterIR` in `constructorParameterIR*`

.... Let `typeDefIR'?{typeDefIR' <- typeDefIR'?}` be `$find_type((global), TC_0, (` nameIR))`

.... If (typeDefIR'?{typeDefIR' <- typeDefIR'?} matches pattern (_)), then

..... Let `?(typeDefIR)` be typeDefIR'?{typeDefIR' <- typeDefIR'?}

..... If (`typeDefIR` has type polyTypeDefIR), then

...... Let `(typeIR_extern < tid_expl*{tid_expl <- tid_expl*} , tid*{tid <- tid*} >)` be `typeDefIR` as polyTypeDefIR

...... If (tid*{tid <- tid*} matches pattern []), then

....... Let `cid` be `$cid(`typeIdentifier` as name, (( parameterList )))`

....... Let `typeIR_extern_spec` be `((typeIR_extern < tid_expl*{tid_expl <- tid_expl*} , [] >) < `(tid tid_expl)` as typeIR*{tid_expl <- tid_expl*} >)` as typeIR

....... Let `constructorTypeIR` be (constructor( constructorParameterTypeIR*{constructorParameterTypeIR <- constructorParameterTypeIR*} )-> typeIR_extern_spec)

....... Let `constructorTypeDefIR` be (constructorTypeIR < tid_expl*{tid_expl <- tid_expl*} , tid_impl*{tid_impl <- tid_impl*} >)

....... If (ConstructorTypeDef_wf: `$bound((block), TC_0)` |- constructorTypeDefIR) holds, then

........ Let `TC_1` be `$add_constructor(TC_0, cid, constructorTypeDefIR)`

........ Let `methodPrototypeIR` be (annotationList nameIR <, tid_impl*{tid_impl <- tid_impl*} >( constructorParameterIR*{constructorParameterIR <- constructorParameterIR*} );)

........ Result in TC_1, methodPrototypeIR

relation ExternConstructors_ok: TC', tid_extern, methodPrototype*{methodPrototype <- methodPrototype*}

. Case analysis on methodPrototype*{methodPrototype <- methodPrototype*}
.. Case `methodPrototype*{methodPrototype <- methodPrototype*}` matches pattern []
... Group nil: TC, tid_extern, []

.... Result in TC', []

.. Case `methodPrototype*{methodPrototype <- methodPrototype*}` matches pattern _ :: _
... Let `methodPrototype_h :: methodPrototype_t*{methodPrototype_t <- methodPrototype_t*}` be methodPrototype*{methodPrototype <- methodPrototype*}

... Group cons: TC_0, tid_extern, methodPrototype_h :: methodPrototype_t*{}

.... (ExternConstructor_ok: TC' tid_extern |- methodPrototype_h : TC_1 methodPrototypeIR_h)

.... (ExternConstructors_ok: TC_1 tid_extern |- methodPrototype_t*{methodPrototype_t <- methodPrototype_t*} : TC_2 methodPrototypeIR_t*{methodPrototypeIR_t <- methodPrototypeIR_t*})

.... Result in TC_2, methodPrototypeIR_h :: methodPrototypeIR_t*{methodPrototypeIR_t <- methodPrototypeIR_t*}

relation ParserTransition_ok: TC_0, nameIR_state*{nameIR_state <- nameIR_state*}, transitionStatement

. Case analysis on transitionStatement
.. Case `transitionStatement` matches pattern ``EMPTY`
... Group empty: TC_0, nameIR_state*{}, ()

.... Result in (transition ("reject" ;))

.. Case `transitionStatement` matches pattern `TRANSITION%`
... Let `(transition stateExpression)` be transitionStatement

... If (stateExpression matches pattern `%;`), then

.... Let `(name ;)` be stateExpression

.... Group name: TC_0, nameIR_state*{}, (transition (name ;))

..... Let `nameIR` be `$name(name)`

..... If (nameIR is in nameIR_state*{nameIR_state <- nameIR_state*}), then

...... Let `transitionStatementIR` be (transition (nameIR ;))

...... Result in transitionStatementIR

... If (`stateExpression` has type selectExpression), then

.... Let `(select( expressionList_key ){ selectCaseList })` be `stateExpression` as selectExpression

.... Group switch: TC_0, nameIR_state*{}, (transition `(select( expressionList_key ){ selectCaseList })` as stateExpression)

..... Let `expression_key*{expression_key <- expression_key*}` be `$flatten_expressionList(expressionList_key)`

Let , obtained by repeating:
 ..... Let [`typedExpressionIR_key` be the result of typing `expression_key`, under cursor `(local)` and typing context `TC_0`](Expr_ok)
for each `expression_key` in `expression_key*` and `typedExpressionIR_key` in `typedExpressionIR_key*`

Let `_ctk*` be the list of `_ctk` and `_expressionIR*` be the list of `_expressionIR` and `typeIR_key*` be the list of `typeIR_key`, obtained by repeating:
 ..... Let `(_expressionIR # (( typeIR_key _ctk )))` be typedExpressionIR_key
for each `typedExpressionIR_key` in `typedExpressionIR_key*`

..... If (Type_wf: `$bound((local), TC_0)` |- `(set< [typeIR_key] >)` as typeIR)*{typeIR_key <- typeIR_key*} holds, then

...... Let `selectCase*{selectCase <- selectCase*}` be `$flatten_selectCaseList(selectCaseList)`

Let , obtained by repeating:
 ...... (SelectCase_ok: TC_0 nameIR_state*{nameIR_state <- nameIR_state*} typeIR_key*{typeIR_key <- typeIR_key*} |- selectCase : selectCaseIR)
for each `selectCase` in `selectCase*` and `selectCaseIR` in `selectCaseIR*`

...... Let `transitionStatementIR` be (transition `(select( typedExpressionIR_key*{typedExpressionIR_key <- typedExpressionIR_key*} ){ selectCaseIR*{selectCaseIR <- selectCaseIR*} })` as stateExpressionIR)

...... Result in transitionStatementIR

relation ParserStmt_ok: TC_0', parserStatement''

. Case analysis on parserStatement''
.. Case `parserStatement''` has type constantDeclaration
... Let `constantDeclaration` be `parserStatement''` as constantDeclaration

... Group constantDeclaration: TC_0, `constantDeclaration` as parserStatement

.... Let [`declarationIR` be the result of typing ``constantDeclaration` as declaration`, under cursor `(local)` and typing context `TC_0'`,
and `TC_1` be the modified typing context](Decl_ok)

.... If (`declarationIR` has type constantDeclarationIR), then

..... Let `constantDeclarationIR` be `declarationIR` as constantDeclarationIR

..... Result in TC_1, `constantDeclarationIR` as parserStatementIR

.. Case `parserStatement''` has type variableDeclaration
... Let `(annotationList type name initializerOpt ;)` be `parserStatement''` as variableDeclaration

... Group variableDeclaration: TC_0, `(annotationList type name initializerOpt ;)` as parserStatement

.... If (initializerOpt matches pattern ``EMPTY`), then

..... Let [`typeIR` be the result of typing ``type` as typeOrVoid`, under cursor `(local)` and typing context `TC_0'`,
and `tid*{tid <- tid*}` be the set of inserted type variables](Type_ok)

..... If (tid*{tid <- tid*} matches pattern []), then

...... If (Type_wf: `$bound((local), TC_0')` |- typeIR) holds, then

....... If (`$is_assignable_typeIR(typeIR)`), then

........ Let `nameIR` be `$name(name)`

........ Let `TC_1` be `$add_var((local), TC_0', nameIR, ((inout) typeIR (dyn) ?()))`

........ Let `variableDeclarationIR` be (annotationList typeIR nameIR ?() ;)

........ Result in TC_1, `variableDeclarationIR` as parserStatementIR

.... If (`initializerOpt` has type initializer), then

..... Let `(= expression_init)` be `initializerOpt` as initializer

..... Let [`typeIR` be the result of typing ``type` as typeOrVoid`, under cursor `(local)` and typing context `TC_0'`,
and `tid*{tid <- tid*}` be the set of inserted type variables](Type_ok)

..... If (tid*{tid <- tid*} matches pattern []), then

...... If (Type_wf: `$bound((local), TC_0')` |- typeIR) holds, then

....... If (`$is_assignable_typeIR(typeIR)`), then

........ Let [`typedExpressionIR_init` be the result of typing `expression_init`, under cursor `(local)` and typing context `TC_0'`](Expr_ok)

........ Let `typedExpressionIR?{typedExpressionIR <- typedExpressionIR?}` be `$coerce_unary(typedExpressionIR_init, typeIR)`

........ If (typedExpressionIR?{typedExpressionIR <- typedExpressionIR?} matches pattern (_)), then

......... Let `?(typedExpressionIR_init_cast)` be typedExpressionIR?{typedExpressionIR <- typedExpressionIR?}

......... Let `nameIR` be `$name(name)`

......... Let `TC_1` be `$add_var((local), TC_0', nameIR, ((inout) typeIR (dyn) ?()))`

......... Let `variableDeclarationIR` be (annotationList typeIR nameIR ?((= typedExpressionIR_init_cast)) ;)

......... Result in TC_1, `variableDeclarationIR` as parserStatementIR

.. Case `parserStatement''` has type emptyStatement
... Let `emptyStatement` be `parserStatement''` as emptyStatement

... Group emptyStatement: TC, `emptyStatement` as parserStatement

.... (Stmt_ok: (local) TC_0' (cont) |- `emptyStatement` as statement : typingContext flow statementIR)

.... If ((typingContext = TC_0')), then

..... If (flow matches pattern `CONT`), then

...... If (`statementIR` has type emptyStatementIR), then

....... Let `emptyStatementIR` be `statementIR` as emptyStatementIR

....... Result in TC_0', `emptyStatementIR` as parserStatementIR

.. Case `parserStatement''` has type assignmentStatement
... Let `assignmentStatement` be `parserStatement''` as assignmentStatement

... Group assignmentStatement: TC_0, `assignmentStatement` as parserStatement

.... (Stmt_ok: (local) TC_0' (cont) |- `assignmentStatement` as statement : TC_1 flow statementIR)

.... If (flow matches pattern `CONT`), then

..... If (`statementIR` has type assignmentStatementIR), then

...... Let `assignmentStatementIR` be `statementIR` as assignmentStatementIR

...... Result in TC_1, `assignmentStatementIR` as parserStatementIR

.. Case `parserStatement''` has type callStatement
... Let `callStatement` be `parserStatement''` as callStatement

... Group callStatement: TC_0, `callStatement` as parserStatement

.... (Stmt_ok: (local) TC_0' (cont) |- `callStatement` as statement : TC_1 flow statementIR)

.... If (flow matches pattern `CONT`), then

..... If (`statementIR` has type callStatementIR), then

...... Let `callStatementIR` be `statementIR` as callStatementIR

...... Result in TC_1, `callStatementIR` as parserStatementIR

.. Case `parserStatement''` has type directApplicationStatement
... Let `directApplicationStatement` be `parserStatement''` as directApplicationStatement

... Group directApplicationStatement: TC_0, `directApplicationStatement` as parserStatement

.... (Stmt_ok: (local) TC_0' (cont) |- `directApplicationStatement` as statement : TC_1 flow statementIR)

.... If (flow matches pattern `CONT`), then

..... If (`statementIR` has type directApplicationStatementIR), then

...... Let `directApplicationStatementIR` be `statementIR` as directApplicationStatementIR

...... Result in TC_1, `directApplicationStatementIR` as parserStatementIR

.. Case `parserStatement''` has type parserBlockStatement
... Let `(annotationList { parserStatementList })` be `parserStatement''` as parserBlockStatement

... Group parserBlockStatement: TC_0, `(annotationList { parserStatementList })` as parserStatement

.... Let `parserStatement*{parserStatement <- parserStatement*}` be `$flatten_parserStatementList(parserStatementList)`

.... Let `TC_1` be `$enter(TC_0')`

.... (ParserStmts_ok: TC_1 |- parserStatement*{parserStatement <- parserStatement*} : TC_2 parserStatementIR*{parserStatementIR <- parserStatementIR*})

.... Let `TC_3` be `$exit(TC_2)`

.... Let `parserBlockStatementIR` be (annotationList { parserStatementIR*{parserStatementIR <- parserStatementIR*} })

.... Result in TC_1, `parserBlockStatementIR` as parserStatementIR

.. Case `parserStatement''` has type conditionalStatement
... Let `conditionalStatement` be `parserStatement''` as conditionalStatement

... Group conditionalStatement: TC_0, `conditionalStatement` as parserStatement

.... (Stmt_ok: (local) TC_0' (cont) |- `conditionalStatement` as statement : TC_1 flow statementIR)

.... If (flow matches pattern `CONT`), then

..... If (`statementIR` has type conditionalStatementIR), then

...... Let `conditionalStatementIR` be `statementIR` as conditionalStatementIR

...... Result in TC_1, `conditionalStatementIR` as parserStatementIR

relation ParserStmts_ok: TC', parserStatement*{parserStatement <- parserStatement*}

. Case analysis on parserStatement*{parserStatement <- parserStatement*}
.. Case `parserStatement*{parserStatement <- parserStatement*}` matches pattern []
... Group nil: TC, []

.... Result in TC', []

.. Case `parserStatement*{parserStatement <- parserStatement*}` matches pattern _ :: _
... Let `parserStatement_h :: parserStatement_t*{parserStatement_t <- parserStatement_t*}` be parserStatement*{parserStatement <- parserStatement*}

... Group cons: TC_0, parserStatement_h :: parserStatement_t*{}

.... (ParserStmt_ok: TC' |- parserStatement_h : TC_1 parserStatementIR_h)

.... (ParserStmts_ok: TC_1 |- parserStatement_t*{parserStatement_t <- parserStatement_t*} : TC_2 parserStatementIR_t*{parserStatementIR_t <- parserStatementIR_t*})

.... Result in TC_2, parserStatementIR_h :: parserStatementIR_t*{parserStatementIR_t <- parserStatementIR_t*}

relation ParserState_ok: TC_0, nameIR_state*{nameIR_state <- nameIR_state*}, (annotationList state name { parserStatementList transitionStatement })

. Group : TC_0, nameIR_state*{}, (annotationList state name { parserStatementList transitionStatement })

.. Let `nameIR` be `$name(name)`

.. Let `TC_1` be `$enter(TC_0)`

.. Let `parserStatement*{parserStatement <- parserStatement*}` be `$flatten_parserStatementList(parserStatementList)`

.. (ParserStmts_ok: TC_1 |- parserStatement*{parserStatement <- parserStatement*} : TC_2 parserStatementIR*{parserStatementIR <- parserStatementIR*})

.. (ParserTransition_ok: TC_2 nameIR_state*{nameIR_state <- nameIR_state*} |- transitionStatement : transitionStatementIR)

.. Let `TC_3` be `$exit(TC_2)`

.. Let `parserStateIR` be (annotationList state nameIR { parserStatementIR*{parserStatementIR <- parserStatementIR*} transitionStatementIR })

.. Result in parserStateIR

relation ParserStates_ok: TC, parserState*{parserState <- parserState*}

. Group : TC, parserState*{}

Let `_annotationList*` be the list of `_annotationList` and `_parserStatementList*` be the list of `_parserStatementList` and `_transitionStatement*` be the list of `_transitionStatement` and `name_state*` be the list of `name_state`, obtained by repeating:
 .. Let `(_annotationList state name_state { _parserStatementList _transitionStatement })` be parserState
for each `parserState` in `parserState*`

Let `nameIR_state*` be the list of `nameIR_state`, obtained by repeating:
 .. Let `nameIR_state` be `$name(name_state)`
for each `name_state` in `name_state*`

.. If ([the elements of `nameIR_state*{nameIR_state <- nameIR_state*}` are distinct]($distinct_)), then

... If ("start" is in nameIR_state*{nameIR_state <- nameIR_state*}), then

.... If (~"accept" is in nameIR_state*{nameIR_state <- nameIR_state*} /\ ~"reject" is in nameIR_state*{nameIR_state <- nameIR_state*}), then

..... Let `nameIR_state_impl*{nameIR_state_impl <- nameIR_state_impl*}` be "accept" :: "reject" :: nameIR_state*{nameIR_state <- nameIR_state*}

Let , obtained by repeating:
 ..... (ParserState_ok: TC nameIR_state_impl*{nameIR_state_impl <- nameIR_state_impl*} |- parserState : parserStateIR)
for each `parserState` in `parserState*` and `parserStateIR` in `parserStateIR*`

..... Result in parserStateIR*{parserStateIR <- parserStateIR*}

relation ParserLocalDecl_ok: TC_0, parserLocalDeclaration

. Case analysis on parserLocalDeclaration
.. Case `parserLocalDeclaration` has type constantDeclaration
... Let `constantDeclaration` be `parserLocalDeclaration` as constantDeclaration

... Group constantDeclaration: TC_0, `constantDeclaration` as parserLocalDeclaration

.... Let [`declarationIR` be the result of typing ``constantDeclaration` as declaration`, under cursor `(block)` and typing context `TC_0`,
and `TC_1` be the modified typing context](Decl_ok)

.... If (`declarationIR` has type constantDeclarationIR), then

..... Let `constantDeclarationIR` be `declarationIR` as constantDeclarationIR

..... Result in TC_1, `constantDeclarationIR` as parserLocalDeclarationIR

.. Case `parserLocalDeclaration` has type instantiation
... Let `instantiation` be `parserLocalDeclaration` as instantiation

... Group instantiation: TC_0, `instantiation` as parserLocalDeclaration

.... Let [`declarationIR` be the result of typing ``instantiation` as declaration`, under cursor `(block)` and typing context `TC_0`,
and `TC_1` be the modified typing context](Decl_ok)

.... If (`declarationIR` has type instantiationIR), then

..... Let `instantiationIR` be `declarationIR` as instantiationIR

..... Result in TC_1, `instantiationIR` as parserLocalDeclarationIR

.. Case `parserLocalDeclaration` has type variableDeclaration
... Let `(annotationList type name initializerOpt ;)` be `parserLocalDeclaration` as variableDeclaration

... Group variableDeclaration: TC_0, `(annotationList type name initializerOpt ;)` as parserLocalDeclaration

.... If (initializerOpt matches pattern ``EMPTY`), then

..... Let [`typeIR` be the result of typing ``type` as typeOrVoid`, under cursor `(block)` and typing context `TC_0`,
and `tid*{tid <- tid*}` be the set of inserted type variables](Type_ok)

..... If (tid*{tid <- tid*} matches pattern []), then

...... If (Type_wf: `$bound((block), TC_0)` |- typeIR) holds, then

....... If (`$is_assignable_typeIR(typeIR)`), then

........ Let `nameIR` be `$name(name)`

........ Let `TC_1` be `$add_var((block), TC_0, nameIR, ((inout) typeIR (dyn) ?()))`

........ Let `variableDeclarationIR` be (annotationList typeIR nameIR ?() ;)

........ Result in TC_1, `variableDeclarationIR` as parserLocalDeclarationIR

.... If (`initializerOpt` has type initializer), then

..... Let `(= expression_init)` be `initializerOpt` as initializer

..... Let [`typeIR` be the result of typing ``type` as typeOrVoid`, under cursor `(block)` and typing context `TC_0`,
and `tid*{tid <- tid*}` be the set of inserted type variables](Type_ok)

..... If (tid*{tid <- tid*} matches pattern []), then

...... If (Type_wf: `$bound((block), TC_0)` |- typeIR) holds, then

....... If (`$is_assignable_typeIR(typeIR)`), then

........ Let [`typedExpressionIR_init` be the result of typing `expression_init`, under cursor `(block)` and typing context `TC_0`](Expr_ok)

........ Let `typedExpressionIR?{typedExpressionIR <- typedExpressionIR?}` be `$coerce_unary(typedExpressionIR_init, typeIR)`

........ If (typedExpressionIR?{typedExpressionIR <- typedExpressionIR?} matches pattern (_)), then

......... Let `?(typedExpressionIR_init_cast)` be typedExpressionIR?{typedExpressionIR <- typedExpressionIR?}

......... Let `nameIR` be `$name(name)`

......... Let `TC_1` be `$add_var((block), TC_0, nameIR, ((inout) typeIR (dyn) ?()))`

......... Let `variableDeclarationIR` be (annotationList typeIR nameIR ?((= typedExpressionIR_init_cast)) ;)

......... Result in TC_1, `variableDeclarationIR` as parserLocalDeclarationIR

.. Case `parserLocalDeclaration` has type valueSetDeclaration
... Let `(annotationList value_set< valueSetType >( expression ) name ;)` be `parserLocalDeclaration` as valueSetDeclaration

... Group valueSetDeclaration: TC_0, `(annotationList value_set< valueSetType >( expression ) name ;)` as parserLocalDeclaration

.... Let [`typeIR` be the result of typing ``valueSetType` as typeOrVoid`, under cursor `(block)` and typing context `TC_0`,
and `tid*{tid <- tid*}` be the set of inserted type variables](Type_ok)

.... If (tid*{tid <- tid*} matches pattern []), then

..... If (Type_wf: `$bound((block), TC_0)` |- `(set< [typeIR] >)` as typeIR) holds, then

...... Let [`typedExpressionIR` be the result of typing `expression`, under cursor `(block)` and typing context `TC_0`](Expr_ok)

...... Let `(_expressionIR # (( _typeIR ctk )))` be typedExpressionIR

...... If (~ctk matches pattern `DYN`), then

....... Let `nameIR` be `$name(name)`

....... Let `TC_1` be `$add_var((block), TC_0, nameIR, (() `(set< [typeIR] >)` as typeIR (ctk) ?()))`

....... Let `valueSetDeclarationIR` be (annotationList value_set< typeIR >( typedExpressionIR ) nameIR ;)

....... Result in TC_1, `valueSetDeclarationIR` as parserLocalDeclarationIR

relation ParserLocalDecls_ok: TC', parserLocalDeclaration*{parserLocalDeclaration <- parserLocalDeclaration*}

. Case analysis on parserLocalDeclaration*{parserLocalDeclaration <- parserLocalDeclaration*}
.. Case `parserLocalDeclaration*{parserLocalDeclaration <- parserLocalDeclaration*}` matches pattern []
... Group nil: TC, []

.... Result in TC', []

.. Case `parserLocalDeclaration*{parserLocalDeclaration <- parserLocalDeclaration*}` matches pattern _ :: _
... Let `parserLocalDeclaration_h :: parserLocalDeclaration_t*{parserLocalDeclaration_t <- parserLocalDeclaration_t*}` be parserLocalDeclaration*{parserLocalDeclaration <- parserLocalDeclaration*}

... Group cons: TC_0, parserLocalDeclaration_h :: parserLocalDeclaration_t*{}

.... (ParserLocalDecl_ok: TC' |- parserLocalDeclaration_h : TC_1 parserLocalDeclarationIR_h)

.... (ParserLocalDecls_ok: TC_1 |- parserLocalDeclaration_t*{parserLocalDeclaration_t <- parserLocalDeclaration_t*} : TC_2 parserLocalDeclarationIR_t*{parserLocalDeclarationIR_t <- parserLocalDeclarationIR_t*})

.... Result in TC_2, parserLocalDeclarationIR_h :: parserLocalDeclarationIR_t*{parserLocalDeclarationIR_t <- parserLocalDeclarationIR_t*}

relation TableKey_ok: TC, TBLC_0, (expression : name_matchkind annotationList ;)

. Group : TC, TBLC_0, (expression : name_matchkind annotationList ;)

.. Let [`typedExpressionIR` be the result of typing `expression`, under cursor `(local)` and typing context `TC`](Expr_ok)

.. Let `(_expressionIR # (( typeIR _ctk )))` be typedExpressionIR

.. If (Type_wf: `$bound((local), TC)` |- `(set< [typeIR] >)` as typeIR) holds, then

... Let `nameIR_matchkind` be `$name(name_matchkind)`

... If ((`(match_kind. nameIR_matchkind)` as value = `$find_value((local), TC, (` nameIR_matchkind))`)), then

.... If (`$compat_table_key(nameIR_matchkind, typeIR)`), then

..... Let `TBLC_1` be `$update_mode(TBLC_0, nameIR_matchkind, typeIR)`

..... Let `TBLC_2` be `$add_key(TBLC_1, nameIR_matchkind, typeIR)`

..... Let `tableKeyIR` be (typedExpressionIR : nameIR_matchkind annotationList ;)

..... Result in TBLC_2, tableKeyIR

relation TableKeys_ok: TC, TBLC', tableKey*{tableKey <- tableKey*}

. Case analysis on tableKey*{tableKey <- tableKey*}
.. Case `tableKey*{tableKey <- tableKey*}` matches pattern []
... Group nil: TC, TBLC, []

.... Result in TBLC', []

.. Case `tableKey*{tableKey <- tableKey*}` matches pattern _ :: _
... Let `tableKey_h :: tableKey_t*{tableKey_t <- tableKey_t*}` be tableKey*{tableKey <- tableKey*}

... Group cons: TC, TBLC_0, tableKey_h :: tableKey_t*{}

.... (TableKey_ok: TC TBLC' |- tableKey_h : TBLC_1 tableKeyIR_h)

.... (TableKeys_ok: TC TBLC_1 |- tableKey_t*{tableKey_t <- tableKey_t*} : TBLC_2 tableKeyIR_t*{tableKeyIR_t <- tableKeyIR_t*})

.... Result in TBLC_2, tableKeyIR_h :: tableKeyIR_t*{tableKeyIR_t <- tableKeyIR_t*}

relation Call_action_partial_ok: TC, parameterTypeIR*{parameterTypeIR <- parameterTypeIR*}, argumentIR*{argumentIR <- argumentIR*}

. Group : TC, parameterTypeIR*{}, argumentIR*{}

.. Let `(parameterTypeIR_data*{parameterTypeIR_data <- parameterTypeIR_data*}, parameterTypeIR_control*{parameterTypeIR_control <- parameterTypeIR_control*})` be `$split_dataplane_parameters(parameterTypeIR*{parameterTypeIR <- parameterTypeIR*})`

.. If ((|parameterTypeIR_data*{parameterTypeIR_data <- parameterTypeIR_data*}| = |argumentIR*{argumentIR <- argumentIR*}|)), then

... (Call_convention_ok: (local) TC (action) |- parameterTypeIR_data*{parameterTypeIR_data <- parameterTypeIR_data*} @ argumentIR*{argumentIR <- argumentIR*} : argumentIR_cast*{argumentIR_cast <- argumentIR_cast*})

... Result in parameterTypeIR_data*{parameterTypeIR_data <- parameterTypeIR_data*}, parameterTypeIR_control*{parameterTypeIR_control <- parameterTypeIR_control*}, argumentIR_cast*{argumentIR_cast <- argumentIR_cast*}

relation TableAction_ok: TC, TBLC_0, (annotationList tableActionReference ;)

. If (`tableActionReference` has type prefixedNonTypeName), then

.. Let `prefixedNonTypeName` be `tableActionReference` as prefixedNonTypeName

.. Group prefixedNonTypeName: TC, TBLC_0, (annotationList `prefixedNonTypeName` as tableActionReference ;)

... Let `prefixedNameIR` be `$prefixedNonTypeName(prefixedNonTypeName)`

... Let `routineTypeDefIR'?{routineTypeDefIR' <- routineTypeDefIR'?}` be `$find_routine_non_overloaded((local), TC, prefixedNameIR)`

... If (routineTypeDefIR'?{routineTypeDefIR' <- routineTypeDefIR'?} matches pattern (_)), then

.... Let `?(routineTypeDefIR)` be routineTypeDefIR'?{routineTypeDefIR' <- routineTypeDefIR'?}

.... If (`routineTypeDefIR` has type functionTypeIR), then

..... Let `functionTypeIR` be `routineTypeDefIR` as functionTypeIR

..... If (functionTypeIR matches pattern `ACTION(%)`), then

...... Let `(action( parameterTypeIR*{parameterTypeIR <- parameterTypeIR*} ))` be functionTypeIR

...... (Call_action_partial_ok: TC |- parameterTypeIR*{parameterTypeIR <- parameterTypeIR*} @ [] : parameterTypeIR_data*{parameterTypeIR_data <- parameterTypeIR_data*} , parameterTypeIR_control*{parameterTypeIR_control <- parameterTypeIR_control*} @ argumentIR*{argumentIR <- argumentIR*})

...... If (argumentIR*{argumentIR <- argumentIR*} matches pattern []), then

....... Let `TBLC_1` be `$add_action(TBLC_0, prefixedNameIR, parameterTypeIR*{parameterTypeIR <- parameterTypeIR*}, [])`

....... Let `tableActionIR` be (annotationList (prefixedNameIR ( [] )) ;)

....... Result in TBLC_1, tableActionIR

. If (tableActionReference matches pattern `%(%)`), then

.. Let `(prefixedNonTypeName ( argumentList ))` be tableActionReference

.. Group prefixedNonTypeName-argumentList: TC, TBLC_0, (annotationList (prefixedNonTypeName ( argumentList )) ;)

... Let `prefixedNameIR` be `$prefixedNonTypeName(prefixedNonTypeName)`

... Let `routineTypeDefIR'?{routineTypeDefIR' <- routineTypeDefIR'?}` be `$find_routine_non_overloaded((local), TC, prefixedNameIR)`

... If (routineTypeDefIR'?{routineTypeDefIR' <- routineTypeDefIR'?} matches pattern (_)), then

.... Let `?(routineTypeDefIR)` be routineTypeDefIR'?{routineTypeDefIR' <- routineTypeDefIR'?}

.... If (`routineTypeDefIR` has type functionTypeIR), then

..... Let `functionTypeIR` be `routineTypeDefIR` as functionTypeIR

..... If (functionTypeIR matches pattern `ACTION(%)`), then

...... Let `(action( parameterTypeIR*{parameterTypeIR <- parameterTypeIR*} ))` be functionTypeIR

...... Let `argument*{argument <- argument*}` be `$flatten_argumentList(argumentList)`

Let , obtained by repeating:
 ...... Let [`argumentIR` be the result of typing `argument`, under cursor `(local)` and typing context `TC`](Argument_ok)
for each `argument` in `argument*` and `argumentIR` in `argumentIR*`

...... (Call_action_partial_ok: TC |- parameterTypeIR*{parameterTypeIR <- parameterTypeIR*} @ argumentIR*{argumentIR <- argumentIR*} : parameterTypeIR_data*{parameterTypeIR_data <- parameterTypeIR_data*} , parameterTypeIR_control*{parameterTypeIR_control <- parameterTypeIR_control*} @ argumentIR_cast*{argumentIR_cast <- argumentIR_cast*})

...... Let `TBLC_1` be `$add_action(TBLC_0, prefixedNameIR, parameterTypeIR*{parameterTypeIR <- parameterTypeIR*}, argumentIR_cast*{argumentIR_cast <- argumentIR_cast*})`

...... Let `tableActionIR` be (annotationList (prefixedNameIR ( argumentIR_cast*{argumentIR_cast <- argumentIR_cast*} )) ;)

...... Result in TBLC_1, tableActionIR

relation TableActions_ok: TC, TBLC', tableAction*{tableAction <- tableAction*}

. Case analysis on tableAction*{tableAction <- tableAction*}
.. Case `tableAction*{tableAction <- tableAction*}` matches pattern []
... Group nil: TC, TBLC, []

.... Result in TBLC', []

.. Case `tableAction*{tableAction <- tableAction*}` matches pattern _ :: _
... Let `tableAction_h :: tableAction_t*{tableAction_t <- tableAction_t*}` be tableAction*{tableAction <- tableAction*}

... Group cons: TC, TBLC_0, tableAction_h :: tableAction_t*{}

.... (TableAction_ok: TC TBLC' |- tableAction_h : TBLC_1 tableActionIR_h)

.... (TableActions_ok: TC TBLC_1 |- tableAction_t*{tableAction_t <- tableAction_t*} : TBLC_2 tableActionIR_t*{tableActionIR_t <- tableActionIR_t*})

.... Result in TBLC_2, tableActionIR_h :: tableActionIR_t*{tableActionIR_t <- tableActionIR_t*}

relation Call_action_default_ok: TC, parameterTypeIR*{parameterTypeIR <- parameterTypeIR*}, argumentIR*{argumentIR <- argumentIR*}

. Group : TC, parameterTypeIR*{}, argumentIR*{}

.. Let `(parameterTypeIR_data*{parameterTypeIR_data <- parameterTypeIR_data*}, parameterTypeIR_control*{parameterTypeIR_control <- parameterTypeIR_control*})` be `$split_dataplane_parameters(parameterTypeIR*{parameterTypeIR <- parameterTypeIR*})`

.. (Call_convention_ok: (local) TC (action) |- parameterTypeIR*{parameterTypeIR <- parameterTypeIR*} @ argumentIR*{argumentIR <- argumentIR*} : argumentIR_cast*{argumentIR_cast <- argumentIR_cast*})

.. Result in parameterTypeIR_data*{parameterTypeIR_data <- parameterTypeIR_data*}, parameterTypeIR_control*{parameterTypeIR_control <- parameterTypeIR_control*}, argumentIR_cast*{argumentIR_cast <- argumentIR_cast*}

relation TableDefaultAction_ok: TC, TBLC, (= expression)

. Case analysis on expression
.. Case `expression` has type prefixedNonTypeName
... Let `prefixedNonTypeName` be `expression` as prefixedNonTypeName

... Group prefixedNonTypeName: TC, TBLC, (= `prefixedNonTypeName` as expression)

.... Let `prefixedNameIR` be `$prefixedNonTypeName(prefixedNonTypeName)`

.... If ((?(([], [])) = `$find_action(TBLC, prefixedNameIR)`)), then

..... Result in (prefixedNameIR ( [] ))

.. Case `expression` has type callExpression
... Let `callExpression` be `expression` as callExpression

... If (callExpression matches pattern `%(%)`), then

.... Let `(callTarget ( argumentList ))` be callExpression

.... If (`callTarget` has type prefixedNonTypeName), then

..... Let `prefixedNonTypeName` be `callTarget` as prefixedNonTypeName

..... Group prefixedNonTypeName-argumentList: TC, TBLC, (= `(`prefixedNonTypeName` as callTarget ( argumentList ))` as expression)

...... Let `prefixedNameIR` be `$prefixedNonTypeName(prefixedNonTypeName)`

...... Let `(parameterTypeIR*, argumentListIR)?{(parameterTypeIR*, argumentListIR) <- (parameterTypeIR*, argumentListIR)?}` be `$find_action(TBLC, prefixedNameIR)`

...... If ((parameterTypeIR*, argumentListIR)?{(parameterTypeIR*, argumentListIR) <- (parameterTypeIR*, argumentListIR)?} matches pattern (_)), then

....... Let `?((parameterTypeIR_action*{parameterTypeIR_action <- parameterTypeIR_action*}, argumentIR_action*{argumentIR_action <- argumentIR_action*}))` be (parameterTypeIR*, argumentListIR)?{(parameterTypeIR*, argumentListIR) <- (parameterTypeIR*, argumentListIR)?}

....... Let `argument*{argument <- argument*}` be `$flatten_argumentList(argumentList)`

Let , obtained by repeating:
 ....... Let [`argumentIR` be the result of typing `argument`, under cursor `(local)` and typing context `TC`](Argument_ok)
for each `argument` in `argument*` and `argumentIR` in `argumentIR*`

....... (Call_action_default_ok: TC |- parameterTypeIR_action*{parameterTypeIR_action <- parameterTypeIR_action*} @ argumentIR*{argumentIR <- argumentIR*} : parameterTypeIR_action_data*{parameterTypeIR_action_data <- parameterTypeIR_action_data*} , parameterTypeIR_action_control*{parameterTypeIR_action_control <- parameterTypeIR_action_control*} @ argumentIR_cast*{argumentIR_cast <- argumentIR_cast*})

....... Let `argumentIR_action_data*{argumentIR_action_data <- argumentIR_action_data*}` be argumentIR_action*{argumentIR_action <- argumentIR_action*}[0 : |parameterTypeIR_action_data*{parameterTypeIR_action_data <- parameterTypeIR_action_data*}|]

....... Let `argumentIR_cast_data*{argumentIR_cast_data <- argumentIR_cast_data*}` be argumentIR_cast*{argumentIR_cast <- argumentIR_cast*}[0 : |parameterTypeIR_action_data*{parameterTypeIR_action_data <- parameterTypeIR_action_data*}|]

....... If ((argumentIR_action_data = argumentIR_cast_data))*{argumentIR_action_data <- argumentIR_action_data*, argumentIR_cast_data <- argumentIR_cast_data*}, then

........ Result in (prefixedNameIR ( argumentIR_cast*{argumentIR_cast <- argumentIR_cast*} ))

relation TableEntry_keyset_ok: TC, TBLC, keysetExpression

. Case analysis on keysetExpression
.. Case `keysetExpression` has type expression
... Let `expression` be `keysetExpression` as expression

... Group simpleKeysetExpression-expression: TC, TBLC, `expression` as keysetExpression

.... If ((|TBLC.keys| = 1)), then

..... (TableEntry_keysets_simple_ok: TC TBLC (nolpm) |- TBLC.keys @ [`expression` as simpleKeysetExpression] : TBLS simpleKeysetExpressionIR'*{simpleKeysetExpressionIR' <- simpleKeysetExpressionIR'*})

..... If (simpleKeysetExpressionIR'*{simpleKeysetExpressionIR' <- simpleKeysetExpressionIR'*} matches pattern [ _/1 ]), then

...... Let `[simpleKeysetExpressionIR]` be simpleKeysetExpressionIR'*{simpleKeysetExpressionIR' <- simpleKeysetExpressionIR'*}

...... Result in TBLS, `simpleKeysetExpressionIR` as keysetExpressionIR

.. Case `keysetExpression` has type tupleKeysetExpression
... Let `tupleKeysetExpression` be `keysetExpression` as tupleKeysetExpression

... Case analysis on tupleKeysetExpression
.... Case `tupleKeysetExpression` matches pattern `(%&&&%)`
..... Let `(( expression_l &&& expression_r ))` be tupleKeysetExpression

..... Group tupleKeysetExpression-mask: TC, TBLC, `(( expression_l &&& expression_r ))` as keysetExpression

...... If ((|TBLC.keys| = 1)), then

....... (TableEntry_keysets_simple_ok: TC TBLC (nolpm) |- TBLC.keys @ [(expression_l &&& expression_r)] : TBLS simpleKeysetExpressionIR'*{simpleKeysetExpressionIR' <- simpleKeysetExpressionIR'*})

....... If (simpleKeysetExpressionIR'*{simpleKeysetExpressionIR' <- simpleKeysetExpressionIR'*} matches pattern [ _/1 ]), then

........ Let `[simpleKeysetExpressionIR]` be simpleKeysetExpressionIR'*{simpleKeysetExpressionIR' <- simpleKeysetExpressionIR'*}

........ Result in TBLS, `(( [simpleKeysetExpressionIR] ))` as keysetExpressionIR

.... Case `tupleKeysetExpression` matches pattern `(%..%)`
..... Let `(( expression_l .. expression_r ))` be tupleKeysetExpression

..... Group tupleKeysetExpression-range: TC, TBLC, `(( expression_l .. expression_r ))` as keysetExpression

...... If ((|TBLC.keys| = 1)), then

....... (TableEntry_keysets_simple_ok: TC TBLC (nolpm) |- TBLC.keys @ [(expression_l .. expression_r)] : TBLS simpleKeysetExpressionIR'*{simpleKeysetExpressionIR' <- simpleKeysetExpressionIR'*})

....... If (simpleKeysetExpressionIR'*{simpleKeysetExpressionIR' <- simpleKeysetExpressionIR'*} matches pattern [ _/1 ]), then

........ Let `[simpleKeysetExpressionIR]` be simpleKeysetExpressionIR'*{simpleKeysetExpressionIR' <- simpleKeysetExpressionIR'*}

........ Result in TBLS, `(( [simpleKeysetExpressionIR] ))` as keysetExpressionIR

.... Case `tupleKeysetExpression` matches pattern `(DEFAULT)`
..... Group tupleKeysetExpression-default: TC, TBLC, `((default))` as keysetExpression

...... Let `matchMode` be TBLC.mode

...... If (matchMode matches pattern `NOPRILPM%`), then

....... Let `(noprilpm n)` be matchMode

....... Let `TBLS` be (lpm n)

....... Result in TBLS, `(( [(default)] ))` as keysetExpressionIR

...... Case analysis on TBLC.mode
....... Case `TBLC.mode` matches pattern `NOPRI`
........ Let `TBLS` be (nolpm)

........ Result in TBLS, `(( [(default)] ))` as keysetExpressionIR

....... Case `TBLC.mode` matches pattern `PRI`
........ Let `TBLS` be (nolpm)

........ Result in TBLS, `(( [(default)] ))` as keysetExpressionIR

....... Case `TBLC.mode` matches pattern `PRILPM`
........ Let `TBLS` be (nolpm)

........ Result in TBLS, `(( [(default)] ))` as keysetExpressionIR

.... Case `tupleKeysetExpression` matches pattern `(_)`
..... Group tupleKeysetExpression-dontcare: TC, TBLC, `((_))` as keysetExpression

...... Let `matchMode` be TBLC.mode

...... If (matchMode matches pattern `NOPRILPM%`), then

....... Let `(noprilpm n)` be matchMode

....... Let `TBLS` be (lpm 0)

....... Result in TBLS, `(( [(_)] ))` as keysetExpressionIR

...... Case analysis on TBLC.mode
....... Case `TBLC.mode` matches pattern `NOPRI`
........ Let `TBLS` be (nolpm)

........ Result in TBLS, `(( [(_)] ))` as keysetExpressionIR

....... Case `TBLC.mode` matches pattern `PRI`
........ Let `TBLS` be (nolpm)

........ Result in TBLS, `(( [(_)] ))` as keysetExpressionIR

....... Case `TBLC.mode` matches pattern `PRILPM`
........ Let `TBLS` be (nolpm)

........ Result in TBLS, `(( [(_)] ))` as keysetExpressionIR

.... Case `tupleKeysetExpression` matches pattern `(%,%)`
..... Let `(( simpleKeysetExpression_h , simpleKeysetExpressionList_t ))` be tupleKeysetExpression

..... Group tupleKeysetExpression-list: TC, TBLC, `(( simpleKeysetExpression_h , simpleKeysetExpressionList_t ))` as keysetExpression

...... Let `simpleKeysetExpression_t*{simpleKeysetExpression_t <- simpleKeysetExpression_t*}` be `$flatten_simpleKeysetExpressionList(simpleKeysetExpressionList_t)`

...... Let `simpleKeysetExpression*{simpleKeysetExpression <- simpleKeysetExpression*}` be simpleKeysetExpression_h :: simpleKeysetExpression_t*{simpleKeysetExpression_t <- simpleKeysetExpression_t*}

...... If ((|TBLC.keys| = |simpleKeysetExpression*{simpleKeysetExpression <- simpleKeysetExpression*}|)), then

....... (TableEntry_keysets_simple_ok: TC TBLC (nolpm) |- TBLC.keys @ simpleKeysetExpression*{simpleKeysetExpression <- simpleKeysetExpression*} : TBLS simpleKeysetExpressionIR*{simpleKeysetExpressionIR <- simpleKeysetExpressionIR*})

....... Result in TBLS, `(( simpleKeysetExpressionIR*{simpleKeysetExpressionIR <- simpleKeysetExpressionIR*} ))` as keysetExpressionIR

. If (`keysetExpression` has type simpleKeysetExpression), then

.. Let `simpleKeysetExpression` be `keysetExpression` as simpleKeysetExpression

.. Case analysis on simpleKeysetExpression
... Case `simpleKeysetExpression` matches pattern `%&&&%`
.... Let `(expression_l &&& expression_r)` be simpleKeysetExpression

.... Group simpleKeysetExpression-mask: TC, TBLC, `(expression_l &&& expression_r)` as keysetExpression

..... If ((|TBLC.keys| = 1)), then

...... (TableEntry_keysets_simple_ok: TC TBLC (nolpm) |- TBLC.keys @ [(expression_l &&& expression_r)] : TBLS simpleKeysetExpressionIR'*{simpleKeysetExpressionIR' <- simpleKeysetExpressionIR'*})

...... If (simpleKeysetExpressionIR'*{simpleKeysetExpressionIR' <- simpleKeysetExpressionIR'*} matches pattern [ _/1 ]), then

....... Let `[simpleKeysetExpressionIR]` be simpleKeysetExpressionIR'*{simpleKeysetExpressionIR' <- simpleKeysetExpressionIR'*}

....... Result in TBLS, `simpleKeysetExpressionIR` as keysetExpressionIR

... Case `simpleKeysetExpression` matches pattern `%..%`
.... Let `(expression_l .. expression_r)` be simpleKeysetExpression

.... Group simpleKeysetExpression-range: TC, TBLC, `(expression_l .. expression_r)` as keysetExpression

..... If ((|TBLC.keys| = 1)), then

...... (TableEntry_keysets_simple_ok: TC TBLC (nolpm) |- TBLC.keys @ [(expression_l .. expression_r)] : TBLS simpleKeysetExpressionIR'*{simpleKeysetExpressionIR' <- simpleKeysetExpressionIR'*})

...... If (simpleKeysetExpressionIR'*{simpleKeysetExpressionIR' <- simpleKeysetExpressionIR'*} matches pattern [ _/1 ]), then

....... Let `[simpleKeysetExpressionIR]` be simpleKeysetExpressionIR'*{simpleKeysetExpressionIR' <- simpleKeysetExpressionIR'*}

....... Result in TBLS, `simpleKeysetExpressionIR` as keysetExpressionIR

... Case `simpleKeysetExpression` matches pattern `DEFAULT`
.... Group simpleKeysetExpression-default: TC, TBLC, `(default)` as keysetExpression

..... Let `matchMode` be TBLC.mode

..... If (matchMode matches pattern `NOPRILPM%`), then

...... Let `(noprilpm n)` be matchMode

...... Let `TBLS` be (lpm n)

...... Result in TBLS, `(default)` as keysetExpressionIR

..... Case analysis on TBLC.mode
...... Case `TBLC.mode` matches pattern `NOPRI`
....... Let `TBLS` be (nolpm)

....... Result in TBLS, `(default)` as keysetExpressionIR

...... Case `TBLC.mode` matches pattern `PRI`
....... Let `TBLS` be (nolpm)

....... Result in TBLS, `(default)` as keysetExpressionIR

...... Case `TBLC.mode` matches pattern `PRILPM`
....... Let `TBLS` be (nolpm)

....... Result in TBLS, `(default)` as keysetExpressionIR

... Case `simpleKeysetExpression` matches pattern `_`
.... Group simpleKeysetExpression-dontcare: TC, TBLC, `(_)` as keysetExpression

..... Let `matchMode` be TBLC.mode

..... If (matchMode matches pattern `NOPRILPM%`), then

...... Let `(noprilpm n)` be matchMode

...... Let `TBLS` be (lpm 0)

...... Result in TBLS, `(_)` as keysetExpressionIR

..... Case analysis on TBLC.mode
...... Case `TBLC.mode` matches pattern `NOPRI`
....... Let `TBLS` be (nolpm)

....... Result in TBLS, `(_)` as keysetExpressionIR

...... Case `TBLC.mode` matches pattern `PRI`
....... Let `TBLS` be (nolpm)

....... Result in TBLS, `(_)` as keysetExpressionIR

...... Case `TBLC.mode` matches pattern `PRILPM`
....... Let `TBLS` be (nolpm)

....... Result in TBLS, `(_)` as keysetExpressionIR

relation TableEntry_action_ok: TC, TBLC, tableActionReference

. If (`tableActionReference` has type prefixedNonTypeName), then

.. Let `prefixedNonTypeName` be `tableActionReference` as prefixedNonTypeName

.. Group prefixedNonTypeName: TC, TBLC, `prefixedNonTypeName` as tableActionReference

... Let `prefixedNameIR` be `$prefixedNonTypeName(prefixedNonTypeName)`

... If ((?(([], [])) = `$find_action(TBLC, prefixedNameIR)`)), then

.... Result in (prefixedNameIR ( [] ))

. If (tableActionReference matches pattern `%(%)`), then

.. Let `(prefixedNonTypeName ( argumentList ))` be tableActionReference

.. Group prefixedNonTypeName-argumentList: TC, TBLC, (prefixedNonTypeName ( argumentList ))

... Let `prefixedNameIR` be `$prefixedNonTypeName(prefixedNonTypeName)`

... Let `(parameterTypeIR*, argumentListIR)?{(parameterTypeIR*, argumentListIR) <- (parameterTypeIR*, argumentListIR)?}` be `$find_action(TBLC, prefixedNameIR)`

... If ((parameterTypeIR*, argumentListIR)?{(parameterTypeIR*, argumentListIR) <- (parameterTypeIR*, argumentListIR)?} matches pattern (_)), then

.... Let `?((parameterTypeIR_action*{parameterTypeIR_action <- parameterTypeIR_action*}, argumentIR_action*{argumentIR_action <- argumentIR_action*}))` be (parameterTypeIR*, argumentListIR)?{(parameterTypeIR*, argumentListIR) <- (parameterTypeIR*, argumentListIR)?}

.... Let `argument*{argument <- argument*}` be `$flatten_argumentList(argumentList)`

Let , obtained by repeating:
 .... Let [`argumentIR` be the result of typing `argument`, under cursor `(local)` and typing context `TC`](Argument_ok)
for each `argument` in `argument*` and `argumentIR` in `argumentIR*`

.... (Call_action_default_ok: TC |- parameterTypeIR_action*{parameterTypeIR_action <- parameterTypeIR_action*} @ argumentIR*{argumentIR <- argumentIR*} : parameterTypeIR_action_data*{parameterTypeIR_action_data <- parameterTypeIR_action_data*} , parameterTypeIR_action_control*{parameterTypeIR_action_control <- parameterTypeIR_action_control*} @ argumentIR_cast*{argumentIR_cast <- argumentIR_cast*})

.... Let `argumentIR_action_data*{argumentIR_action_data <- argumentIR_action_data*}` be argumentIR_action*{argumentIR_action <- argumentIR_action*}[0 : |parameterTypeIR_action_data*{parameterTypeIR_action_data <- parameterTypeIR_action_data*}|]

.... Let `argumentIR_cast_data*{argumentIR_cast_data <- argumentIR_cast_data*}` be argumentIR_cast*{argumentIR_cast <- argumentIR_cast*}[0 : |parameterTypeIR_action_data*{parameterTypeIR_action_data <- parameterTypeIR_action_data*}|]

.... If ((argumentIR_action_data = argumentIR_cast_data))*{argumentIR_action_data <- argumentIR_action_data*, argumentIR_cast_data <- argumentIR_cast_data*}, then

..... Result in (prefixedNameIR ( argumentIR_cast*{argumentIR_cast <- argumentIR_cast*} ))

relation TableEntry_priority_ok: TC, tableContext', TBLS, tableEntryPriority''?{tableEntryPriority'' <- tableEntryPriority''?}

. Case analysis on tableEntryPriority''?{tableEntryPriority'' <- tableEntryPriority''?}
.. Case `tableEntryPriority''?{tableEntryPriority'' <- tableEntryPriority''?}` matches pattern ()
... Group non-specified: TC, tableContext, TBLS, ?()

.... If (tableContext'.mode matches pattern `NOPRI`), then

..... Result in tableContext', ?()

.... Let `matchMode` be tableContext'.mode

.... If (matchMode matches pattern `NOPRILPM%`), then

..... Let `(noprilpm n)` be matchMode

..... If (TBLS matches pattern `LPM%`), then

...... Let `(lpm n_prefix)` be TBLS

...... Result in tableContext', ?()

.... Case analysis on tableContext'.mode
..... Case `tableContext'.mode` matches pattern `PRI`
...... Case analysis on tableContext'.priorities.values
....... Case tableContext'.priorities.values = []
........ Case analysis on tableContext'.priorities.largest_wins
......... Case true
.......... Let `n_size` be tableContext'.entries.size

.......... Let `n_delta` be tableContext'.priorities.delta

.......... Let `int` be n_size - 1 * `n_delta` as int + `1` as int

.......... If (`int` has type nat), then

........... Let `n` be `int` as nat

........... Let `TBLC_1` be `$add_table_priority(tableContext', n)`

........... Result in TBLC_1, ?((priority= (d `n` as int) :))

......... Case false
.......... Let `TBLC_1` be `$add_table_priority(tableContext', 1)`

.......... Result in TBLC_1, ?((priority= (d `1` as int) :))

....... Case tableContext'.priorities.values =/= []
........ Case analysis on tableContext'.priorities.largest_wins
......... Case true
.......... Let `n_last` be `$find_table_priority_last(tableContext')`

.......... Let `n_delta` be tableContext'.priorities.delta

.......... Let `int` be n_last - n_delta

.......... If (`int` has type nat), then

........... Let `n` be `int` as nat

........... Let `TBLC_1` be `$add_table_priority(tableContext', n)`

........... Result in TBLC_1, ?((priority= (d `n` as int) :))

......... Case false
.......... Let `n_last` be `$find_table_priority_last(tableContext')`

.......... Let `n_delta` be tableContext'.priorities.delta

.......... Let `n` be n_last + n_delta

.......... Let `TBLC_1` be `$add_table_priority(tableContext', n)`

.......... Result in TBLC_1, ?((priority= (d `n` as int) :))

..... Case `tableContext'.mode` matches pattern `PRILPM`
...... Case analysis on tableContext'.priorities.values
....... Case tableContext'.priorities.values = []
........ Case analysis on tableContext'.priorities.largest_wins
......... Case true
.......... Let `n_size` be tableContext'.entries.size

.......... Let `n_delta` be tableContext'.priorities.delta

.......... Let `int` be n_size - 1 * `n_delta` as int + `1` as int

.......... If (`int` has type nat), then

........... Let `n` be `int` as nat

........... Let `TBLC_1` be `$add_table_priority(tableContext', n)`

........... Result in TBLC_1, ?((priority= (d `n` as int) :))

......... Case false
.......... Let `TBLC_1` be `$add_table_priority(tableContext', 1)`

.......... Result in TBLC_1, ?((priority= (d `1` as int) :))

....... Case tableContext'.priorities.values =/= []
........ Case analysis on tableContext'.priorities.largest_wins
......... Case true
.......... Let `n_last` be `$find_table_priority_last(tableContext')`

.......... Let `n_delta` be tableContext'.priorities.delta

.......... Let `int` be n_last - n_delta

.......... If (`int` has type nat), then

........... Let `n` be `int` as nat

........... Let `TBLC_1` be `$add_table_priority(tableContext', n)`

........... Result in TBLC_1, ?((priority= (d `n` as int) :))

......... Case false
.......... Let `n_last` be `$find_table_priority_last(tableContext')`

.......... Let `n_delta` be tableContext'.priorities.delta

.......... Let `n` be n_last + n_delta

.......... Let `TBLC_1` be `$add_table_priority(tableContext', n)`

.......... Result in TBLC_1, ?((priority= (d `n` as int) :))

.. Case `tableEntryPriority''?{tableEntryPriority'' <- tableEntryPriority''?}` matches pattern (_)
... Let `?(tableEntryPriority)` be tableEntryPriority''?{tableEntryPriority'' <- tableEntryPriority''?}

... Case analysis on tableEntryPriority
.... Case `tableEntryPriority` matches pattern `PRIORITY=%:`
..... Let `(priority= numberLiteral :)` be tableEntryPriority

..... Group specified-number: TC, TBLC_0, TBLS, ?((priority= numberLiteral :))

...... Case analysis on tableContext'.mode
....... Case `tableContext'.mode` matches pattern `PRI`
........ If (~tableContext'.entries.const), then

......... Case analysis on tableContext'.priorities.values
.......... Case tableContext'.priorities.values = []
........... Let `int` be `$to_number(`numberLiteral` as value)`

........... If (`int` has type nat), then

............ Let `n` be `int` as nat

............ Let `TBLC_1` be tableContext'[priorities.init = true]

............ Let `TBLC_2` be `$add_table_priority(TBLC_1, n)`

............ Result in TBLC_2, ?((priority= numberLiteral :))

.......... Case tableContext'.priorities.values =/= []
........... If (tableContext'.priorities.init), then

............ Let `int` be `$to_number(`numberLiteral` as value)`

............ If (`int` has type nat), then

............. Let `n` be `int` as nat

............. Let `TBLC_1` be `$add_table_priority(tableContext', n)`

............. Result in TBLC_1, ?((priority= numberLiteral :))

....... Case `tableContext'.mode` matches pattern `PRILPM`
........ If (~tableContext'.entries.const), then

......... Case analysis on tableContext'.priorities.values
.......... Case tableContext'.priorities.values = []
........... Let `int` be `$to_number(`numberLiteral` as value)`

........... If (`int` has type nat), then

............ Let `n` be `int` as nat

............ Let `TBLC_1` be tableContext'[priorities.init = true]

............ Let `TBLC_2` be `$add_table_priority(TBLC_1, n)`

............ Result in TBLC_2, ?((priority= numberLiteral :))

.......... Case tableContext'.priorities.values =/= []
........... If (tableContext'.priorities.init), then

............ Let `int` be `$to_number(`numberLiteral` as value)`

............ If (`int` has type nat), then

............. Let `n` be `int` as nat

............. Let `TBLC_1` be `$add_table_priority(tableContext', n)`

............. Result in TBLC_1, ?((priority= numberLiteral :))

.... Case `tableEntryPriority` matches pattern `PRIORITY=(%):`
..... Let `(priority=( expression ):)` be tableEntryPriority

..... Group specified-expression: TC, TBLC_0, TBLS, ?((priority=( expression ):))

...... Case analysis on tableContext'.mode
....... Case `tableContext'.mode` matches pattern `PRI`
........ If (~tableContext'.entries.const), then

......... Case analysis on tableContext'.priorities.values
.......... Case tableContext'.priorities.values = []
........... Let [`typedExpressionIR` be the result of typing `expression`, under cursor `(local)` and typing context `TC`](Expr_ok)

........... Let `(_expressionIR # (( _typeIR ctk )))` be typedExpressionIR

........... If (ctk matches pattern `LCTK`), then

............ Let [`value` be the static evaluation of `typedExpressionIR`, under cursor `(local)` and typing context `TC`](Eval_static)

............ Let `int` be `$to_number(value)`

............ If (`int` has type nat), then

............. Let `n` be `int` as nat

............. Let `TBLC_1` be tableContext'[priorities.init = true]

............. Let `TBLC_2` be `$add_table_priority(TBLC_1, n)`

............. Result in TBLC_2, ?((priority=( typedExpressionIR ):))

.......... Case tableContext'.priorities.values =/= []
........... If (tableContext'.priorities.init), then

............ Let [`typedExpressionIR` be the result of typing `expression`, under cursor `(local)` and typing context `TC`](Expr_ok)

............ Let `(_expressionIR # (( _typeIR ctk )))` be typedExpressionIR

............ If (ctk matches pattern `LCTK`), then

............. Let [`value` be the static evaluation of `typedExpressionIR`, under cursor `(local)` and typing context `TC`](Eval_static)

............. Let `int` be `$to_number(value)`

............. If (`int` has type nat), then

.............. Let `n` be `int` as nat

.............. Let `TBLC_1` be `$add_table_priority(tableContext', n)`

.............. Result in TBLC_1, ?((priority=( typedExpressionIR ):))

....... Case `tableContext'.mode` matches pattern `PRILPM`
........ If (~tableContext'.entries.const), then

......... Case analysis on tableContext'.priorities.values
.......... Case tableContext'.priorities.values = []
........... Let [`typedExpressionIR` be the result of typing `expression`, under cursor `(local)` and typing context `TC`](Expr_ok)

........... Let `(_expressionIR # (( _typeIR ctk )))` be typedExpressionIR

........... If (ctk matches pattern `LCTK`), then

............ Let [`value` be the static evaluation of `typedExpressionIR`, under cursor `(local)` and typing context `TC`](Eval_static)

............ Let `int` be `$to_number(value)`

............ If (`int` has type nat), then

............. Let `n` be `int` as nat

............. Let `TBLC_1` be tableContext'[priorities.init = true]

............. Let `TBLC_2` be `$add_table_priority(TBLC_1, n)`

............. Result in TBLC_2, ?((priority=( typedExpressionIR ):))

.......... Case tableContext'.priorities.values =/= []
........... If (tableContext'.priorities.init), then

............ Let [`typedExpressionIR` be the result of typing `expression`, under cursor `(local)` and typing context `TC`](Expr_ok)

............ Let `(_expressionIR # (( _typeIR ctk )))` be typedExpressionIR

............ If (ctk matches pattern `LCTK`), then

............. Let [`value` be the static evaluation of `typedExpressionIR`, under cursor `(local)` and typing context `TC`](Eval_static)

............. Let `int` be `$to_number(value)`

............. If (`int` has type nat), then

.............. Let `n` be `int` as nat

.............. Let `TBLC_1` be `$add_table_priority(tableContext', n)`

.............. Result in TBLC_1, ?((priority=( typedExpressionIR ):))

relation TableEntry_ok: TC, TBLC_0, tableEntry

. Case analysis on tableEntry
.. Case `tableEntry` matches pattern `%%%:%%;`
... Let `(constOpt tableEntryPriority keysetExpression : tableActionReference annotationList ;)` be tableEntry

... Group priority: TC, TBLC_0, (constOpt tableEntryPriority keysetExpression : tableActionReference annotationList ;)

.... (TableEntry_keyset_ok: TC TBLC_0 |- keysetExpression : TBLS keysetExpressionIR)

.... (TableEntry_action_ok: TC TBLC_0 |- tableActionReference : tableActionReferenceIR)

.... (TableEntry_priority_ok: TC TBLC_0 TBLS |- ?(tableEntryPriority) : TBLC_1 tableEntryPriorityOptIR)

.... Let `constOptIR` be `$flatten_constOpt(constOpt)`

.... Let `tableEntryIR` be (constOptIR tableEntryPriorityOptIR keysetExpressionIR : tableActionReferenceIR annotationList ;)

.... Result in TBLC_1, tableEntryIR

.. Case `tableEntry` matches pattern `%%:%%;`
... Let `(constOpt keysetExpression : tableActionReference annotationList ;)` be tableEntry

... Group non-priority: TC, TBLC_0, (constOpt keysetExpression : tableActionReference annotationList ;)

.... (TableEntry_keyset_ok: TC TBLC_0 |- keysetExpression : TBLS keysetExpressionIR)

.... (TableEntry_action_ok: TC TBLC_0 |- tableActionReference : tableActionReferenceIR)

.... (TableEntry_priority_ok: TC TBLC_0 TBLS |- ?() : TBLC_1 tableEntryPriorityOptIR)

.... Let `constOptIR` be `$flatten_constOpt(constOpt)`

.... Let `tableEntryIR` be (constOptIR tableEntryPriorityOptIR keysetExpressionIR : tableActionReferenceIR annotationList ;)

.... Result in TBLC_1, tableEntryIR

relation TableEntries_ok: TC, TBLC', tableEntry*{tableEntry <- tableEntry*}

. Case analysis on tableEntry*{tableEntry <- tableEntry*}
.. Case `tableEntry*{tableEntry <- tableEntry*}` matches pattern []
... Group nil: TC, TBLC, []

.... Result in TBLC', []

.. Case `tableEntry*{tableEntry <- tableEntry*}` matches pattern _ :: _
... Let `tableEntry_h :: tableEntry_t*{tableEntry_t <- tableEntry_t*}` be tableEntry*{tableEntry <- tableEntry*}

... Group cons: TC, TBLC_0, tableEntry_h :: tableEntry_t*{}

.... (TableEntry_ok: TC TBLC' |- tableEntry_h : TBLC_1 tableEntryIR_h)

.... (TableEntries_ok: TC TBLC_1 |- tableEntry_t*{tableEntry_t <- tableEntry_t*} : TBLC_2 tableEntryIR_t*{tableEntryIR_t <- tableEntryIR_t*})

.... Result in TBLC_2, tableEntryIR_h :: tableEntryIR_t*{tableEntryIR_t <- tableEntryIR_t*}

relation TableProperty_ok: TC, TBLC_0', tableProperty

. Case analysis on tableProperty
.. Case `tableProperty` matches pattern `KEY={%}`
... Let `(key={ tableKeyList })` be tableProperty

... Group key: TC, TBLC_0, (key={ tableKeyList })

.... Let `tableKey*{tableKey <- tableKey*}` be `$flatten_tableKeyList(tableKeyList)`

.... (TableKeys_ok: TC TBLC_0' |- tableKey*{tableKey <- tableKey*} : TBLC_1 tableKeyIR*{tableKeyIR <- tableKeyIR*})

.... Result in TBLC_1, (key={ tableKeyIR*{tableKeyIR <- tableKeyIR*} })

.. Case `tableProperty` matches pattern `ACTIONS={%}`
... Let `(actions={ tableActionList })` be tableProperty

... Group actions: TC, TBLC_0, (actions={ tableActionList })

.... Let `tableAction*{tableAction <- tableAction*}` be `$flatten_tableActionList(tableActionList)`

.... (TableActions_ok: TC TBLC_0' |- tableAction*{tableAction <- tableAction*} : TBLC_1 tableActionIR*{tableActionIR <- tableActionIR*})

.... Result in TBLC_1, (actions={ tableActionIR*{tableActionIR <- tableActionIR*} })

.. Case `tableProperty` matches pattern `%%ENTRIES={%}`
... Let `(annotationList constOpt entries={ tableEntryList })` be tableProperty

... Group entries: TC, TBLC_0, (annotationList constOpt entries={ tableEntryList })

.... Let `tableEntry*{tableEntry <- tableEntry*}` be `$flatten_tableEntryList(tableEntryList)`

.... If ((|TBLC_0'.keys| = 0) => (|tableEntry*{tableEntry <- tableEntry*}| = 0)), then

..... Let `TBLC_1` be TBLC_0'[entries.size = |tableEntry*{tableEntry <- tableEntry*}|]

..... Let `constOptIR` be `$flatten_constOpt(constOpt)`

..... Let `TBLC_2` be TBLC_1[entries.const = (constOptIR = ?((const)))]

..... (TableEntries_ok: TC TBLC_2 |- tableEntry*{tableEntry <- tableEntry*} : TBLC_3 tableEntryIR*{tableEntryIR <- tableEntryIR*})

..... Result in TBLC_3, (annotationList constOptIR entries={ tableEntryIR*{tableEntryIR <- tableEntryIR*} })

.. Case `tableProperty` matches pattern `%%%%;`
... Let `(annotationList constOpt tableCustomName initializer ;)` be tableProperty

... Group default-action: TC, TBLC, (annotationList constOpt tableCustomName initializer ;)

.... If (("default_action" = `$tableCustomName(tableCustomName)`)), then

..... (TableDefaultAction_ok: TC TBLC_0' |- initializer : tableActionReferenceIR)

..... Let `constOptIR` be `$flatten_constOpt(constOpt)`

..... Let `tablePropertyIR` be (annotationList constOptIR default_action= tableActionReferenceIR ;)

..... Result in TBLC_0', tablePropertyIR

... Let `(annotationList constOpt tableCustomName (= expression) ;)` be tableProperty

... Group custom: TC, tableContext, (annotationList constOpt tableCustomName (= expression) ;)

.... If (("size" = `$tableCustomName(tableCustomName)`)), then

..... Let [`typedExpressionIR` be the result of typing `expression`, under cursor `(local)` and typing context `TC`](Expr_ok)

..... Let `(_expressionIR # (( typeIR _ctk )))` be typedExpressionIR

..... If (`$is_arbitrary_int_typeIR(typeIR)`), then

...... Let `constOptIR` be `$flatten_constOpt(constOpt)`

...... Let `tablePropertyIR` be (annotationList constOptIR custom "size" (= typedExpressionIR) ;)

...... Result in TBLC_0', tablePropertyIR

..... If (`$is_fixed_int_typeIR(typeIR)`), then

...... Let `constOptIR` be `$flatten_constOpt(constOpt)`

...... Let `tablePropertyIR` be (annotationList constOptIR custom "size" (= typedExpressionIR) ;)

...... Result in TBLC_0', tablePropertyIR

..... If (`$is_fixed_bit_typeIR(typeIR)`), then

...... Let `constOptIR` be `$flatten_constOpt(constOpt)`

...... Let `tablePropertyIR` be (annotationList constOptIR custom "size" (= typedExpressionIR) ;)

...... Result in TBLC_0', tablePropertyIR

.... If (("largest_priority_wins" = `$tableCustomName(tableCustomName)`)), then

..... Let [`typedExpressionIR` be the result of typing `expression`, under cursor `(local)` and typing context `TC`](Expr_ok)

..... Let `(_expressionIR # (( typeIR' _ctk )))` be typedExpressionIR

..... If (`typeIR'` has type primitiveTypeIR), then

...... Let `primitiveTypeIR` be `typeIR'` as primitiveTypeIR

...... If (primitiveTypeIR matches pattern `BOOL`), then

....... Let [`value'` be the static evaluation of `typedExpressionIR`, under cursor `(local)` and typing context `TC`](Eval_static)

....... If (`value'` has type primitiveValue), then

........ Let `primitiveValue` be `value'` as primitiveValue

........ If (primitiveValue matches pattern `B%`), then

......... Let `(b b_largest_priority_wins)` be primitiveValue

......... Let `TBLC_1` be TBLC_0'[priorities.largest_wins = b_largest_priority_wins]

......... Let `constOptIR` be `$flatten_constOpt(constOpt)`

......... Let `tablePropertyIR` be (annotationList constOptIR custom_const "largest_priority_wins" (= `(b b_largest_priority_wins)` as value) ;)

......... Result in TBLC_1, tablePropertyIR

.... If (("priority_delta" = `$tableCustomName(tableCustomName)`)), then

..... Let [`typedExpressionIR` be the result of typing `expression`, under cursor `(local)` and typing context `TC`](Expr_ok)

..... Let `(_expressionIR # (( typeIR _ctk )))` be typedExpressionIR

..... If (`$is_arbitrary_int_typeIR(typeIR)`), then

...... Let [`value` be the static evaluation of `typedExpressionIR`, under cursor `(local)` and typing context `TC`](Eval_static)

...... Let `int` be `$to_number(value)`

...... If (`int` has type nat), then

....... Let `n_delta` be `int` as nat

....... If ((n_delta > 0)), then

........ Let `TBLC_1` be TBLC_0'[priorities.delta = n_delta]

........ Let `constOptIR` be `$flatten_constOpt(constOpt)`

........ Let `tablePropertyIR` be (annotationList constOptIR custom_const "priority_delta" (= `(d `n_delta` as int)` as value) ;)

........ Result in TBLC_1, tablePropertyIR

..... If (`$is_fixed_int_typeIR(typeIR)`), then

...... Let [`value` be the static evaluation of `typedExpressionIR`, under cursor `(local)` and typing context `TC`](Eval_static)

...... Let `int` be `$to_number(value)`

...... If (`int` has type nat), then

....... Let `n_delta` be `int` as nat

....... If ((n_delta > 0)), then

........ Let `TBLC_1` be TBLC_0'[priorities.delta = n_delta]

........ Let `constOptIR` be `$flatten_constOpt(constOpt)`

........ Let `tablePropertyIR` be (annotationList constOptIR custom_const "priority_delta" (= `(d `n_delta` as int)` as value) ;)

........ Result in TBLC_1, tablePropertyIR

..... If (`$is_fixed_bit_typeIR(typeIR)`), then

...... Let [`value` be the static evaluation of `typedExpressionIR`, under cursor `(local)` and typing context `TC`](Eval_static)

...... Let `int` be `$to_number(value)`

...... If (`int` has type nat), then

....... Let `n_delta` be `int` as nat

....... If ((n_delta > 0)), then

........ Let `TBLC_1` be TBLC_0'[priorities.delta = n_delta]

........ Let `constOptIR` be `$flatten_constOpt(constOpt)`

........ Let `tablePropertyIR` be (annotationList constOptIR custom_const "priority_delta" (= `(d `n_delta` as int)` as value) ;)

........ Result in TBLC_1, tablePropertyIR

.... Let `nameIR` be `$tableCustomName(tableCustomName)`

.... If ((nameIR =/= "size") /\ (nameIR =/= "largest_priority_wins") /\ (nameIR =/= "priority_delta")), then

..... Let [`typedExpressionIR` be the result of typing `expression`, under cursor `(local)` and typing context `TC`](Expr_ok)

..... Let `constOptIR` be `$flatten_constOpt(constOpt)`

..... Let `tablePropertyIR` be (annotationList constOptIR custom nameIR (= typedExpressionIR) ;)

..... Result in TBLC_0', tablePropertyIR

relation TableProperties_ok: TC, TBLC', tableProperty*{tableProperty <- tableProperty*}

. Case analysis on tableProperty*{tableProperty <- tableProperty*}
.. Case `tableProperty*{tableProperty <- tableProperty*}` matches pattern []
... Group nil: TC, TBLC, []

.... Result in TBLC', []

.. Case `tableProperty*{tableProperty <- tableProperty*}` matches pattern _ :: _
... Let `tableProperty_h :: tableProperty_t*{tableProperty_t <- tableProperty_t*}` be tableProperty*{tableProperty <- tableProperty*}

... Group cons: TC, TBLC_0, tableProperty_h :: tableProperty_t*{}

.... (TableProperty_ok: TC TBLC' |- tableProperty_h : TBLC_1 tablePropertyIR_h)

.... (TableProperties_ok: TC TBLC_1 |- tableProperty_t*{tableProperty_t <- tableProperty_t*} : TBLC_2 tablePropertyIR_t*{tablePropertyIR_t <- tablePropertyIR_t*})

.... Result in TBLC_2, tablePropertyIR_h :: tablePropertyIR_t*{tablePropertyIR_t <- tablePropertyIR_t*}

relation Table_ok: TC, tableProperty*{tableProperty <- tableProperty*}

. Group : TC, tableProperty*{}

.. If ((`$count_table_keys(tableProperty*{tableProperty <- tableProperty*})` <= 1)), then

... If ((`$count_table_actions(tableProperty*{tableProperty <- tableProperty*})` = 1)), then

.... Let `TBLC_0` be `$empty_tableContext`

.... (TableProperties_ok: TC TBLC_0 |- tableProperty*{tableProperty <- tableProperty*} : TBLC_1 tablePropertyIR*{tablePropertyIR <- tablePropertyIR*})

.... Result in TBLC_1, tablePropertyIR*{tablePropertyIR <- tablePropertyIR*}

relation TableType_ok: TC_0, TBLC, name

. Group : TC_0, TBLC, name

.. Let `nameIR` be `$name(name)`

.. Let `tid_enum` be "action_list(" ++ nameIR ++ ")"

.. Let `(prefixedNameIR_action, _parameterTypeIR*{_parameterTypeIR <- _parameterTypeIR*}, _argumentListIR)*{_argumentListIR <- _argumentListIR*, _parameterTypeIR* <- _parameterTypeIR**, prefixedNameIR_action <- prefixedNameIR_action*}` be TBLC.actions

Let `id_enum_field*` be the list of `id_enum_field`, obtained by repeating:
 .. Let `id_enum_field` be `$flatten_prefixedNameIR(prefixedNameIR_action)`
for each `prefixedNameIR_action` in `prefixedNameIR_action*`

.. Let `typeIR_table_enum` be `(table_enum tid_enum { id_enum_field*{id_enum_field <- id_enum_field*} })` as typeIR

Let `value_enum_field*` be the list of `value_enum_field`, obtained by repeating:
 .. Let `value_enum_field` be `(table_enum tid_enum . id_enum_field)` as value
for each `id_enum_field` in `id_enum_field*`

Let `varTypeIR_enum_field*` be the list of `varTypeIR_enum_field`, obtained by repeating:
 .. Let `varTypeIR_enum_field` be (() typeIR_table_enum (lctk) ?(value_enum_field))
for each `value_enum_field` in `value_enum_field*`

.. Let `TC_1` be `$add_vars((block), TC_0, tid_enum ++ "." ++ id_enum_field*{id_enum_field <- id_enum_field*}, varTypeIR_enum_field*{varTypeIR_enum_field <- varTypeIR_enum_field*})`

.. Let `tid_struct` be "apply_result(" ++ nameIR ++ ")"

.. Let `typeIR_table_struct` be `(table_struct tid_struct { [(`(bool)` as typeIR "hit" ;), (`(bool)` as typeIR "miss" ;), (typeIR_table_enum "action_run" ;)] })` as typeIR

.. Let `typeIR_table` be `(table nameIR # typeIR_table_struct)` as typeIR

.. Result in TC_1, typeIR_table

relation ControlLocalDecl_ok: TC_0, controlLocalDeclaration

. Case analysis on controlLocalDeclaration
.. Case `controlLocalDeclaration` has type constantDeclaration
... Let `constantDeclaration` be `controlLocalDeclaration` as constantDeclaration

... Group constantDeclaration: TC_0, `constantDeclaration` as controlLocalDeclaration

.... Let [`declarationIR` be the result of typing ``constantDeclaration` as declaration`, under cursor `(block)` and typing context `TC_0`,
and `TC_1` be the modified typing context](Decl_ok)

.... If (`declarationIR` has type constantDeclarationIR), then

..... Let `constantDeclarationIR` be `declarationIR` as constantDeclarationIR

..... Result in TC_1, `constantDeclarationIR` as controlLocalDeclarationIR

.. Case `controlLocalDeclaration` has type instantiation
... Let `instantiation` be `controlLocalDeclaration` as instantiation

... Group instantiation: TC_0, `instantiation` as controlLocalDeclaration

.... Let [`declarationIR` be the result of typing ``instantiation` as declaration`, under cursor `(block)` and typing context `TC_0`,
and `TC_1` be the modified typing context](Decl_ok)

.... If (`declarationIR` has type instantiationIR), then

..... Let `instantiationIR` be `declarationIR` as instantiationIR

..... Result in TC_1, `instantiationIR` as controlLocalDeclarationIR

.. Case `controlLocalDeclaration` has type variableDeclaration
... Let `(annotationList type name initializerOpt ;)` be `controlLocalDeclaration` as variableDeclaration

... Group variableDeclaration: TC_0, `(annotationList type name initializerOpt ;)` as controlLocalDeclaration

.... If (initializerOpt matches pattern ``EMPTY`), then

..... Let [`typeIR` be the result of typing ``type` as typeOrVoid`, under cursor `(block)` and typing context `TC_0`,
and `tid*{tid <- tid*}` be the set of inserted type variables](Type_ok)

..... If (tid*{tid <- tid*} matches pattern []), then

...... If (Type_wf: `$bound((block), TC_0)` |- typeIR) holds, then

....... If (`$is_assignable_typeIR(typeIR)`), then

........ Let `nameIR` be `$name(name)`

........ Let `TC_1` be `$add_var((block), TC_0, nameIR, ((inout) typeIR (dyn) ?()))`

........ Let `variableDeclarationIR` be (annotationList typeIR nameIR ?() ;)

........ Result in TC_1, `variableDeclarationIR` as controlLocalDeclarationIR

.... If (`initializerOpt` has type initializer), then

..... Let `(= expression_init)` be `initializerOpt` as initializer

..... Let [`typeIR` be the result of typing ``type` as typeOrVoid`, under cursor `(block)` and typing context `TC_0`,
and `tid*{tid <- tid*}` be the set of inserted type variables](Type_ok)

..... If (tid*{tid <- tid*} matches pattern []), then

...... If (Type_wf: `$bound((block), TC_0)` |- typeIR) holds, then

....... If (`$is_assignable_typeIR(typeIR)`), then

........ Let [`typedExpressionIR_init` be the result of typing `expression_init`, under cursor `(block)` and typing context `TC_0`](Expr_ok)

........ Let `typedExpressionIR?{typedExpressionIR <- typedExpressionIR?}` be `$coerce_unary(typedExpressionIR_init, typeIR)`

........ If (typedExpressionIR?{typedExpressionIR <- typedExpressionIR?} matches pattern (_)), then

......... Let `?(typedExpressionIR_init_cast)` be typedExpressionIR?{typedExpressionIR <- typedExpressionIR?}

......... Let `nameIR` be `$name(name)`

......... Let `TC_1` be `$add_var((block), TC_0, nameIR, ((inout) typeIR (dyn) ?()))`

......... Let `variableDeclarationIR` be (annotationList typeIR nameIR ?((= typedExpressionIR_init_cast)) ;)

......... Result in TC_1, `variableDeclarationIR` as controlLocalDeclarationIR

.. Case `controlLocalDeclaration` has type actionDeclaration
... Let `actionDeclaration` be `controlLocalDeclaration` as actionDeclaration

... Group actionDeclaration: TC_0, `actionDeclaration` as controlLocalDeclaration

.... Let [`declarationIR` be the result of typing ``actionDeclaration` as declaration`, under cursor `(block)` and typing context `TC_0`,
and `TC_1` be the modified typing context](Decl_ok)

.... If (`declarationIR` has type actionDeclarationIR), then

..... Let `actionDeclarationIR` be `declarationIR` as actionDeclarationIR

..... Result in TC_1, `actionDeclarationIR` as controlLocalDeclarationIR

.. Case `controlLocalDeclaration` has type tableDeclaration
... Let `(annotationList table name { tablePropertyList })` be `controlLocalDeclaration` as tableDeclaration

... Group tableDeclaration: TC_0, `(annotationList table name { tablePropertyList })` as controlLocalDeclaration

.... Let `TC_1` be TC_0[local.kind = (table_apply_method)]

.... Let `tableProperty*{tableProperty <- tableProperty*}` be `$flatten_tablePropertyList(tablePropertyList)`

.... (Table_ok: TC_1 |- tableProperty*{tableProperty <- tableProperty*} : TBLC tablePropertyIR*{tablePropertyIR <- tablePropertyIR*})

.... Let `nameIR` be `$name(name)`

.... (TableType_ok: TC_1 TBLC |- name : TC_2 typeIR_table)

.... Let `TC_3` be `$add_var((block), TC_2, nameIR, (() typeIR_table (dyn) ?()))`

.... Let `tableDeclarationIR` be (annotationList table typeIR_table nameIR { tablePropertyIR*{tablePropertyIR <- tablePropertyIR*} })

.... Result in TC_3, `tableDeclarationIR` as controlLocalDeclarationIR

relation ControlLocalDecls_ok: TC', controlLocalDeclaration*{controlLocalDeclaration <- controlLocalDeclaration*}

. Case analysis on controlLocalDeclaration*{controlLocalDeclaration <- controlLocalDeclaration*}
.. Case `controlLocalDeclaration*{controlLocalDeclaration <- controlLocalDeclaration*}` matches pattern []
... Group nil: TC, []

.... Result in TC', []

.. Case `controlLocalDeclaration*{controlLocalDeclaration <- controlLocalDeclaration*}` matches pattern _ :: _
... Let `controlLocalDeclaration_h :: controlLocalDeclaration_t*{controlLocalDeclaration_t <- controlLocalDeclaration_t*}` be controlLocalDeclaration*{controlLocalDeclaration <- controlLocalDeclaration*}

... Group cons: TC_0, controlLocalDeclaration_h :: controlLocalDeclaration_t*{}

.... (ControlLocalDecl_ok: TC' |- controlLocalDeclaration_h : TC_1 controlLocalDeclarationIR_h)

.... (ControlLocalDecls_ok: TC_1 |- controlLocalDeclaration_t*{controlLocalDeclaration_t <- controlLocalDeclaration_t*} : TC_2 controlLocalDeclarationIR_t*{controlLocalDeclarationIR_t <- controlLocalDeclarationIR_t*})

.... Result in TC_2, controlLocalDeclarationIR_h :: controlLocalDeclarationIR_t*{controlLocalDeclarationIR_t <- controlLocalDeclarationIR_t*}

relation Decl_ok: p', TC_0, declaration

. Case analysis on declaration
.. Case `declaration` has type constantDeclaration
... Let `(annotationList const type name (= expression_value) ;)` be `declaration` as constantDeclaration

... Group constantDeclaration: p, TC_0, `(annotationList const type name (= expression_value) ;)` as declaration

.... Let [`typeIR` be the result of typing ``type` as typeOrVoid`, under cursor `p'` and typing context `TC_0`,
and `tid*{tid <- tid*}` be the set of inserted type variables](Type_ok)

.... If (tid*{tid <- tid*} matches pattern []), then

..... If (Type_wf: `$bound(p', TC_0)` |- typeIR) holds, then

...... Let [`typedExpressionIR_value` be the result of typing `expression_value`, under cursor `p'` and typing context `TC_0`](Expr_ok)

...... Let `(_expressionIR # (( _typeIR ctk )))` be typedExpressionIR_value

...... If (ctk matches pattern `LCTK`), then

....... Let `typedExpressionIR?{typedExpressionIR <- typedExpressionIR?}` be `$coerce_unary(typedExpressionIR_value, typeIR)`

....... If (typedExpressionIR?{typedExpressionIR <- typedExpressionIR?} matches pattern (_)), then

........ Let `?(typedExpressionIR_value_cast)` be typedExpressionIR?{typedExpressionIR <- typedExpressionIR?}

........ Let [`value` be the static evaluation of `typedExpressionIR_value_cast`, under cursor `p'` and typing context `TC_0`](Eval_static)

........ Let `nameIR` be `$name(name)`

........ Let `TC_1` be `$add_var(p', TC_0, nameIR, (() typeIR (lctk) ?(value)))`

........ Let `constantDeclarationIR` be (annotationList const typeIR nameIR (= value) ;)

........ Result in TC_1, `constantDeclarationIR` as declarationIR

.. Case `declaration` has type instantiation
... Let `instantiation` be `declaration` as instantiation

... Case analysis on instantiation
.... Case `instantiation` matches pattern `%%(%)%;`
..... Let `(annotationList type ( argumentList ) name ;)` be instantiation

..... Group instantiation-non-objectInitializer: p, TC_0, `(annotationList type ( argumentList ) name ;)` as declaration

...... Case analysis on type
....... Case `type` has type prefixedTypeName
........ Let `prefixedTypeName` be `type` as prefixedTypeName

........ Let `argument*{argument <- argument*}` be `$flatten_argumentList(argumentList)`

Let , obtained by repeating:
 ........ Let [`argumentIR` be the result of typing `argument`, under cursor `p'` and typing context `TC_0`](Argument_ok)
for each `argument` in `argument*` and `argumentIR` in `argumentIR*`

........ Let `prefixedNameIR` be `$prefixedTypeName(prefixedTypeName)`

........ (ConstructorType_ok: p' TC_0 |- prefixedNameIR < [] >( argumentIR*{argumentIR <- argumentIR*} ): constructorTypeIR <# tid_impl*{tid_impl <- tid_impl*} >(# id_default*{id_default <- id_default*} ))

........ (Inst_ok: p' TC_0 (named) |- constructorTypeIR < [] # tid_impl*{tid_impl <- tid_impl*} >( argumentIR*{argumentIR <- argumentIR*} # id_default*{id_default <- id_default*} ): typeIR_object < typeArgumentIR_inferred*{typeArgumentIR_inferred <- typeArgumentIR_inferred*} >( argumentIR_cast*{argumentIR_cast <- argumentIR_cast*} ))

........ Let `nameIR` be `$name(name)`

........ Let `TC_1` be `$add_var(p', TC_0, nameIR, (() typeIR_object (ctk) ?()))`

........ Let `instantiationIR` be (annotationList typeIR_object prefixedNameIR < typeArgumentIR_inferred*{typeArgumentIR_inferred <- typeArgumentIR_inferred*} >( argumentIR*{argumentIR <- argumentIR*} ) nameIR ?() ;)

........ Result in TC_1, `instantiationIR` as declarationIR

....... Case `type` has type specializedType
........ Let `(prefixedTypeName < typeArgumentList >)` be `type` as specializedType

........ Let `typeArgument*{typeArgument <- typeArgument*}` be `$flatten_typeArgumentList(typeArgumentList)`

........ (TypeArguments_ok: p' TC_0 |- typeArgument*{typeArgument <- typeArgument*} : typeArgumentIR*{typeArgumentIR <- typeArgumentIR*} # tid_impl*{tid_impl <- tid_impl*})

........ Let `argument*{argument <- argument*}` be `$flatten_argumentList(argumentList)`

Let , obtained by repeating:
 ........ Let [`argumentIR` be the result of typing `argument`, under cursor `p'` and typing context `TC_0`](Argument_ok)
for each `argument` in `argument*` and `argumentIR` in `argumentIR*`

........ Let `prefixedNameIR` be `$prefixedTypeName(prefixedTypeName)`

........ (ConstructorType_ok: p' TC_0 |- prefixedNameIR < typeArgumentIR*{typeArgumentIR <- typeArgumentIR*} >( argumentIR*{argumentIR <- argumentIR*} ): constructorTypeIR <# tid_inserted*{tid_inserted <- tid_inserted*} >(# id_default*{id_default <- id_default*} ))

........ Let `tid_infer*{tid_infer <- tid_infer*}` be tid_impl*{tid_impl <- tid_impl*} ++ tid_inserted*{tid_inserted <- tid_inserted*}

........ (Inst_ok: p' TC_0 (named) |- constructorTypeIR < typeArgumentIR*{typeArgumentIR <- typeArgumentIR*} # tid_infer*{tid_infer <- tid_infer*} >( argumentIR*{argumentIR <- argumentIR*} # id_default*{id_default <- id_default*} ): typeIR_object < typeArgumentIR_inferred*{typeArgumentIR_inferred <- typeArgumentIR_inferred*} >( argumentIR_cast*{argumentIR_cast <- argumentIR_cast*} ))

........ Let `nameIR` be `$name(name)`

........ Let `TC_1` be `$add_var(p', TC_0, nameIR, (() typeIR_object (ctk) ?()))`

........ Let `instantiationIR` be (annotationList typeIR_object prefixedNameIR < typeArgumentIR_inferred*{typeArgumentIR_inferred <- typeArgumentIR_inferred*} >( argumentIR*{argumentIR <- argumentIR*} ) nameIR ?() ;)

........ Result in TC_1, `instantiationIR` as declarationIR

.... Case `instantiation` matches pattern `%%(%)%%;`
..... Let `(annotationList type ( argumentList ) name (={ objectDeclarationList }) ;)` be instantiation

..... Group instantiation-objectInitializer: p, TC_0, `(annotationList type ( argumentList ) name (={ objectDeclarationList }) ;)` as declaration

...... Case analysis on type
....... Case `type` has type prefixedTypeName
........ Let `prefixedTypeName` be `type` as prefixedTypeName

........ Let `argument*{argument <- argument*}` be `$flatten_argumentList(argumentList)`

Let , obtained by repeating:
 ........ Let [`argumentIR` be the result of typing `argument`, under cursor `p'` and typing context `TC_0`](Argument_ok)
for each `argument` in `argument*` and `argumentIR` in `argumentIR*`

........ Let `prefixedNameIR` be `$prefixedTypeName(prefixedTypeName)`

........ (ConstructorType_ok: p' TC_0 |- prefixedNameIR < [] >( argumentIR*{argumentIR <- argumentIR*} ): constructorTypeIR <# tid_impl*{tid_impl <- tid_impl*} >(# id_default*{id_default <- id_default*} ))

........ (Inst_ok: p' TC_0 (named) |- constructorTypeIR < [] # tid_impl*{tid_impl <- tid_impl*} >( argumentIR*{argumentIR <- argumentIR*} # id_default*{id_default <- id_default*} ): typeIR_object < typeArgumentIR_inferred*{typeArgumentIR_inferred <- typeArgumentIR_inferred*} >( argumentIR_cast*{argumentIR_cast <- argumentIR_cast*} ))

........ If (`$is_extern_object_typeIR(`$canon(typeIR_object)`)`), then

......... If (`typeIR_object` has type specializedTypeIR), then

.......... Let `((typeIR < tid_expl*{tid_expl <- tid_expl*} , tid'*{tid' <- tid'*} >) < typeIR_arg*{typeIR_arg <- typeIR_arg*} >)` be `typeIR_object` as specializedTypeIR

.......... If (`typeIR` has type externObjectTypeIR), then

........... Let `(extern tid_extern rdenv_extern)` be `typeIR` as externObjectTypeIR

........... If ((tid'*{tid' <- tid'*} = tid_impl*{tid_impl <- tid_impl*})), then

............ Let `TC_1` be `$add_var((local), TC_0, "this", (() typeIR_object (ctk) ?()))`

............ Let `objectDeclaration*{objectDeclaration <- objectDeclaration*}` be `$flatten_objectDeclarationList(objectDeclarationList)`

............ (Decls_object_ok: p' TC_1 ({ [] }) ({ [] }) |- objectDeclaration*{objectDeclaration <- objectDeclaration*} : frame_init rdenv_init objectDeclarationIR*{objectDeclarationIR <- objectDeclarationIR*})

............ Let `tid*{tid <- tid*}` be tid_expl*{tid_expl <- tid_expl*} ++ tid_impl*{tid_impl <- tid_impl*}

............ Let `theta` be ({ (tid : typeIR_arg)*{tid <- tid*, typeIR_arg <- typeIR_arg*} })

............ Let `rdenv_init_subst` be `$subst_rdenv(theta, rdenv_extern, rdenv_init)`

............ Let `typeIR_object_init` be `((`(extern tid_extern rdenv_init_subst)` as typeIR < tid_expl*{tid_expl <- tid_expl*} , tid_impl*{tid_impl <- tid_impl*} >) < typeIR_arg*{typeIR_arg <- typeIR_arg*} >)` as typeIR

............ If (`$is_concrete_extern_object(typeIR_object_init)`), then

............. Let `nameIR` be `$name(name)`

............. Let `TC_2` be `$add_var(p', TC_0, nameIR, (() typeIR_object_init (ctk) ?()))`

............. Let `instantiationIR` be (annotationList typeIR_object_init prefixedNameIR < typeArgumentIR_inferred*{typeArgumentIR_inferred <- typeArgumentIR_inferred*} >( argumentIR*{argumentIR <- argumentIR*} ) nameIR ?((={ objectDeclarationIR*{objectDeclarationIR <- objectDeclarationIR*} })) ;)

............. Result in TC_2, `instantiationIR` as declarationIR

....... Case `type` has type specializedType
........ Let `(prefixedTypeName < typeArgumentList >)` be `type` as specializedType

........ Let `typeArgument*{typeArgument <- typeArgument*}` be `$flatten_typeArgumentList(typeArgumentList)`

........ (TypeArguments_ok: p' TC_0 |- typeArgument*{typeArgument <- typeArgument*} : typeArgumentIR*{typeArgumentIR <- typeArgumentIR*} # tid_impl*{tid_impl <- tid_impl*})

........ Let `argument*{argument <- argument*}` be `$flatten_argumentList(argumentList)`

Let , obtained by repeating:
 ........ Let [`argumentIR` be the result of typing `argument`, under cursor `p'` and typing context `TC_0`](Argument_ok)
for each `argument` in `argument*` and `argumentIR` in `argumentIR*`

........ Let `prefixedNameIR` be `$prefixedTypeName(prefixedTypeName)`

........ (ConstructorType_ok: p' TC_0 |- prefixedNameIR < typeArgumentIR*{typeArgumentIR <- typeArgumentIR*} >( argumentIR*{argumentIR <- argumentIR*} ): constructorTypeIR <# tid_inserted*{tid_inserted <- tid_inserted*} >(# id_default*{id_default <- id_default*} ))

........ Let `tid_infer*{tid_infer <- tid_infer*}` be tid_impl*{tid_impl <- tid_impl*} ++ tid_inserted*{tid_inserted <- tid_inserted*}

........ (Inst_ok: p' TC_0 (named) |- constructorTypeIR < typeArgumentIR*{typeArgumentIR <- typeArgumentIR*} # tid_infer*{tid_infer <- tid_infer*} >( argumentIR*{argumentIR <- argumentIR*} # id_default*{id_default <- id_default*} ): typeIR_object < typeArgumentIR_inferred*{typeArgumentIR_inferred <- typeArgumentIR_inferred*} >( argumentIR_cast*{argumentIR_cast <- argumentIR_cast*} ))

........ If (`$is_extern_object_typeIR(`$canon(typeIR_object)`)`), then

......... If (`typeIR_object` has type specializedTypeIR), then

.......... Let `((typeIR < tid_expl*{tid_expl <- tid_expl*} , tid'*{tid' <- tid'*} >) < typeIR_arg*{typeIR_arg <- typeIR_arg*} >)` be `typeIR_object` as specializedTypeIR

.......... If (`typeIR` has type externObjectTypeIR), then

........... Let `(extern tid_extern rdenv_extern)` be `typeIR` as externObjectTypeIR

........... If ((tid'*{tid' <- tid'*} = tid_impl*{tid_impl <- tid_impl*})), then

............ Let `TC_1` be `$add_var((local), TC_0, "this", (() typeIR_object (ctk) ?()))`

............ Let `objectDeclaration*{objectDeclaration <- objectDeclaration*}` be `$flatten_objectDeclarationList(objectDeclarationList)`

............ (Decls_object_ok: p' TC_1 ({ [] }) ({ [] }) |- objectDeclaration*{objectDeclaration <- objectDeclaration*} : frame_init rdenv_init objectDeclarationIR*{objectDeclarationIR <- objectDeclarationIR*})

............ Let `tid*{tid <- tid*}` be tid_expl*{tid_expl <- tid_expl*} ++ tid_impl*{tid_impl <- tid_impl*}

............ Let `theta` be ({ (tid : typeIR_arg)*{tid <- tid*, typeIR_arg <- typeIR_arg*} })

............ Let `rdenv_init_subst` be `$subst_rdenv(theta, rdenv_extern, rdenv_init)`

............ Let `typeIR_object_init` be `((`(extern tid_extern rdenv_init_subst)` as typeIR < tid_expl*{tid_expl <- tid_expl*} , tid_impl*{tid_impl <- tid_impl*} >) < typeIR_arg*{typeIR_arg <- typeIR_arg*} >)` as typeIR

............ If (`$is_concrete_extern_object(typeIR_object_init)`), then

............. Let `nameIR` be `$name(name)`

............. Let `TC_2` be `$add_var(p', TC_0, nameIR, (() typeIR_object_init (ctk) ?()))`

............. Let `instantiationIR` be (annotationList typeIR_object_init prefixedNameIR < typeArgumentIR_inferred*{typeArgumentIR_inferred <- typeArgumentIR_inferred*} >( argumentIR*{argumentIR <- argumentIR*} ) nameIR ?((={ objectDeclarationIR*{objectDeclarationIR <- objectDeclarationIR*} })) ;)

............. Result in TC_2, `instantiationIR` as declarationIR

.. Case `declaration` has type functionDeclaration
... Let `(annotationList (typeOrVoid name typeParameterListOpt ( parameterList )) blockStatement)` be `declaration` as functionDeclaration

... Group functionDeclaration: p, TC_0, `(annotationList (typeOrVoid name typeParameterListOpt ( parameterList )) blockStatement)` as declaration

.... Let `typeParameter*{typeParameter <- typeParameter*}` be `$flatten_typeParameterListOpt(typeParameterListOpt)`

Let `tid_expl*` be the list of `tid_expl`, obtained by repeating:
 .... Let `tid_expl` be `$name(typeParameter)`
for each `typeParameter` in `typeParameter*`

.... Let `TC_1` be `$add_types((local), TC_0, tid_expl*{tid_expl <- tid_expl*}, `(tid tid_expl)` as typeDefIR*{tid_expl <- tid_expl*})`

.... Let [`typeIR_ret` be the result of typing `typeOrVoid`, under cursor `(local)` and typing context `TC_1`,
and `tid*{tid <- tid*}` be the set of inserted type variables](Type_ok)

.... If (tid*{tid <- tid*} matches pattern []), then

..... Let `parameter*{parameter <- parameter*}` be `$flatten_parameterList(parameterList)`

..... Let [`parameterIR*{parameterIR <- parameterIR*}` be the result of typing `parameter*{parameter <- parameter*}`, under cursor `(local)` and typing context `TC_1`](Parameters_ok)

Let `parameterTypeIR*` be the list of `parameterTypeIR`, obtained by repeating:
 ..... Let `parameterTypeIR` be `$parameterIR(parameterIR)`
for each `parameterIR` in `parameterIR*`

..... Let `TC_2` be `$add_parameters((local), TC_1, parameterTypeIR*{parameterTypeIR <- parameterTypeIR*})`

..... Let `TC_3` be TC_2[local.kind = (function-> typeIR_ret)]

..... (Block_ok: TC_3 (cont) |- blockStatement : _typingContext f blockStatementIR)

..... If (f matches pattern `RET`), then

...... Let `rid` be `$rid(name, parameterList)`

...... Let `functionTypeIR` be (function( parameterTypeIR*{parameterTypeIR <- parameterTypeIR*} )-> typeIR_ret)

...... Let `routineTypeDefIR` be `(`functionTypeIR` as routineTypeIR < tid_expl*{tid_expl <- tid_expl*} , tid_impl*{tid_impl <- tid_impl*} >)` as routineTypeDefIR

...... If (RoutineTypeDef_wf: `$bound(p', TC_0)` |- routineTypeDefIR) holds, then

....... Let `TC_4` be `$add_routine_overload(p', TC_0, rid, routineTypeDefIR)`

....... Let `nameIR` be `$name(name)`

....... Let `functionDeclarationIR` be (annotationList (typeIR_ret nameIR < tid_expl*{tid_expl <- tid_expl*} , tid_impl*{tid_impl <- tid_impl*} >( parameterIR*{parameterIR <- parameterIR*} )) blockStatementIR)

....... Result in TC_4, `functionDeclarationIR` as declarationIR

..... If ((typeIR_ret = `(void)` as typeIR)), then

...... Let `rid` be `$rid(name, parameterList)`

...... Let `functionTypeIR` be (function( parameterTypeIR*{parameterTypeIR <- parameterTypeIR*} )-> typeIR_ret)

...... Let `routineTypeDefIR` be `(`functionTypeIR` as routineTypeIR < tid_expl*{tid_expl <- tid_expl*} , tid_impl*{tid_impl <- tid_impl*} >)` as routineTypeDefIR

...... If (RoutineTypeDef_wf: `$bound(p', TC_0)` |- routineTypeDefIR) holds, then

....... Let `TC_4` be `$add_routine_overload(p', TC_0, rid, routineTypeDefIR)`

....... Let `nameIR` be `$name(name)`

....... Let `functionDeclarationIR` be (annotationList (typeIR_ret nameIR < tid_expl*{tid_expl <- tid_expl*} , tid_impl*{tid_impl <- tid_impl*} >( parameterIR*{parameterIR <- parameterIR*} )) blockStatementIR)

....... Result in TC_4, `functionDeclarationIR` as declarationIR

.. Case `declaration` has type actionDeclaration
... Let `(annotationList action name ( parameterList ) blockStatement)` be `declaration` as actionDeclaration

... Group actionDeclaration: p, TC_0, `(annotationList action name ( parameterList ) blockStatement)` as declaration

.... Let `TC_1` be TC_0[local.kind = (action)]

.... Let `parameter*{parameter <- parameter*}` be `$flatten_parameterList(parameterList)`

.... Let [`parameterIR*{parameterIR <- parameterIR*}` be the result of typing `parameter*{parameter <- parameter*}`, under cursor `(local)` and typing context `TC_1`](Parameters_ok)

.... If (tid*{tid <- tid*} matches pattern []), then

Let `parameterTypeIR*` be the list of `parameterTypeIR`, obtained by repeating:
 ..... Let `parameterTypeIR` be `$parameterIR(parameterIR)`
for each `parameterIR` in `parameterIR*`

..... Let `TC_2` be `$add_parameters((local), TC_1, parameterTypeIR*{parameterTypeIR <- parameterTypeIR*})`

..... (Block_ok: TC_2 (cont) |- blockStatement : _typingContext _flow blockStatementIR)

..... Let `rid` be `$rid(name, parameterList)`

..... Let `functionTypeIR` be (action( parameterTypeIR*{parameterTypeIR <- parameterTypeIR*} ))

..... If (RoutineTypeDef_wf: `$bound(p', TC_0)` |- `functionTypeIR` as routineTypeDefIR) holds, then

...... Let `TC_3` be `$add_routine_non_overload(p', TC_0, rid, `functionTypeIR` as routineTypeDefIR)`

...... Let `nameIR` be `$name(name)`

...... Let `actionDeclarationIR` be (annotationList action nameIR ( parameterIR*{parameterIR <- parameterIR*} ) blockStatementIR)

...... Result in TC_3, `actionDeclarationIR` as declarationIR

. If (p' matches pattern `GLOBAL`), then

.. Case analysis on declaration
... Case `declaration` has type errorDeclaration
.... Let `(error{ nameList })` be `declaration` as errorDeclaration

.... Group errorDeclaration: (global), TC_0, `(error{ nameList })` as declaration

..... Let `name*{name <- name*}` be `$flatten_nameList(nameList)`

Let `nameIR*` be the list of `nameIR`, obtained by repeating:
 ..... Let `nameIR` be `$name(name)`
for each `name` in `name*`

..... If ([the elements of `nameIR*{nameIR <- nameIR*}` are distinct]($distinct_)), then

Let `nameIR_error*` be the list of `nameIR_error`, obtained by repeating:
 ...... Let `nameIR_error` be "error." ++ nameIR
for each `nameIR` in `nameIR*`

Let `value_error*` be the list of `value_error`, obtained by repeating:
 ...... Let `value_error` be `(error. nameIR)` as value
for each `nameIR` in `nameIR*`

...... Let `TC_1` be `$add_vars((global), TC_0, nameIR_error*{nameIR_error <- nameIR_error*}, (() `(error)` as typeIR (lctk) ?(value_error))*{value_error <- value_error*})`

...... Result in TC_1, `(error{ nameIR*{nameIR <- nameIR*} })` as declarationIR

... Case `declaration` has type matchKindDeclaration
.... Let `(match_kind{ nameList _trailingCommaOpt })` be `declaration` as matchKindDeclaration

.... Group matchKindDeclaration: (global), TC_0, `(match_kind{ nameList _trailingCommaOpt })` as declaration

..... Let `name*{name <- name*}` be `$flatten_nameList(nameList)`

Let `nameIR*` be the list of `nameIR`, obtained by repeating:
 ..... Let `nameIR` be `$name(name)`
for each `name` in `name*`

..... If ([the elements of `nameIR*{nameIR <- nameIR*}` are distinct]($distinct_)), then

Let `value_match_kind*` be the list of `value_match_kind`, obtained by repeating:
 ...... Let `value_match_kind` be `(match_kind. nameIR)` as value
for each `nameIR` in `nameIR*`

...... Let `TC_1` be `$add_vars((global), TC_0, nameIR*{nameIR <- nameIR*}, (() `(match_kind)` as typeIR (lctk) ?(value_match_kind))*{value_match_kind <- value_match_kind*})`

...... Result in TC_1, `(match_kind{ nameIR*{nameIR <- nameIR*} })` as declarationIR

... Case `declaration` has type externFunctionDeclaration
.... Let `(annotationList extern (typeOrVoid name typeParameterListOpt ( parameterList )) ;)` be `declaration` as externFunctionDeclaration

.... Group externDeclaration-externFunctionDeclaration: (global), TC_0, `(annotationList extern (typeOrVoid name typeParameterListOpt ( parameterList )) ;)` as declaration

..... Let `typeParameter*{typeParameter <- typeParameter*}` be `$flatten_typeParameterListOpt(typeParameterListOpt)`

Let `tid_expl*` be the list of `tid_expl`, obtained by repeating:
 ..... Let `tid_expl` be `$name(typeParameter)`
for each `typeParameter` in `typeParameter*`

..... Let `TC_1` be `$add_types((local), TC_0, tid_expl*{tid_expl <- tid_expl*}, `(tid tid_expl)` as typeDefIR*{tid_expl <- tid_expl*})`

..... Let [`typeIR_ret` be the result of typing `typeOrVoid`, under cursor `(local)` and typing context `TC_1`,
and `tid*{tid <- tid*}` be the set of inserted type variables](Type_ok)

..... If (tid*{tid <- tid*} matches pattern []), then

...... Let `TC_2` be TC_1[local.kind = (extern_function-> typeIR_ret)]

...... Let `parameter*{parameter <- parameter*}` be `$flatten_parameterList(parameterList)`

...... Let [`parameterIR*{parameterIR <- parameterIR*}` be the result of typing `parameter*{parameter <- parameter*}`, under cursor `(local)` and typing context `TC_2`](Parameters_ok)

Let `parameterTypeIR*` be the list of `parameterTypeIR`, obtained by repeating:
 ...... Let `parameterTypeIR` be `$parameterIR(parameterIR)`
for each `parameterIR` in `parameterIR*`

...... Let `TC_3` be `$add_parameters((local), TC_2, parameterTypeIR*{parameterTypeIR <- parameterTypeIR*})`

...... Let `rid` be `$rid(name, parameterList)`

...... Let `functionTypeIR` be (extern_function( parameterTypeIR*{parameterTypeIR <- parameterTypeIR*} )-> typeIR_ret)

...... Let `routineTypeDefIR` be `(`functionTypeIR` as routineTypeIR < tid_expl*{tid_expl <- tid_expl*} , tid_impl*{tid_impl <- tid_impl*} >)` as routineTypeDefIR

...... If (RoutineTypeDef_wf: `$bound((global), TC_0)` |- routineTypeDefIR) holds, then

....... Let `TC_4` be `$add_routine_overload((global), TC_0, rid, routineTypeDefIR)`

....... Let `nameIR` be `$name(name)`

....... Let `externFunctionDeclarationIR` be (annotationList extern (typeIR_ret nameIR < tid_expl*{tid_expl <- tid_expl*} , tid_impl*{tid_impl <- tid_impl*} >( parameterIR*{parameterIR <- parameterIR*} )) ;)

....... Result in TC_4, `externFunctionDeclarationIR` as declarationIR

... Case `declaration` has type externObjectDeclaration
.... Let `(annotationList extern nonTypeName typeParameterListOpt { methodPrototypeList })` be `declaration` as externObjectDeclaration

.... Group externDeclaration-externObjectDeclaration: (global), TC_0, `(annotationList extern nonTypeName typeParameterListOpt { methodPrototypeList })` as declaration

..... Let `methodPrototype*{methodPrototype <- methodPrototype*}` be `$flatten_methodPrototypeList(methodPrototypeList)`

..... Let `(methodPrototype_constructor*{methodPrototype_constructor <- methodPrototype_constructor*}, methodPrototype_method*{methodPrototype_method <- methodPrototype_method*})` be `$split_constructors(methodPrototype*{methodPrototype <- methodPrototype*})`

..... Let `TC_1` be TC_0[block.kind = (extern)]

..... Let `typeParameter*{typeParameter <- typeParameter*}` be `$flatten_typeParameterListOpt(typeParameterListOpt)`

Let `tid_expl*` be the list of `tid_expl`, obtained by repeating:
 ..... Let `tid_expl` be `$name(typeParameter)`
for each `typeParameter` in `typeParameter*`

..... Let `TC_2` be `$add_types((block), TC_1, tid_expl*{tid_expl <- tid_expl*}, `(tid tid_expl)` as typeDefIR*{tid_expl <- tid_expl*})`

..... Let `nameIR` be `$name(`nonTypeName` as name)`

..... (ExternMethods_ok: TC_2 nameIR |- methodPrototype_method*{methodPrototype_method <- methodPrototype_method*} : TC_3 methodPrototypeIR_method*{methodPrototypeIR_method <- methodPrototypeIR_method*})

..... Let `typeIR_extern` be `(extern nameIR TC_3.block.rdenv)` as typeIR

..... Let `typeDefIR_extern` be `(typeIR_extern < tid_expl*{tid_expl <- tid_expl*} , [] >)` as typeDefIR

..... Let `TC_4` be `$add_type((global), TC_0, nameIR, typeDefIR_extern)`

..... Let `TC_5` be TC_4[block.kind = (extern)]

..... Let `TC_6` be `$add_types((block), TC_5, tid_expl*{tid_expl <- tid_expl*}, `(tid tid_expl)` as typeDefIR*{tid_expl <- tid_expl*})`

..... (ExternConstructors_ok: TC_6 nameIR |- methodPrototype_constructor*{methodPrototype_constructor <- methodPrototype_constructor*} : TC_7 methodPrototypeIR_constructor*{methodPrototypeIR_constructor <- methodPrototypeIR_constructor*})

..... Let `TC_8` be TC_4[global.cdenv = TC_7.global.cdenv]

..... Let `externObjectDeclarationIR` be (annotationList extern nameIR < tid_expl*{tid_expl <- tid_expl*} , [] >{ methodPrototypeIR_constructor*{methodPrototypeIR_constructor <- methodPrototypeIR_constructor*} ++ methodPrototypeIR_method*{methodPrototypeIR_method <- methodPrototypeIR_method*} })

..... Result in TC_8, `externObjectDeclarationIR` as declarationIR

... Case `declaration` has type parserDeclaration
.... Let `(annotationList parser name typeParameterListOpt ( parameterList ) constructorParameterListOpt { parserLocalDeclarationList parserStateList })` be `declaration` as parserDeclaration

.... If (typeParameterListOpt matches pattern ``EMPTY`), then

..... Group parserDeclaration: (global), TC_0, `(annotationList parser name () ( parameterList ) constructorParameterListOpt { parserLocalDeclarationList parserStateList })` as declaration

...... Let `TC_1` be TC_0[block.kind = (parser)]

...... Let `constructorParameter*{constructorParameter <- constructorParameter*}` be `$flatten_constructorParameterListOpt(constructorParameterListOpt)`

...... (ConstructorParameters_ok: (block) TC_1 |- constructorParameter*{constructorParameter <- constructorParameter*} : constructorParameterIR*{constructorParameterIR <- constructorParameterIR*} # tid*{tid <- tid*})

...... If (tid*{tid <- tid*} matches pattern []), then

Let `constructorParameterTypeIR*` be the list of `constructorParameterTypeIR`, obtained by repeating:
 ....... Let `constructorParameterTypeIR` be `$constructorParameterIR(constructorParameterIR)`
for each `constructorParameterIR` in `constructorParameterIR*`

....... Let `TC_2` be `$add_parameters((block), TC_1, constructorParameterTypeIR*{constructorParameterTypeIR <- constructorParameterTypeIR*})`

....... Let `parameter*{parameter <- parameter*}` be `$flatten_parameterList(parameterList)`

....... Let [`parameterIR*{parameterIR <- parameterIR*}` be the result of typing `parameter*{parameter <- parameter*}`, under cursor `(block)` and typing context `TC_2`](Parameters_ok)

....... If (tid'*{tid' <- tid'*} matches pattern []), then

Let `parameterTypeIR*` be the list of `parameterTypeIR`, obtained by repeating:
 ........ Let `parameterTypeIR` be `$parameterIR(parameterIR)`
for each `parameterIR` in `parameterIR*`

........ Let `TC_3` be `$add_parameters((block), TC_2, parameterTypeIR*{parameterTypeIR <- parameterTypeIR*})`

........ Let `parserLocalDeclaration*{parserLocalDeclaration <- parserLocalDeclaration*}` be `$flatten_parserLocalDeclarationList(parserLocalDeclarationList)`

........ (ParserLocalDecls_ok: TC_3 |- parserLocalDeclaration*{parserLocalDeclaration <- parserLocalDeclaration*} : TC_4 parserLocalDeclarationIR*{parserLocalDeclarationIR <- parserLocalDeclarationIR*})

........ Let `TC_5` be TC_4[local.kind = (parser_state)]

........ Let `parserState*{parserState <- parserState*}` be `$flatten_parserStateList(parserStateList)`

........ (ParserStates_ok: TC_5 |- parserState*{parserState <- parserState*} : parserStateIR*{parserStateIR <- parserStateIR*})

........ Let `methodTypeIR` be (parser_apply( parameterTypeIR*{parameterTypeIR <- parameterTypeIR*} ))

........ If (RoutineTypeDef_wf: `$bound((global), TC_0)` |- `methodTypeIR` as routineTypeDefIR) holds, then

......... Let `cid` be `$cid(name, constructorParameterListOpt)`

......... Let `typeIR_parser` be `(parser( parameterTypeIR*{parameterTypeIR <- parameterTypeIR*} ))` as typeIR

......... Let `typeIR_parser_spec` be `((typeIR_parser < [] , [] >) < [] >)` as typeIR

......... Let `constructorTypeIR` be (constructor( constructorParameterTypeIR*{constructorParameterTypeIR <- constructorParameterTypeIR*} )-> typeIR_parser_spec)

......... Let `constructorTypeDefIR` be (constructorTypeIR < [] , [] >)

......... If (ConstructorTypeDef_wf: `$bound((global), TC_0)` |- constructorTypeDefIR) holds, then

.......... Let `TC_6` be `$add_constructor(TC_0, cid, constructorTypeDefIR)`

.......... Let `nameIR` be `$name(name)`

.......... Let `parserDeclarationIR` be (annotationList parser nameIR < [] >( parameterIR*{parameterIR <- parameterIR*} )( constructorParameterIR*{constructorParameterIR <- constructorParameterIR*} ){ parserLocalDeclarationIR*{parserLocalDeclarationIR <- parserLocalDeclarationIR*} parserStateIR*{parserStateIR <- parserStateIR*} })

.......... Result in TC_6, `parserDeclarationIR` as declarationIR

... Case `declaration` has type controlDeclaration
.... Let `(annotationList control name typeParameterListOpt ( parameterList ) constructorParameterListOpt { controlLocalDeclarationList apply controlBody })` be `declaration` as controlDeclaration

.... If (typeParameterListOpt matches pattern ``EMPTY`), then

..... Group controlDeclaration: (global), TC_0, `(annotationList control name () ( parameterList ) constructorParameterListOpt { controlLocalDeclarationList apply controlBody })` as declaration

...... Let `TC_1` be TC_0[block.kind = (control)]

...... Let `constructorParameter*{constructorParameter <- constructorParameter*}` be `$flatten_constructorParameterListOpt(constructorParameterListOpt)`

...... (ConstructorParameters_ok: (block) TC_1 |- constructorParameter*{constructorParameter <- constructorParameter*} : constructorParameterIR*{constructorParameterIR <- constructorParameterIR*} # tid*{tid <- tid*})

...... If (tid*{tid <- tid*} matches pattern []), then

Let `constructorParameterTypeIR*` be the list of `constructorParameterTypeIR`, obtained by repeating:
 ....... Let `constructorParameterTypeIR` be `$constructorParameterIR(constructorParameterIR)`
for each `constructorParameterIR` in `constructorParameterIR*`

....... Let `TC_2` be `$add_parameters((block), TC_1, constructorParameterTypeIR*{constructorParameterTypeIR <- constructorParameterTypeIR*})`

....... Let `parameter*{parameter <- parameter*}` be `$flatten_parameterList(parameterList)`

....... Let [`parameterIR*{parameterIR <- parameterIR*}` be the result of typing `parameter*{parameter <- parameter*}`, under cursor `(block)` and typing context `TC_2`](Parameters_ok)

....... If (tid'*{tid' <- tid'*} matches pattern []), then

Let `parameterTypeIR*` be the list of `parameterTypeIR`, obtained by repeating:
 ........ Let `parameterTypeIR` be `$parameterIR(parameterIR)`
for each `parameterIR` in `parameterIR*`

........ Let `TC_3` be `$add_parameters((block), TC_2, parameterTypeIR*{parameterTypeIR <- parameterTypeIR*})`

........ Let `controlLocalDeclaration*{controlLocalDeclaration <- controlLocalDeclaration*}` be `$flatten_controlLocalDeclarationList(controlLocalDeclarationList)`

........ (ControlLocalDecls_ok: TC_3 |- controlLocalDeclaration*{controlLocalDeclaration <- controlLocalDeclaration*} : TC_4 controlLocalDeclarationIR*{controlLocalDeclarationIR <- controlLocalDeclarationIR*})

........ Let `TC_5` be TC_4[local.kind = (control_apply_method)]

........ (Block_ok: TC_5 (cont) |- controlBody : _typingContext _flow controlBodyIR)

........ Let `methodTypeIR` be (control_apply( parameterTypeIR*{parameterTypeIR <- parameterTypeIR*} ))

........ If (RoutineTypeDef_wf: `$bound((global), TC_0)` |- `methodTypeIR` as routineTypeDefIR) holds, then

......... Let `cid` be `$cid(name, constructorParameterListOpt)`

......... Let `typeIR_control` be `(control( parameterTypeIR*{parameterTypeIR <- parameterTypeIR*} ))` as typeIR

......... Let `typeIR_control_spec` be `((typeIR_control < [] , [] >) < [] >)` as typeIR

......... Let `constructorTypeIR` be (constructor( constructorParameterTypeIR*{constructorParameterTypeIR <- constructorParameterTypeIR*} )-> typeIR_control_spec)

......... Let `constructorTypeDefIR` be (constructorTypeIR < [] , [] >)

......... If (ConstructorTypeDef_wf: `$bound((global), TC_0)` |- constructorTypeDefIR) holds, then

.......... Let `TC_6` be `$add_constructor(TC_0, cid, constructorTypeDefIR)`

.......... Let `nameIR` be `$name(name)`

.......... Let `controlDeclarationIR` be (annotationList control nameIR < [] >( parameterIR*{parameterIR <- parameterIR*} )( constructorParameterIR*{constructorParameterIR <- constructorParameterIR*} ){ controlLocalDeclarationIR*{controlLocalDeclarationIR <- controlLocalDeclarationIR*} apply controlBodyIR })

.......... Result in TC_6, `controlDeclarationIR` as declarationIR

... Case `declaration` has type enumTypeDeclaration
.... Let `enumTypeDeclaration` be `declaration` as enumTypeDeclaration

.... Case analysis on enumTypeDeclaration
..... Case `enumTypeDeclaration` matches pattern `%ENUM%{%%}`
...... Let `(annotationList enum name { nameList_field _trailingCommaOpt })` be enumTypeDeclaration

...... Group typeDeclaration-derivedTypeDeclaration-enumTypeDeclaration: (global), TC_0, `(annotationList enum name { nameList_field _trailingCommaOpt })` as declaration

....... Let `nameIR` be `$name(name)`

....... Let `name_field*{name_field <- name_field*}` be `$flatten_nameList(nameList_field)`

Let `nameIR_field*` be the list of `nameIR_field`, obtained by repeating:
 ....... Let `nameIR_field` be `$name(name_field)`
for each `name_field` in `name_field*`

....... Let `typeIR_enum` be `(enum nameIR { nameIR_field*{nameIR_field <- nameIR_field*} })` as typeIR

....... If (TypeDef_wf: `$bound((global), TC_0)` |- `typeIR_enum` as typeDefIR) holds, then

........ Let `TC_1` be `$add_type((global), TC_0, nameIR, `typeIR_enum` as typeDefIR)`

Let `id_field*` be the list of `id_field`, obtained by repeating:
 ........ Let `id_field` be nameIR ++ "." ++ nameIR_field
for each `nameIR_field` in `nameIR_field*`

Let `value_field*` be the list of `value_field`, obtained by repeating:
 ........ Let `value_field` be `(nameIR . nameIR_field)` as value
for each `nameIR_field` in `nameIR_field*`

........ Let `TC_2` be `$add_vars((global), TC_1, id_field*{id_field <- id_field*}, (() typeIR_enum (lctk) ?(value_field))*{value_field <- value_field*})`

........ Let `enumTypeDeclarationIR` be (annotationList enum nameIR { nameIR_field*{nameIR_field <- nameIR_field*} })

........ Result in TC_2, `enumTypeDeclarationIR` as declarationIR

..... Case `enumTypeDeclaration` matches pattern `%ENUM%%{%%}`
...... Let `(annotationList enum type name { namedExpressionList_field _trailingCommaOpt })` be enumTypeDeclaration

...... Group typeDeclaration-derivedTypeDeclaration-enumTypeDeclaration-serializable: (global), TC_0, `(annotationList enum type name { namedExpressionList_field _trailingCommaOpt })` as declaration

....... Let [`typeIR` be the result of typing ``type` as typeOrVoid`, under cursor `(global)` and typing context `TC_0`,
and `tid*{tid <- tid*}` be the set of inserted type variables](Type_ok)

....... If (tid*{tid <- tid*} matches pattern []), then

........ If (Type_wf: `$bound((global), TC_0)` |- typeIR) holds, then

......... Let `nameIR` be `$name(name)`

......... Let `namedExpression_field*{namedExpression_field <- namedExpression_field*}` be `$flatten_namedExpressionList(namedExpressionList_field)`

......... (Enum_serializable_fields_ok: TC_0 nameIR typeIR |- namedExpression_field*{namedExpression_field <- namedExpression_field*} : TC_1 namedExpressionIR_field*{namedExpressionIR_field <- namedExpressionIR_field*} # value_field*{value_field <- value_field*})

Let `_typedExpressionIR*` be the list of `_typedExpressionIR` and `nameIR_field*` be the list of `nameIR_field`, obtained by repeating:
 ......... Let `(nameIR_field = _typedExpressionIR)` be namedExpressionIR_field
for each `namedExpressionIR_field` in `namedExpressionIR_field*`

Let `id_field*` be the list of `id_field`, obtained by repeating:
 ......... Let `id_field` be nameIR ++ "." ++ nameIR_field
for each `nameIR_field` in `nameIR_field*`

......... Let `typeIR_enum` be `(enum nameIR # typeIR { (nameIR_field = value_field ;)*{nameIR_field <- nameIR_field*, value_field <- value_field*} })` as typeIR

......... Let `TC_2` be `$add_vars((global), TC_0, id_field*{id_field <- id_field*}, (() typeIR_enum (lctk) ?(value_field))*{value_field <- value_field*})`

......... If (TypeDef_wf: `$bound((global), TC_0)` |- `typeIR_enum` as typeDefIR) holds, then

.......... Let `TC_3` be `$add_type((global), TC_2, nameIR, `typeIR_enum` as typeDefIR)`

.......... Let `enumTypeDeclarationIR` be (annotationList enum typeIR nameIR { namedExpressionIR_field*{namedExpressionIR_field <- namedExpressionIR_field*} })

.......... Result in TC_3, `enumTypeDeclarationIR` as declarationIR

... Case `declaration` has type structTypeDeclaration
.... Let `(annotationList struct name typeParameterListOpt { typeFieldList })` be `declaration` as structTypeDeclaration

.... Group typeDeclaration-derivedTypeDeclaration-structTypeDeclaration: (global), TC_0, `(annotationList struct name typeParameterListOpt { typeFieldList })` as declaration

..... Let `typeParameter*{typeParameter <- typeParameter*}` be `$flatten_typeParameterListOpt(typeParameterListOpt)`

Let `tid_expl*` be the list of `tid_expl`, obtained by repeating:
 ..... Let `tid_expl` be `$name(typeParameter)`
for each `typeParameter` in `typeParameter*`

..... Let `TC_1` be `$add_types((block), TC_0, tid_expl*{tid_expl <- tid_expl*}, `(tid tid_expl)` as typeDefIR*{tid_expl <- tid_expl*})`

..... Let `(annotationList_field type_field name_field ;)*{annotationList_field <- annotationList_field*, name_field <- name_field*, type_field <- type_field*}` be `$flatten_typeFieldList(typeFieldList)`

Let , obtained by repeating:
 ..... Let [`typeIR_field` be the result of typing ``type_field` as typeOrVoid`, under cursor `(block)` and typing context `TC_1`,
and `tid_impl_field*{tid_impl_field <- tid_impl_field*}` be the set of inserted type variables](Type_ok)
for each `tid_impl_field*` in `tid_impl_field**` and `typeIR_field` in `typeIR_field*` and `type_field` in `type_field*`

..... Let `tid_impl*{tid_impl <- tid_impl*}` be `$concat_<tid>(tid_impl_field*{tid_impl_field <- tid_impl_field*}*{tid_impl_field* <- tid_impl_field**})`

..... Let `nameIR` be `$name(name)`

Let `nameIR_field*` be the list of `nameIR_field`, obtained by repeating:
 ..... Let `nameIR_field` be `$name(name_field)`
for each `name_field` in `name_field*`

..... Let `typeIR_struct` be `(struct nameIR { (typeIR_field nameIR_field ;)*{nameIR_field <- nameIR_field*, typeIR_field <- typeIR_field*} })` as typeIR

..... Let `typeDefIR_struct` be `(typeIR_struct < tid_expl*{tid_expl <- tid_expl*} , tid_impl*{tid_impl <- tid_impl*} >)` as typeDefIR

..... If (TypeDef_wf: `$bound((global), TC_0)` |- typeDefIR_struct) holds, then

...... Let `TC_2` be `$add_type((global), TC_0, nameIR, typeDefIR_struct)`

...... Let `structTypeDeclarationIR` be (annotationList struct nameIR < tid_expl*{tid_expl <- tid_expl*} , tid_impl*{tid_impl <- tid_impl*} >{ (annotationList_field typeIR_field nameIR_field ;)*{annotationList_field <- annotationList_field*, nameIR_field <- nameIR_field*, typeIR_field <- typeIR_field*} })

...... Result in TC_2, `structTypeDeclarationIR` as declarationIR

... Case `declaration` has type headerTypeDeclaration
.... Let `(annotationList header name typeParameterListOpt { typeFieldList })` be `declaration` as headerTypeDeclaration

.... Group typeDeclaration-derivedTypeDeclaration-headerTypeDeclaration: (global), TC_0, `(annotationList header name typeParameterListOpt { typeFieldList })` as declaration

..... Let `typeParameter*{typeParameter <- typeParameter*}` be `$flatten_typeParameterListOpt(typeParameterListOpt)`

Let `tid_expl*` be the list of `tid_expl`, obtained by repeating:
 ..... Let `tid_expl` be `$name(typeParameter)`
for each `typeParameter` in `typeParameter*`

..... Let `TC_1` be `$add_types((block), TC_0, tid_expl*{tid_expl <- tid_expl*}, `(tid tid_expl)` as typeDefIR*{tid_expl <- tid_expl*})`

..... Let `(annotationList_f type_f name_f ;)*{annotationList_f <- annotationList_f*, name_f <- name_f*, type_f <- type_f*}` be `$flatten_typeFieldList(typeFieldList)`

Let , obtained by repeating:
 ..... Let [`typeIR_f` be the result of typing ``type_f` as typeOrVoid`, under cursor `(block)` and typing context `TC_1`,
and `tid_impl_f*{tid_impl_f <- tid_impl_f*}` be the set of inserted type variables](Type_ok)
for each `tid_impl_f*` in `tid_impl_f**` and `typeIR_f` in `typeIR_f*` and `type_f` in `type_f*`

..... Let `tid_impl*{tid_impl <- tid_impl*}` be `$concat_<tid>(tid_impl_f*{tid_impl_f <- tid_impl_f*}*{tid_impl_f* <- tid_impl_f**})`

..... Let `nameIR` be `$name(name)`

Let `nameIR_f*` be the list of `nameIR_f`, obtained by repeating:
 ..... Let `nameIR_f` be `$name(name_f)`
for each `name_f` in `name_f*`

..... Let `typeIR_header` be `(header nameIR { (typeIR_f nameIR_f ;)*{nameIR_f <- nameIR_f*, typeIR_f <- typeIR_f*} })` as typeIR

..... Let `typeDefIR_header` be `(typeIR_header < tid_expl*{tid_expl <- tid_expl*} , tid_impl*{tid_impl <- tid_impl*} >)` as typeDefIR

..... If (TypeDef_wf: `$bound((global), TC_0)` |- typeDefIR_header) holds, then

...... Let `TC_2` be `$add_type((global), TC_0, nameIR, typeDefIR_header)`

...... Let `headerTypeDeclarationIR` be (annotationList header nameIR < tid_expl*{tid_expl <- tid_expl*} , tid_impl*{tid_impl <- tid_impl*} >{ (annotationList_f typeIR_f nameIR_f ;)*{annotationList_f <- annotationList_f*, nameIR_f <- nameIR_f*, typeIR_f <- typeIR_f*} })

...... Result in TC_2, `headerTypeDeclarationIR` as declarationIR

... Case `declaration` has type headerUnionTypeDeclaration
.... Let `(annotationList header_union name typeParameterListOpt { typeFieldList })` be `declaration` as headerUnionTypeDeclaration

.... Group typeDeclaration-derivedTypeDeclaration-headerUnionTypeDeclaration: (global), TC_0, `(annotationList header_union name typeParameterListOpt { typeFieldList })` as declaration

..... Let `typeParameter*{typeParameter <- typeParameter*}` be `$flatten_typeParameterListOpt(typeParameterListOpt)`

Let `tid_expl*` be the list of `tid_expl`, obtained by repeating:
 ..... Let `tid_expl` be `$name(typeParameter)`
for each `typeParameter` in `typeParameter*`

..... Let `TC_1` be `$add_types((block), TC_0, tid_expl*{tid_expl <- tid_expl*}, `(tid tid_expl)` as typeDefIR*{tid_expl <- tid_expl*})`

..... Let `(annotationList_f type_f name_f ;)*{annotationList_f <- annotationList_f*, name_f <- name_f*, type_f <- type_f*}` be `$flatten_typeFieldList(typeFieldList)`

Let , obtained by repeating:
 ..... Let [`typeIR_f` be the result of typing ``type_f` as typeOrVoid`, under cursor `(block)` and typing context `TC_1`,
and `tid_impl_f*{tid_impl_f <- tid_impl_f*}` be the set of inserted type variables](Type_ok)
for each `tid_impl_f*` in `tid_impl_f**` and `typeIR_f` in `typeIR_f*` and `type_f` in `type_f*`

..... Let `tid_impl*{tid_impl <- tid_impl*}` be `$concat_<tid>(tid_impl_f*{tid_impl_f <- tid_impl_f*}*{tid_impl_f* <- tid_impl_f**})`

..... Let `nameIR` be `$name(name)`

Let `nameIR_f*` be the list of `nameIR_f`, obtained by repeating:
 ..... Let `nameIR_f` be `$name(name_f)`
for each `name_f` in `name_f*`

..... Let `typeIR_union` be `(header_union nameIR { (typeIR_f nameIR_f ;)*{nameIR_f <- nameIR_f*, typeIR_f <- typeIR_f*} })` as typeIR

..... Let `typeDefIR_union` be `(typeIR_union < tid_expl*{tid_expl <- tid_expl*} , tid_impl*{tid_impl <- tid_impl*} >)` as typeDefIR

..... If (TypeDef_wf: `$bound((global), TC_0)` |- typeDefIR_union) holds, then

...... Let `TC_2` be `$add_type((global), TC_0, nameIR, typeDefIR_union)`

...... Let `headerUnionTypeDeclarationIR` be (annotationList header_union nameIR < tid_expl*{tid_expl <- tid_expl*} , tid_impl*{tid_impl <- tid_impl*} >{ (annotationList_f typeIR_f nameIR_f ;)*{annotationList_f <- annotationList_f*, nameIR_f <- nameIR_f*, typeIR_f <- typeIR_f*} })

...... Result in TC_2, `headerUnionTypeDeclarationIR` as declarationIR

... Case `declaration` has type typedefDeclaration
.... Let `typedefDeclaration` be `declaration` as typedefDeclaration

.... Case analysis on typedefDeclaration
..... Case `typedefDeclaration` matches pattern `%TYPEDEF%%;`
...... Let `(annotationList typedef typedef name ;)` be typedefDeclaration

...... Group typeDeclaration-typedefDeclaration-typedef: (global), TC_0, `(annotationList typedef typedef name ;)` as declaration

....... Case analysis on typedef
........ Case `typedef` has type type
......... Let `type` be `typedef` as type

......... Let [`typeIR` be the result of typing ``type` as typeOrVoid`, under cursor `(global)` and typing context `TC_0`,
and `tid'*{tid' <- tid'*}` be the set of inserted type variables](Type_ok)

......... If (tid'*{tid' <- tid'*} matches pattern []), then

.......... If (Type_wf: `$bound((global), TC_0)` |- typeIR) holds, then

........... Let `nameIR` be `$name(name)`

........... Let `typeIR_typedef` be `(typedef nameIR typeIR)` as typeIR

........... If (TypeDef_wf: `$bound((global), TC_0)` |- `typeIR_typedef` as typeDefIR) holds, then

............ Let `TC_1` be `$add_type((global), TC_0, nameIR, `typeIR_typedef` as typeDefIR)`

............ Let `typedefDeclarationIR` be (annotationList typedef `typeIR` as typedefIR nameIR ;)

............ Result in TC_1, `typedefDeclarationIR` as declarationIR

........ Case `typedef` has type derivedTypeDeclaration
......... Let `derivedTypeDeclaration` be `typedef` as derivedTypeDeclaration

......... Let [`declarationIR` be the result of typing ``derivedTypeDeclaration` as declaration`, under cursor `(global)` and typing context `TC_0`,
and `TC_1` be the modified typing context](Decl_ok)

......... If (`declarationIR` has type derivedTypeDeclarationIR), then

.......... Let `derivedTypeDeclarationIR` be `declarationIR` as derivedTypeDeclarationIR

.......... Let `({ tid'*{tid' <- tid'*} })` be `$diff_set<tid>(`$dom_map<tid, typeDefIR>(TC_1.global.tdenv)`, `$dom_map<tid, typeDefIR>(TC_0.global.tdenv)`)`

.......... If (tid'*{tid' <- tid'*} matches pattern [ _/1 ]), then

........... Let `[tid]` be tid'*{tid' <- tid'*}

........... Let `typeDefIR'?{typeDefIR' <- typeDefIR'?}` be `$find_type((global), TC_1, (` tid))`

........... If (typeDefIR'?{typeDefIR' <- typeDefIR'?} matches pattern (_)), then

............ Let `?(typeDefIR)` be typeDefIR'?{typeDefIR' <- typeDefIR'?}

............ Case analysis on typeDefIR
............. Case `typeDefIR` has type typeIR
.............. Let `typeIR` be `typeDefIR` as typeIR

.............. Let `nameIR` be `$name(name)`

.............. Let `typeIR_typedef` be `(typedef nameIR typeIR)` as typeIR

.............. If (TypeDef_wf: `$bound((global), TC_0)` |- `typeIR_typedef` as typeDefIR) holds, then

............... Let `TC_2` be `$add_type((global), TC_0, nameIR, `typeIR_typedef` as typeDefIR)`

............... Let `typedefDeclarationIR` be (annotationList typedef `derivedTypeDeclarationIR` as typedefIR nameIR ;)

............... Result in TC_1, `typedefDeclarationIR` as declarationIR

............. Case `typeDefIR` has type polyTypeDefIR
.............. Let `(typeIR < tid''*{tid'' <- tid''*} , tid'''*{tid''' <- tid'''*} >)` be `typeDefIR` as polyTypeDefIR

.............. If (tid''*{tid'' <- tid''*} matches pattern []), then

............... If (tid'''*{tid''' <- tid'''*} matches pattern []), then

................ Let `nameIR` be `$name(name)`

................ Let `typeIR_typedef` be `(typedef nameIR `((typeIR < [] , [] >) < [] >)` as typeIR)` as typeIR

................ If (TypeDef_wf: `$bound((global), TC_0)` |- `typeIR_typedef` as typeDefIR) holds, then

................. Let `TC_2` be `$add_type((global), TC_0, nameIR, `typeIR_typedef` as typeDefIR)`

................. Let `typedefDeclarationIR` be (annotationList typedef `derivedTypeDeclarationIR` as typedefIR nameIR ;)

................. Result in TC_1, `typedefDeclarationIR` as declarationIR

..... Case `typedefDeclaration` matches pattern `%TYPE%%;`
...... Let `(annotationList type type name ;)` be typedefDeclaration

...... Group typeDeclaration-typedefDeclaration-newtype: (global), TC_0, `(annotationList type type name ;)` as declaration

....... Let [`typeIR` be the result of typing ``type` as typeOrVoid`, under cursor `(global)` and typing context `TC_0`,
and `tid*{tid <- tid*}` be the set of inserted type variables](Type_ok)

....... If (tid*{tid <- tid*} matches pattern []), then

........ If (Type_wf: `$bound((global), TC_0)` |- typeIR) holds, then

......... Let `nameIR` be `$name(name)`

......... Let `typeIR_newtype` be `(type nameIR typeIR)` as typeIR

......... If (TypeDef_wf: `$bound((global), TC_0)` |- `typeIR_newtype` as typeDefIR) holds, then

.......... Let `TC_1` be `$add_type((global), TC_0, nameIR, `typeIR_newtype` as typeDefIR)`

.......... Let `typedefDeclarationIR` be (annotationList type typeIR nameIR ;)

.......... Result in TC_1, `typedefDeclarationIR` as declarationIR

... Case `declaration` has type parserTypeDeclaration
.... Let `(annotationList parser name typeParameterListOpt ( parameterList );)` be `declaration` as parserTypeDeclaration

.... Group typeDeclaration-parserTypeDeclaration: (global), TC_0, `(annotationList parser name typeParameterListOpt ( parameterList );)` as declaration

..... Let `TC_1` be TC_0[block.kind = (parser)]

..... Let `typeParameter*{typeParameter <- typeParameter*}` be `$flatten_typeParameterListOpt(typeParameterListOpt)`

Let `tid_expl*` be the list of `tid_expl`, obtained by repeating:
 ..... Let `tid_expl` be `$name(typeParameter)`
for each `typeParameter` in `typeParameter*`

..... Let `TC_2` be `$add_types((block), TC_1, tid_expl*{tid_expl <- tid_expl*}, `(tid tid_expl)` as typeDefIR*{tid_expl <- tid_expl*})`

..... Let `parameter*{parameter <- parameter*}` be `$flatten_parameterList(parameterList)`

..... Let [`parameterIR*{parameterIR <- parameterIR*}` be the result of typing `parameter*{parameter <- parameter*}`, under cursor `(block)` and typing context `TC_2`](Parameters_ok)

Let `parameterTypeIR*` be the list of `parameterTypeIR`, obtained by repeating:
 ..... Let `parameterTypeIR` be `$parameterIR(parameterIR)`
for each `parameterIR` in `parameterIR*`

..... Let `nameIR` be `$name(name)`

..... Let `typeIR_parser` be `(parser( parameterTypeIR*{parameterTypeIR <- parameterTypeIR*} ))` as typeIR

..... Let `typeDefIR_parser` be `(typeIR_parser < tid_expl*{tid_expl <- tid_expl*} , tid_impl*{tid_impl <- tid_impl*} >)` as typeDefIR

..... If (TypeDef_wf: `$bound((global), TC_0)` |- typeDefIR_parser) holds, then

...... Let `TC_3` be `$add_type((global), TC_0, nameIR, typeDefIR_parser)`

...... Let `parserTypeDeclarationIR` be (annotationList parser nameIR < tid_expl*{tid_expl <- tid_expl*} , tid_impl*{tid_impl <- tid_impl*} >( parameterIR*{parameterIR <- parameterIR*} );)

...... Result in TC_3, `parserTypeDeclarationIR` as declarationIR

... Case `declaration` has type controlTypeDeclaration
.... Let `(annotationList control name typeParameterListOpt ( parameterList );)` be `declaration` as controlTypeDeclaration

.... Group typeDeclaration-controlTypeDeclaration: (global), TC_0, `(annotationList control name typeParameterListOpt ( parameterList );)` as declaration

..... Let `TC_1` be TC_0[block.kind = (control)]

..... Let `typeParameter*{typeParameter <- typeParameter*}` be `$flatten_typeParameterListOpt(typeParameterListOpt)`

Let `tid_expl*` be the list of `tid_expl`, obtained by repeating:
 ..... Let `tid_expl` be `$name(typeParameter)`
for each `typeParameter` in `typeParameter*`

..... Let `TC_2` be `$add_types((block), TC_1, tid_expl*{tid_expl <- tid_expl*}, `(tid tid_expl)` as typeDefIR*{tid_expl <- tid_expl*})`

..... Let `parameter*{parameter <- parameter*}` be `$flatten_parameterList(parameterList)`

..... Let [`parameterIR*{parameterIR <- parameterIR*}` be the result of typing `parameter*{parameter <- parameter*}`, under cursor `(block)` and typing context `TC_2`](Parameters_ok)

Let `parameterTypeIR*` be the list of `parameterTypeIR`, obtained by repeating:
 ..... Let `parameterTypeIR` be `$parameterIR(parameterIR)`
for each `parameterIR` in `parameterIR*`

..... Let `nameIR` be `$name(name)`

..... Let `typeIR_control` be `(control( parameterTypeIR*{parameterTypeIR <- parameterTypeIR*} ))` as typeIR

..... Let `typeDefIR_control` be `(typeIR_control < tid_expl*{tid_expl <- tid_expl*} , tid_impl*{tid_impl <- tid_impl*} >)` as typeDefIR

..... If (TypeDef_wf: `$bound((global), TC_0)` |- typeDefIR_control) holds, then

...... Let `TC_3` be `$add_type((global), TC_0, nameIR, typeDefIR_control)`

...... Let `controlTypeDeclarationIR` be (annotationList control nameIR < tid_expl*{tid_expl <- tid_expl*} , tid_impl*{tid_impl <- tid_impl*} >( parameterIR*{parameterIR <- parameterIR*} );)

...... Result in TC_3, `controlTypeDeclarationIR` as declarationIR

... Case `declaration` has type packageTypeDeclaration
.... Let `(annotationList package name typeParameterListOpt ( parameterList );)` be `declaration` as packageTypeDeclaration

.... Group typeDeclaration-packageTypeDeclaration: (global), TC_0, `(annotationList package name typeParameterListOpt ( parameterList );)` as declaration

..... Let `TC_1` be TC_0[block.kind = (package)]

..... Let `typeParameter*{typeParameter <- typeParameter*}` be `$flatten_typeParameterListOpt(typeParameterListOpt)`

Let `tid_expl*` be the list of `tid_expl`, obtained by repeating:
 ..... Let `tid_expl` be `$name(typeParameter)`
for each `typeParameter` in `typeParameter*`

..... Let `TC_2` be `$add_types((block), TC_1, tid_expl*{tid_expl <- tid_expl*}, `(tid tid_expl)` as typeDefIR*{tid_expl <- tid_expl*})`

..... Let `constructorParameter*{constructorParameter <- constructorParameter*}` be `$flatten_parameterList(parameterList)`

..... (ConstructorParameters_ok: (block) TC_2 |- constructorParameter*{constructorParameter <- constructorParameter*} : constructorParameterIR*{constructorParameterIR <- constructorParameterIR*} # tid_impl*{tid_impl <- tid_impl*})

Let `constructorParameterTypeIR*` be the list of `constructorParameterTypeIR`, obtained by repeating:
 ..... Let `constructorParameterTypeIR` be `$constructorParameterIR(constructorParameterIR)`
for each `constructorParameterIR` in `constructorParameterIR*`

..... Let `nameIR` be `$name(name)`

Let `_direction*` be the list of `_direction` and `_id*` be the list of `_id` and `_value?*` be the list of `_value?` and `typeIR_package_inner*` be the list of `typeIR_package_inner`, obtained by repeating:
 ..... Let `(_direction typeIR_package_inner _id _value?{_value <- _value?})` be constructorParameterTypeIR
for each `constructorParameterTypeIR` in `constructorParameterTypeIR*`

..... Let `typeIR_package` be `(package< typeIR_package_inner*{typeIR_package_inner <- typeIR_package_inner*} >)` as typeIR

..... Let `polyTypeDefIR_package` be (typeIR_package < tid_expl*{tid_expl <- tid_expl*} , tid_impl*{tid_impl <- tid_impl*} >)

..... If (TypeDef_wf: `$bound((global), TC_0)` |- `polyTypeDefIR_package` as typeDefIR) holds, then

...... Let `TC_3` be `$add_type((global), TC_0, nameIR, `polyTypeDefIR_package` as typeDefIR)`

...... Let `cid` be `$cid(name, (( parameterList )))`

...... Let `typeIR_package_spec` be `(polyTypeDefIR_package < `(tid tid_expl)` as typeIR*{tid_expl <- tid_expl*} ++ `(tid tid_impl)` as typeIR*{tid_impl <- tid_impl*} >)` as typeIR

...... Let `constructorTypeIR` be (constructor( constructorParameterTypeIR*{constructorParameterTypeIR <- constructorParameterTypeIR*} )-> typeIR_package_spec)

...... Let `constructorTypeDefIR` be (constructorTypeIR < tid_expl*{tid_expl <- tid_expl*} , tid_impl*{tid_impl <- tid_impl*} >)

...... If (ConstructorTypeDef_wf: `$bound((global), TC_0)` |- constructorTypeDefIR) holds, then

....... Let `TC_4` be `$add_constructor(TC_3, cid, constructorTypeDefIR)`

....... Let `packageTypeDeclarationIR` be (annotationList package nameIR < tid_expl*{tid_expl <- tid_expl*} , tid_impl*{tid_impl <- tid_impl*} >( constructorParameterIR*{constructorParameterIR <- constructorParameterIR*} );)

....... Result in TC_4, `packageTypeDeclarationIR` as declarationIR

relation Decls_ok: p, TC', declaration*{declaration <- declaration*}

. Case analysis on declaration*{declaration <- declaration*}
.. Case `declaration*{declaration <- declaration*}` matches pattern []
... Group nil: p, TC, []

.... Result in TC', []

.. Case `declaration*{declaration <- declaration*}` matches pattern _ :: _
... Let `declaration_h :: declaration_t*{declaration_t <- declaration_t*}` be declaration*{declaration <- declaration*}

... Group cons: p, TC_0, declaration_h :: declaration_t*{}

.... Let [`declarationIR_h` be the result of typing `declaration_h`, under cursor `p` and typing context `TC'`,
and `TC_1` be the modified typing context](Decl_ok)

.... (Decls_ok: p TC_1 |- declaration_t*{declaration_t <- declaration_t*} : TC_2 declarationIR_t*{declarationIR_t <- declarationIR_t*})

.... Result in TC_2, declarationIR_h :: declarationIR_t*{declarationIR_t <- declarationIR_t*}

relation Program_ok: p4program

. Group : p4program

.. Let `declaration*{declaration <- declaration*}` be `$flatten_p4program(p4program)`

.. Let `TC_0` be `$empty_typingContext`

.. (Decls_ok: (global) TC_0 |- declaration*{declaration <- declaration*} : TC_1 declarationIR*{declarationIR <- declarationIR*})

.. Result in TC_1, (declarationIR*{declarationIR <- declarationIR*} ;)

relation Call_convention_expr_ok: p, TC, actctxt, (direction typeIR_param _id _value?{_value <- _value?}), typedExpressionIR_arg

. If (direction matches pattern `IN`), then

.. Group in: p, TC, actctxt, ((in) typeIR_param _id _value?{}), typedExpressionIR_arg

... Let `typedExpressionIR?{typedExpressionIR <- typedExpressionIR?}` be `$coerce_unary(typedExpressionIR_arg, typeIR_param)`

... If (typedExpressionIR?{typedExpressionIR <- typedExpressionIR?} matches pattern (_)), then

.... Let `?(typedExpressionIR_arg_cast)` be typedExpressionIR?{typedExpressionIR <- typedExpressionIR?}

.... Result in typedExpressionIR_arg_cast

. Group out-inout: p, TC, actctxt, (direction typeIR_param _id _value?{}), typedExpressionIR_arg

.. Case analysis on direction
... Case `direction` matches pattern `OUT`
.... Let `(_expressionIR # (( typeIR_arg _ctk )))` be typedExpressionIR_arg

.... If (Type_alpha: typeIR_param ~~ typeIR_arg) holds, then

..... If (Expr_lvalue_ok: p TC |- typedExpressionIR_arg) holds, then

...... Result in typedExpressionIR_arg

... Case `direction` matches pattern `INOUT`
.... Let `(_expressionIR # (( typeIR_arg _ctk )))` be typedExpressionIR_arg

.... If (Type_alpha: typeIR_param ~~ typeIR_arg) holds, then

..... If (Expr_lvalue_ok: p TC |- typedExpressionIR_arg) holds, then

...... Result in typedExpressionIR_arg

. If (direction matches pattern ``EMPTY`), then

.. Group empty: p, TC, actctxt, (() typeIR_param _id _value?{}), typedExpressionIR_arg

... Case analysis on actctxt
.... Case `actctxt` matches pattern `ACTION`
..... Let `typedExpressionIR?{typedExpressionIR <- typedExpressionIR?}` be `$coerce_unary(typedExpressionIR_arg, typeIR_param)`

..... If (typedExpressionIR?{typedExpressionIR <- typedExpressionIR?} matches pattern (_)), then

...... Let `?(typedExpressionIR_arg_cast)` be typedExpressionIR?{typedExpressionIR <- typedExpressionIR?}

...... Result in typedExpressionIR_arg_cast

.... Case `actctxt` matches pattern `NOACTION`
..... Let `(_expressionIR # (( typeIR_arg ctk_arg )))` be typedExpressionIR_arg

..... If (Type_alpha: typeIR_param ~~ typeIR_arg) holds, then

...... If (~ctk_arg matches pattern `DYN`), then

....... Result in typedExpressionIR_arg

relation Call_convention_argument_ok: p, TC, actctxt, parameterTypeIR, argumentIR

. If (`argumentIR` has type typedExpressionIR), then

.. Let `typedExpressionIR` be `argumentIR` as typedExpressionIR

.. Group typedExpression: p, TC, actctxt, parameterTypeIR, `typedExpressionIR` as argumentIR

... (Call_convention_expr_ok: p TC actctxt |- parameterTypeIR @ typedExpressionIR : typedExpressionIR_cast)

... Result in `typedExpressionIR_cast` as argumentIR

. Case analysis on argumentIR
.. Case `argumentIR` matches pattern `%=%`
... Let `(nameIR = typedExpressionIR)` be argumentIR

... Group nameIR-typedExpression: p, TC, actctxt, parameterTypeIR, (nameIR = typedExpressionIR)

.... (Call_convention_expr_ok: p TC actctxt |- parameterTypeIR @ typedExpressionIR : typedExpressionIR_cast)

.... Result in (nameIR = typedExpressionIR_cast)

.. Case `argumentIR` matches pattern `%=_`
... Let `(nameIR =_)` be argumentIR

... Group nameIR-dontcare: p, TC, actctxt, parameterTypeIR, (nameIR =_)

.... Let `(direction _typeIR _id _value?{_value <- _value?})` be parameterTypeIR

.... If (direction matches pattern `OUT`), then

..... Result in (nameIR =_)

.. Case `argumentIR` matches pattern `_`
... Group dontcare: p, TC, actctxt, parameterTypeIR, (_)

.... Let `(direction _typeIR _id _value?{_value <- _value?})` be parameterTypeIR

.... If (direction matches pattern `OUT`), then

..... Result in (_)

relation Call_convention_ok: p, TC, actctxt, parameterTypeIR*{parameterTypeIR <- parameterTypeIR*}, argumentIR*{argumentIR <- argumentIR*}

. Case analysis on parameterTypeIR*{parameterTypeIR <- parameterTypeIR*}
.. Case `parameterTypeIR*{parameterTypeIR <- parameterTypeIR*}` matches pattern []
... If (argumentIR*{argumentIR <- argumentIR*} matches pattern []), then

.... Group nil: p, TC, actctxt, [], []

..... Result in []

.. Case `parameterTypeIR*{parameterTypeIR <- parameterTypeIR*}` matches pattern _ :: _
... Let `parameterTypeIR_h :: parameterTypeIR_t*{parameterTypeIR_t <- parameterTypeIR_t*}` be parameterTypeIR*{parameterTypeIR <- parameterTypeIR*}

... If (argumentIR*{argumentIR <- argumentIR*} matches pattern _ :: _), then

.... Let `argumentIR_h :: argumentIR_t*{argumentIR_t <- argumentIR_t*}` be argumentIR*{argumentIR <- argumentIR*}

.... Group cons: p, TC, actctxt, parameterTypeIR_h :: parameterTypeIR_t*{}, argumentIR_h :: argumentIR_t*{}

..... (Call_convention_argument_ok: p TC actctxt |- parameterTypeIR_h @ argumentIR_h : argumentIR_h_cast)

..... (Call_convention_ok: p TC actctxt |- parameterTypeIR_t*{parameterTypeIR_t <- parameterTypeIR_t*} @ argumentIR_t*{argumentIR_t <- argumentIR_t*} : argumentIR_t_cast*{argumentIR_t_cast <- argumentIR_t_cast*})

..... Result in argumentIR_h_cast :: argumentIR_t_cast*{argumentIR_t_cast <- argumentIR_t_cast*}

relation RoutineTarget_ok: p, TC, routineTarget

. Case analysis on routineTarget
.. Case `routineTarget` has type prefixedNonTypeName
... Let `prefixedNonTypeName` be `routineTarget` as prefixedNonTypeName

... Group prefixedNonTypeName: p, TC, `prefixedNonTypeName` as routineTarget

.... Let `prefixedNameIR` be `$prefixedNonTypeName(prefixedNonTypeName)`

.... If ((prefixedNameIR = (` "verify")) \/ (prefixedNameIR = (. "verify")) => (p = (block)) /\ `$is_parser_blockKind(TC.block.kind)` \/ (p = (local)) /\ `$is_parser_state_localKind(TC.local.kind)`), then

..... Result in `prefixedNameIR` as routineTargetIR

.. Case `routineTarget` has type memberAccessExpression
... Let `(memberAccessBase . member)` be `routineTarget` as memberAccessExpression

... Case analysis on memberAccessBase
.... Case `memberAccessBase` has type prefixedTypeName
..... Let `prefixedTypeName` be `memberAccessBase` as prefixedTypeName

..... Group memberAccessExpression-prefixedTypeName: p, TC, `(`prefixedTypeName` as memberAccessBase . member)` as routineTarget

...... Let `prefixedNameIR` be `$prefixedTypeName(prefixedTypeName)`

...... Let `nameIR` be `$name(member)`

...... Result in (type prefixedNameIR . nameIR)

.... Case `memberAccessBase` has type expression
..... Let `expression_base` be `memberAccessBase` as expression

..... Group memberAccessExpression-expression: p, TC, `(`expression_base` as memberAccessBase . member)` as routineTarget

...... Let `nameIR` be `$name(member)`

...... Let [`typedExpressionIR_base` be the result of typing `expression_base`, under cursor `p` and typing context `TC`](Expr_ok)

...... Result in (typedExpressionIR_base . nameIR)

.. Case `routineTarget` has type parenthesizedExpression
... Let `(( expression ))` be `routineTarget` as parenthesizedExpression

... Group parenthesizedExpression: p, TC, `(( expression ))` as routineTarget

.... Let [`routineTargetIR` be the result of typing `expression`, under cursor `p` and typing context `TC`](RoutineTarget_ok)

.... Result in (( routineTargetIR ))

. If (`routineTarget` has type referenceExpression), then

.. Let `referenceExpression` be `routineTarget` as referenceExpression

.. If (referenceExpression matches pattern `THIS`), then

... Group this: p, TC, `(this)` as routineTarget

.... Result in `(` "this")` as routineTargetIR

relation RoutineTarget_lvalue_ok: p, TC, lvalue

. Group : p, TC, lvalue

.. Let `expression` be `$lvalue(lvalue)`

.. Let [`routineTargetIR` be the result of typing `expression`, under cursor `p` and typing context `TC`](RoutineTarget_ok)

.. Result in routineTargetIR

relation RoutineType_ok: p, TC, routineTargetIR'', typeArgumentIR*{typeArgumentIR <- typeArgumentIR*}, argumentIR''*{argumentIR'' <- argumentIR''*}

. If (`routineTargetIR''` has type prefixedNameIR), then

.. Let `prefixedNameIR` be `routineTargetIR''` as prefixedNameIR

.. Group referenceExpressionIR: p, TC, `prefixedNameIR` as routineTargetIR, typeArgumentIR*{}, argumentIR*{}

... Let `(rid, routineTypeDefIR, id*)?{(rid, routineTypeDefIR, id*) <- (rid, routineTypeDefIR, id*)?}` be `$find_routine_overloaded(p, TC, prefixedNameIR, argumentIR''*{argumentIR'' <- argumentIR''*})`

... If ((rid, routineTypeDefIR, id*)?{(rid, routineTypeDefIR, id*) <- (rid, routineTypeDefIR, id*)?} matches pattern (_)), then

.... Let `?((rid, routineTypeDefIR, id_default*{id_default <- id_default*}))` be (rid, routineTypeDefIR, id*)?{(rid, routineTypeDefIR, id*) <- (rid, routineTypeDefIR, id*)?}

.... Let `(routineTypeDefIR, tid*)` be `$specialize_routineTypeDef(routineTypeDefIR, typeArgumentIR*{typeArgumentIR <- typeArgumentIR*})`

.... If (`(routineTypeDefIR, tid*)` has type (functionTypeIR, tid*)), then

..... Let `(functionTypeIR, tid_impl*{tid_impl <- tid_impl*})` be `(routineTypeDefIR, tid*)` as (functionTypeIR, tid*)

..... Let `bound` be `$union_set<tid>(`$bound(p, TC)`, ({ tid_impl*{tid_impl <- tid_impl*} }))`

..... If (RoutineType_wf: bound |- `functionTypeIR` as routineTypeIR) holds, then

...... Result in `functionTypeIR` as routineTypeIR, tid_impl*{tid_impl <- tid_impl*}, id_default*{id_default <- id_default*}

. Case analysis on routineTargetIR''
.. Case `routineTargetIR''` matches pattern `%.%`
... Let `(typedExpressionIR_base . nameIR)` be routineTargetIR''

... If (typeArgumentIR*{typeArgumentIR <- typeArgumentIR*} matches pattern []), then

.... Case analysis on argumentIR''*{argumentIR'' <- argumentIR''*}
..... Case `argumentIR''*{argumentIR'' <- argumentIR''*}` matches pattern []
...... Group typedExpressionIR-nameIR-builtin-method-minmax-SizeIn-BitsBytes: p, TC, (typedExpressionIR_base . nameIR), [], []

....... If (nameIR is in ["minSizeInBits", "minSizeInBytes", "maxSizeInBits", "maxSizeInBytes"]), then

........ Let `methodTypeIR` be (builtin_method( [] )-> `(int)` as typeIR)

........ Result in `methodTypeIR` as routineTypeIR, [], []

...... Group typedExpressionIR-nameIR-builtin-method-header-isValid: p, TC, (typedExpressionIR_base . nameIR), [], []

....... If (nameIR is in ["isValid"]), then

........ Let `(_expressionIR # (( typeIR_base _ctk )))` be typedExpressionIR_base

........ Let `typeIR` be `$canon(typeIR_base)`

........ If (`typeIR` has type headerTypeIR), then

......... Let `(header _tid { _fieldTypeIR*{_fieldTypeIR <- _fieldTypeIR*} })` be `typeIR` as headerTypeIR

......... Let `methodTypeIR` be (builtin_method( [] )-> `(bool)` as typeIR)

......... Result in `methodTypeIR` as routineTypeIR, [], []

...... Group typedExpressionIR-nameIR-builtin-method-union-isValid: p, TC, (typedExpressionIR_base . nameIR), [], []

....... If (nameIR is in ["isValid"]), then

........ Let `(_expressionIR # (( typeIR_base _ctk )))` be typedExpressionIR_base

........ Let `typeIR` be `$canon(typeIR_base)`

........ If (`typeIR` has type headerUnionTypeIR), then

......... Let `(header_union _tid { _fieldTypeIR*{_fieldTypeIR <- _fieldTypeIR*} })` be `typeIR` as headerUnionTypeIR

......... Let `methodTypeIR` be (builtin_method( [] )-> `(bool)` as typeIR)

......... Result in `methodTypeIR` as routineTypeIR, [], []

...... Group typedExpressionIR-nameIR-builtin-method-header-set-ValidInvalid: p, TC, (typedExpressionIR_base . nameIR), [], []

....... If (nameIR is in ["setValid", "setInvalid"]), then

........ Let `(_expressionIR # (( typeIR_base _ctk )))` be typedExpressionIR_base

........ Let `typeIR` be `$canon(typeIR_base)`

........ If (`typeIR` has type headerTypeIR), then

......... Let `(header _tid { _fieldTypeIR*{_fieldTypeIR <- _fieldTypeIR*} })` be `typeIR` as headerTypeIR

......... Let `methodTypeIR` be (builtin_method( [] )-> `(void)` as typeIR)

......... Result in `methodTypeIR` as routineTypeIR, [], []

..... Case `argumentIR''*{argumentIR'' <- argumentIR''*}` matches pattern [ _/1 ]
...... Let `[argumentIR]` be argumentIR''*{argumentIR'' <- argumentIR''*}

...... Group typedExpressionIR-nameIR-builtin-method-stack-push-pop-front: p, TC, (typedExpressionIR_base . nameIR), [], [argumentIR]

....... If (nameIR is in ["push_front", "pop_front"]), then

........ Let `(_expressionIR # (( typeIR_base _ctk )))` be typedExpressionIR_base

........ Let `typeIR'` be `$canon(typeIR_base)`

........ If (`typeIR'` has type headerStackTypeIR), then

......... Let `(typeIR [ _nat ])` be `typeIR'` as headerStackTypeIR

......... Let `parameterTypeIR` be (() `(int)` as typeIR "count" ?())

......... Let `methodTypeIR` be (builtin_method( [parameterTypeIR] )-> `(int)` as typeIR)

......... Result in `methodTypeIR` as routineTypeIR, [], []

... Group typedExpressionIR-nameIR-extern-method: p, TC, (typedExpressionIR_base . nameIR), typeArgumentIR*{}, argumentIR*{}

.... Let `(_expressionIR # (( typeIR_base _ctk )))` be typedExpressionIR_base

.... Let `typeIR` be `$canon(typeIR_base)`

.... If (`typeIR` has type externObjectTypeIR), then

..... Let `(extern _tid ({ (rid_f : routineTypeDefIR_f)*{rid_f <- rid_f*, routineTypeDefIR_f <- routineTypeDefIR_f*} }))` be `typeIR` as externObjectTypeIR

..... Let `id_arg?{id_arg <- id_arg?}*{id_arg? <- id_arg?*}` be `$ids_arguments(argumentIR''*{argumentIR'' <- argumentIR''*})`

..... Let `(rid, routineTypeDefIR, id*)?{(rid, routineTypeDefIR, id*) <- (rid, routineTypeDefIR, id*)?}` be `$find_overloaded<routineTypeDefIR>(({ (rid_f : routineTypeDefIR_f)*{rid_f <- rid_f*, routineTypeDefIR_f <- routineTypeDefIR_f*} }), nameIR, id_arg?{id_arg <- id_arg?}*{id_arg? <- id_arg?*})`

..... If ((rid, routineTypeDefIR, id*)?{(rid, routineTypeDefIR, id*) <- (rid, routineTypeDefIR, id*)?} matches pattern (_)), then

...... Let `?((rid, routineTypeDefIR, id_default*{id_default <- id_default*}))` be (rid, routineTypeDefIR, id*)?{(rid, routineTypeDefIR, id*) <- (rid, routineTypeDefIR, id*)?}

...... Let `(routineTypeDefIR, tid*)` be `$specialize_routineTypeDef(routineTypeDefIR, typeArgumentIR*{typeArgumentIR <- typeArgumentIR*})`

...... If (`(routineTypeDefIR, tid*)` has type (routineTypeIR, tid*)), then

....... Let `(routineTypeIR, tid_impl*{tid_impl <- tid_impl*})` be `(routineTypeDefIR, tid*)` as (routineTypeIR, tid*)

....... Let `bound` be `$union_set<tid>(`$bound(p, TC)`, ({ tid_impl*{tid_impl <- tid_impl*} }))`

....... If (RoutineType_wf: bound |- routineTypeIR) holds, then

........ Result in routineTypeIR, tid_impl*{tid_impl <- tid_impl*}, id_default*{id_default <- id_default*}

... If ((nameIR = "apply")), then

.... If (typeArgumentIR*{typeArgumentIR <- typeArgumentIR*} matches pattern []), then

..... Group typedExpressionIR-nameIR-parser-apply-method: p, TC, (typedExpressionIR_base . "apply"), [], argumentIR*{}

...... Let `(_expressionIR # (( typeIR_base _ctk )))` be typedExpressionIR_base

...... Let `typeIR` be `$canon(typeIR_base)`

...... If (`typeIR` has type parserObjectTypeIR), then

....... Let `(parser( parameterTypeIR*{parameterTypeIR <- parameterTypeIR*} ))` be `typeIR` as parserObjectTypeIR

....... Let `methodTypeIR` be (parser_apply( parameterTypeIR*{parameterTypeIR <- parameterTypeIR*} ))

Let `_direction*` be the list of `_direction` and `_typeIR*` be the list of `_typeIR` and `id_param*` be the list of `id_param` and `value_param?*` be the list of `value_param?`, obtained by repeating:
 ....... Let `(_direction _typeIR id_param value_param?{value_param <- value_param?})` be parameterTypeIR
for each `parameterTypeIR` in `parameterTypeIR*`

Let `pid*` be the list of `pid`, obtained by repeating:
 ....... Let `pid` be (id_param # (value_param?{value_param <- value_param?} =/= ?()))
for each `id_param` in `id_param*` and `value_param?` in `value_param?*`

....... Let `rid` be ("apply" ( pid*{pid <- pid*} ))

....... Let `id_arg?{id_arg <- id_arg?}*{id_arg? <- id_arg?*}` be `$ids_arguments(argumentIR''*{argumentIR'' <- argumentIR''*})`

....... Let `(rid, routineTypeDefIR, id*)'?{(rid, routineTypeDefIR, id*)' <- (rid, routineTypeDefIR, id*)'?}` be `$find_overloaded<routineTypeDefIR>(({ [(rid : `methodTypeIR` as routineTypeDefIR)] }), "apply", id_arg?{id_arg <- id_arg?}*{id_arg? <- id_arg?*})`

....... If ((rid, routineTypeDefIR, id*)'?{(rid, routineTypeDefIR, id*)' <- (rid, routineTypeDefIR, id*)'?} matches pattern (_)), then

........ Let `?((rid, routineTypeDefIR, id*))` be (rid, routineTypeDefIR, id*)'?{(rid, routineTypeDefIR, id*)' <- (rid, routineTypeDefIR, id*)'?}

........ If (`(rid, routineTypeDefIR, id*)` has type (rid, methodTypeIR, id*)), then

......... Let `(rid', methodTypeIR', id_default*{id_default <- id_default*})` be `(rid, routineTypeDefIR, id*)` as (rid, methodTypeIR, id*)

......... If ((rid' = rid)), then

.......... If ((methodTypeIR' = methodTypeIR)), then

........... Result in `methodTypeIR` as routineTypeIR, [], id_default*{id_default <- id_default*}

..... Group typedExpressionIR-nameIR-control-apply-method: p, TC, (typedExpressionIR_base . "apply"), [], argumentIR*{}

...... Let `(_expressionIR # (( typeIR_base _ctk )))` be typedExpressionIR_base

...... Let `typeIR` be `$canon(typeIR_base)`

...... If (`typeIR` has type controlObjectTypeIR), then

....... Let `(control( parameterTypeIR*{parameterTypeIR <- parameterTypeIR*} ))` be `typeIR` as controlObjectTypeIR

....... Let `methodTypeIR` be (control_apply( parameterTypeIR*{parameterTypeIR <- parameterTypeIR*} ))

Let `_direction*` be the list of `_direction` and `_typeIR*` be the list of `_typeIR` and `id_param*` be the list of `id_param` and `value_param?*` be the list of `value_param?`, obtained by repeating:
 ....... Let `(_direction _typeIR id_param value_param?{value_param <- value_param?})` be parameterTypeIR
for each `parameterTypeIR` in `parameterTypeIR*`

Let `pid*` be the list of `pid`, obtained by repeating:
 ....... Let `pid` be (id_param # (value_param?{value_param <- value_param?} =/= ?()))
for each `id_param` in `id_param*` and `value_param?` in `value_param?*`

....... Let `rid` be ("apply" ( pid*{pid <- pid*} ))

....... Let `id_arg?{id_arg <- id_arg?}*{id_arg? <- id_arg?*}` be `$ids_arguments(argumentIR''*{argumentIR'' <- argumentIR''*})`

....... Let `(rid, routineTypeDefIR, id*)'?{(rid, routineTypeDefIR, id*)' <- (rid, routineTypeDefIR, id*)'?}` be `$find_overloaded<routineTypeDefIR>(({ [(rid : `methodTypeIR` as routineTypeDefIR)] }), "apply", id_arg?{id_arg <- id_arg?}*{id_arg? <- id_arg?*})`

....... If ((rid, routineTypeDefIR, id*)'?{(rid, routineTypeDefIR, id*)' <- (rid, routineTypeDefIR, id*)'?} matches pattern (_)), then

........ Let `?((rid, routineTypeDefIR, id*))` be (rid, routineTypeDefIR, id*)'?{(rid, routineTypeDefIR, id*)' <- (rid, routineTypeDefIR, id*)'?}

........ If (`(rid, routineTypeDefIR, id*)` has type (rid, methodTypeIR, id*)), then

......... Let `(rid', methodTypeIR', id_default*{id_default <- id_default*})` be `(rid, routineTypeDefIR, id*)` as (rid, methodTypeIR, id*)

......... If ((rid' = rid)), then

.......... If ((methodTypeIR' = methodTypeIR)), then

........... Result in `methodTypeIR` as routineTypeIR, [], id_default*{id_default <- id_default*}

..... If (argumentIR''*{argumentIR'' <- argumentIR''*} matches pattern []), then

...... Group typedExpressionIR-nameIR-table-apply-method: p, TC, (typedExpressionIR_base . "apply"), [], []

....... Let `(_expressionIR # (( typeIR_base _ctk )))` be typedExpressionIR_base

....... Let `typeIR` be `$canon(typeIR_base)`

....... If (`typeIR` has type tableObjectTypeIR), then

........ Let `(table _tid # typeIR_table)` be `typeIR` as tableObjectTypeIR

........ Let `methodTypeIR` be (table_apply-> typeIR_table)

........ Result in `methodTypeIR` as routineTypeIR, [], []

.. Case `routineTargetIR''` matches pattern `(%)`
... Let `(( routineTargetIR ))` be routineTargetIR''

... Group parenthesized: p, TC, (( routineTargetIR )), typeArgumentIR*{}, argumentIR*{}

.... (RoutineType_ok: p TC |- routineTargetIR < typeArgumentIR*{typeArgumentIR <- typeArgumentIR*} >( argumentIR''*{argumentIR'' <- argumentIR''*} ): routineTypeIR <# tid_inserted*{tid_inserted <- tid_inserted*} >(# id_default*{id_default <- id_default*} ))

.... Result in routineTypeIR, tid_inserted*{tid_inserted <- tid_inserted*}, id_default*{id_default <- id_default*}

relation Call_ok: p, TC, routineTypeIR, typeArgumentIR*{typeArgumentIR <- typeArgumentIR*}, tid'*{tid' <- tid'*}, argumentIR*{argumentIR <- argumentIR*}, id_default'*{id_default' <- id_default'*}

. Case analysis on routineTypeIR
.. Case `routineTypeIR` has type functionTypeIR
... Let `functionTypeIR` be `routineTypeIR` as functionTypeIR

... Case analysis on functionTypeIR
.... Case `functionTypeIR` matches pattern `BUILTIN_FUNCTION(%)->%`
..... Let `(builtin_function( parameterTypeIR*{parameterTypeIR <- parameterTypeIR*} )-> typeIR_ret)` be functionTypeIR

..... If (tid'*{tid' <- tid'*} matches pattern []), then

...... Group builtin-function: p, TC, `(builtin_function( parameterTypeIR*{} )-> typeIR_ret)` as routineTypeIR, typeArgumentIR*{}, [], argumentIR*{}, id_default*{}

....... Let `parameterTypeIR_non_default*{parameterTypeIR_non_default <- parameterTypeIR_non_default*}` be `$filter_default_parameters(parameterTypeIR*{parameterTypeIR <- parameterTypeIR*}, id_default'*{id_default' <- id_default'*})`

....... If ((|parameterTypeIR_non_default*{parameterTypeIR_non_default <- parameterTypeIR_non_default*}| = |argumentIR*{argumentIR <- argumentIR*}|)), then

........ Let `parameterTypeIR_aligned*{parameterTypeIR_aligned <- parameterTypeIR_aligned*}` be `$align_parameters(parameterTypeIR_non_default*{parameterTypeIR_non_default <- parameterTypeIR_non_default*}, argumentIR*{argumentIR <- argumentIR*})`

........ If (`$callable_builtin_function(p, TC)`), then

......... (Call_convention_ok: p TC (noaction) |- parameterTypeIR_aligned*{parameterTypeIR_aligned <- parameterTypeIR_aligned*} @ argumentIR*{argumentIR <- argumentIR*} : argumentIR_cast*{argumentIR_cast <- argumentIR_cast*})

......... Result in typeIR_ret, typeArgumentIR*{typeArgumentIR <- typeArgumentIR*}, argumentIR_cast*{argumentIR_cast <- argumentIR_cast*}

.... Case `functionTypeIR` matches pattern `FUNCTION(%)->%`
..... Let `(function( parameterTypeIR*{parameterTypeIR <- parameterTypeIR*} )-> typeIR_ret)` be functionTypeIR

..... Group function: p, TC, `(function( parameterTypeIR*{} )-> typeIR_ret)` as routineTypeIR, typeArgumentIR*{}, tid_infer*{}, argumentIR*{}, id_default*{}

...... Let `parameterTypeIR_non_default*{parameterTypeIR_non_default <- parameterTypeIR_non_default*}` be `$filter_default_parameters(parameterTypeIR*{parameterTypeIR <- parameterTypeIR*}, id_default'*{id_default' <- id_default'*})`

...... If ((|parameterTypeIR_non_default*{parameterTypeIR_non_default <- parameterTypeIR_non_default*}| = |argumentIR*{argumentIR <- argumentIR*}|)), then

....... Let `parameterTypeIR_aligned*{parameterTypeIR_aligned <- parameterTypeIR_aligned*}` be `$align_parameters(parameterTypeIR_non_default*{parameterTypeIR_non_default <- parameterTypeIR_non_default*}, argumentIR*{argumentIR <- argumentIR*})`

....... Let `inference` be `$infer(tid'*{tid' <- tid'*}, parameterTypeIR_aligned*{parameterTypeIR_aligned <- parameterTypeIR_aligned*}, argumentIR*{argumentIR <- argumentIR*})`

Let `typeIR?*` be the list of `typeIR?`, obtained by repeating:
 ....... Let `typeIR?{typeIR <- typeIR?}` be `$find_map<tid, typeIR>(inference, tid')`
for each `tid'` in `tid'*`

....... If (typeIR?{typeIR <- typeIR?} matches pattern (_))*{typeIR? <- typeIR?*}, then

Let `typeIR_inferred*` be the list of `typeIR_inferred`, obtained by repeating:
 ........ Let `?(typeIR_inferred)` be typeIR?{typeIR <- typeIR?}
for each `typeIR?` in `typeIR?*`

........ Let `typeArgumentIR_inferred*{typeArgumentIR_inferred <- typeArgumentIR_inferred*}` be typeArgumentIR*{typeArgumentIR <- typeArgumentIR*} ++ typeIR_inferred*{typeIR_inferred <- typeIR_inferred*}

Let `parameterTypeIR_aligned_inferred*` be the list of `parameterTypeIR_aligned_inferred`, obtained by repeating:
 ........ Let `parameterTypeIR_aligned_inferred` be `$subst_parameterType(inference, parameterTypeIR_aligned)`
for each `parameterTypeIR_aligned` in `parameterTypeIR_aligned*`

........ Let `typeIR_ret_inferred` be `$subst_type(inference, typeIR_ret)`

........ Let `functionTypeIR_inferred` be (function( parameterTypeIR_aligned_inferred*{parameterTypeIR_aligned_inferred <- parameterTypeIR_aligned_inferred*} )-> typeIR_ret_inferred)

........ If (RoutineType_wf: `$bound(p, TC)` |- `functionTypeIR_inferred` as routineTypeIR) holds, then

......... If (`$callable_function(p, TC)`), then

.......... (Call_convention_ok: p TC (noaction) |- parameterTypeIR_aligned_inferred*{parameterTypeIR_aligned_inferred <- parameterTypeIR_aligned_inferred*} @ argumentIR*{argumentIR <- argumentIR*} : argumentIR_cast*{argumentIR_cast <- argumentIR_cast*})

.......... Result in typeIR_ret_inferred, typeArgumentIR_inferred*{typeArgumentIR_inferred <- typeArgumentIR_inferred*}, argumentIR_cast*{argumentIR_cast <- argumentIR_cast*}

.... Case `functionTypeIR` matches pattern `EXTERN_FUNCTION(%)->%`
..... Let `(extern_function( parameterTypeIR*{parameterTypeIR <- parameterTypeIR*} )-> typeIR_ret)` be functionTypeIR

..... Group externfunction: p, TC, `(extern_function( parameterTypeIR*{} )-> typeIR_ret)` as routineTypeIR, typeArgumentIR*{}, tid_infer*{}, argumentIR*{}, id_default*{}

...... Let `parameterTypeIR_non_default*{parameterTypeIR_non_default <- parameterTypeIR_non_default*}` be `$filter_default_parameters(parameterTypeIR*{parameterTypeIR <- parameterTypeIR*}, id_default'*{id_default' <- id_default'*})`

...... If ((|parameterTypeIR_non_default*{parameterTypeIR_non_default <- parameterTypeIR_non_default*}| = |argumentIR*{argumentIR <- argumentIR*}|)), then

....... Let `parameterTypeIR_aligned*{parameterTypeIR_aligned <- parameterTypeIR_aligned*}` be `$align_parameters(parameterTypeIR_non_default*{parameterTypeIR_non_default <- parameterTypeIR_non_default*}, argumentIR*{argumentIR <- argumentIR*})`

....... Let `inference` be `$infer(tid'*{tid' <- tid'*}, parameterTypeIR_aligned*{parameterTypeIR_aligned <- parameterTypeIR_aligned*}, argumentIR*{argumentIR <- argumentIR*})`

Let `typeIR?*` be the list of `typeIR?`, obtained by repeating:
 ....... Let `typeIR?{typeIR <- typeIR?}` be `$find_map<tid, typeIR>(inference, tid')`
for each `tid'` in `tid'*`

....... If (typeIR?{typeIR <- typeIR?} matches pattern (_))*{typeIR? <- typeIR?*}, then

Let `typeIR_inferred*` be the list of `typeIR_inferred`, obtained by repeating:
 ........ Let `?(typeIR_inferred)` be typeIR?{typeIR <- typeIR?}
for each `typeIR?` in `typeIR?*`

........ Let `typeArgumentIR_inferred*{typeArgumentIR_inferred <- typeArgumentIR_inferred*}` be typeArgumentIR*{typeArgumentIR <- typeArgumentIR*} ++ typeIR_inferred*{typeIR_inferred <- typeIR_inferred*}

Let `parameterTypeIR_aligned_inferred*` be the list of `parameterTypeIR_aligned_inferred`, obtained by repeating:
 ........ Let `parameterTypeIR_aligned_inferred` be `$subst_parameterType(inference, parameterTypeIR_aligned)`
for each `parameterTypeIR_aligned` in `parameterTypeIR_aligned*`

........ Let `typeIR_ret_inferred` be `$subst_type(inference, typeIR_ret)`

........ Let `functionTypeIR_inferred` be (extern_function( parameterTypeIR_aligned_inferred*{parameterTypeIR_aligned_inferred <- parameterTypeIR_aligned_inferred*} )-> typeIR_ret_inferred)

........ If (RoutineType_wf: `$bound(p, TC)` |- `functionTypeIR_inferred` as routineTypeIR) holds, then

......... If (`$callable_extern_function(p, TC)`), then

.......... (Call_convention_ok: p TC (noaction) |- parameterTypeIR_aligned_inferred*{parameterTypeIR_aligned_inferred <- parameterTypeIR_aligned_inferred*} @ argumentIR*{argumentIR <- argumentIR*} : argumentIR_cast*{argumentIR_cast <- argumentIR_cast*})

.......... Result in typeIR_ret_inferred, typeArgumentIR_inferred*{typeArgumentIR_inferred <- typeArgumentIR_inferred*}, argumentIR_cast*{argumentIR_cast <- argumentIR_cast*}

.... Case `functionTypeIR` matches pattern `ACTION(%)`
..... Let `(action( parameterTypeIR*{parameterTypeIR <- parameterTypeIR*} ))` be functionTypeIR

..... If (typeArgumentIR*{typeArgumentIR <- typeArgumentIR*} matches pattern []), then

...... If (tid'*{tid' <- tid'*} matches pattern []), then

....... Group action: p, TC, `(action( parameterTypeIR*{} ))` as routineTypeIR, [], [], argumentIR*{}, id_default*{}

........ Let `parameterTypeIR_non_default*{parameterTypeIR_non_default <- parameterTypeIR_non_default*}` be `$filter_default_parameters(parameterTypeIR*{parameterTypeIR <- parameterTypeIR*}, id_default'*{id_default' <- id_default'*})`

........ If ((|parameterTypeIR_non_default*{parameterTypeIR_non_default <- parameterTypeIR_non_default*}| = |argumentIR*{argumentIR <- argumentIR*}|)), then

......... Let `parameterTypeIR_aligned*{parameterTypeIR_aligned <- parameterTypeIR_aligned*}` be `$align_parameters(parameterTypeIR_non_default*{parameterTypeIR_non_default <- parameterTypeIR_non_default*}, argumentIR*{argumentIR <- argumentIR*})`

......... If (`$callable_action(p, TC)`), then

.......... (Call_convention_ok: p TC (action) |- parameterTypeIR_aligned*{parameterTypeIR_aligned <- parameterTypeIR_aligned*} @ argumentIR*{argumentIR <- argumentIR*} : argumentIR_cast*{argumentIR_cast <- argumentIR_cast*})

.......... Result in `(void)` as typeIR, [], argumentIR_cast*{argumentIR_cast <- argumentIR_cast*}

.. Case `routineTypeIR` has type methodTypeIR
... Let `methodTypeIR` be `routineTypeIR` as methodTypeIR

... Case analysis on methodTypeIR
.... Case `methodTypeIR` matches pattern `BUILTIN_METHOD(%)->%`
..... Let `(builtin_method( parameterTypeIR*{parameterTypeIR <- parameterTypeIR*} )-> typeIR_ret)` be methodTypeIR

..... If (tid'*{tid' <- tid'*} matches pattern []), then

...... Group builtin-method: p, TC, `(builtin_method( parameterTypeIR*{} )-> typeIR_ret)` as routineTypeIR, typeArgumentIR*{}, [], argumentIR*{}, id_default*{}

....... Let `parameterTypeIR_non_default*{parameterTypeIR_non_default <- parameterTypeIR_non_default*}` be `$filter_default_parameters(parameterTypeIR*{parameterTypeIR <- parameterTypeIR*}, id_default'*{id_default' <- id_default'*})`

....... If ((|parameterTypeIR_non_default*{parameterTypeIR_non_default <- parameterTypeIR_non_default*}| = |argumentIR*{argumentIR <- argumentIR*}|)), then

........ Let `parameterTypeIR_aligned*{parameterTypeIR_aligned <- parameterTypeIR_aligned*}` be `$align_parameters(parameterTypeIR_non_default*{parameterTypeIR_non_default <- parameterTypeIR_non_default*}, argumentIR*{argumentIR <- argumentIR*})`

........ If (`$callable_builtin_method(p, TC)`), then

......... (Call_convention_ok: p TC (noaction) |- parameterTypeIR_aligned*{parameterTypeIR_aligned <- parameterTypeIR_aligned*} @ argumentIR*{argumentIR <- argumentIR*} : argumentIR_cast*{argumentIR_cast <- argumentIR_cast*})

......... Result in typeIR_ret, typeArgumentIR*{typeArgumentIR <- typeArgumentIR*}, argumentIR_cast*{argumentIR_cast <- argumentIR_cast*}

.... Case `methodTypeIR` matches pattern `EXTERN_METHOD(%)->%`
..... Let `(extern_method( parameterTypeIR*{parameterTypeIR <- parameterTypeIR*} )-> typeIR_ret)` be methodTypeIR

..... Group extern-method: p, TC, `(extern_method( parameterTypeIR*{} )-> typeIR_ret)` as routineTypeIR, typeArgumentIR*{}, tid_infer*{}, argumentIR*{}, id_default*{}

...... Let `parameterTypeIR_non_default*{parameterTypeIR_non_default <- parameterTypeIR_non_default*}` be `$filter_default_parameters(parameterTypeIR*{parameterTypeIR <- parameterTypeIR*}, id_default'*{id_default' <- id_default'*})`

...... If ((|parameterTypeIR_non_default*{parameterTypeIR_non_default <- parameterTypeIR_non_default*}| = |argumentIR*{argumentIR <- argumentIR*}|)), then

....... Let `parameterTypeIR_aligned*{parameterTypeIR_aligned <- parameterTypeIR_aligned*}` be `$align_parameters(parameterTypeIR_non_default*{parameterTypeIR_non_default <- parameterTypeIR_non_default*}, argumentIR*{argumentIR <- argumentIR*})`

....... Let `inference` be `$infer(tid'*{tid' <- tid'*}, parameterTypeIR_aligned*{parameterTypeIR_aligned <- parameterTypeIR_aligned*}, argumentIR*{argumentIR <- argumentIR*})`

Let `typeIR?*` be the list of `typeIR?`, obtained by repeating:
 ....... Let `typeIR?{typeIR <- typeIR?}` be `$find_map<tid, typeIR>(inference, tid')`
for each `tid'` in `tid'*`

....... If (typeIR?{typeIR <- typeIR?} matches pattern (_))*{typeIR? <- typeIR?*}, then

Let `typeIR_inferred*` be the list of `typeIR_inferred`, obtained by repeating:
 ........ Let `?(typeIR_inferred)` be typeIR?{typeIR <- typeIR?}
for each `typeIR?` in `typeIR?*`

........ Let `typeArgumentIR_inferred*{typeArgumentIR_inferred <- typeArgumentIR_inferred*}` be typeArgumentIR*{typeArgumentIR <- typeArgumentIR*} ++ typeIR_inferred*{typeIR_inferred <- typeIR_inferred*}

Let `parameterTypeIR_aligned_inferred*` be the list of `parameterTypeIR_aligned_inferred`, obtained by repeating:
 ........ Let `parameterTypeIR_aligned_inferred` be `$subst_parameterType(inference, parameterTypeIR_aligned)`
for each `parameterTypeIR_aligned` in `parameterTypeIR_aligned*`

........ Let `typeIR_ret_inferred` be `$subst_type(inference, typeIR_ret)`

........ Let `methodTypeIR_inferred` be (extern_method( parameterTypeIR_aligned_inferred*{parameterTypeIR_aligned_inferred <- parameterTypeIR_aligned_inferred*} )-> typeIR_ret_inferred)

........ If (RoutineType_wf: `$bound(p, TC)` |- `methodTypeIR_inferred` as routineTypeIR) holds, then

......... If (`$callable_extern_method(p, TC)`), then

.......... (Call_convention_ok: p TC (noaction) |- parameterTypeIR_aligned_inferred*{parameterTypeIR_aligned_inferred <- parameterTypeIR_aligned_inferred*} @ argumentIR*{argumentIR <- argumentIR*} : argumentIR_cast*{argumentIR_cast <- argumentIR_cast*})

.......... Result in typeIR_ret_inferred, typeArgumentIR_inferred*{typeArgumentIR_inferred <- typeArgumentIR_inferred*}, argumentIR_cast*{argumentIR_cast <- argumentIR_cast*}

.... Case `methodTypeIR` matches pattern `EXTERN_METHODABSTRACT(%)->%`
..... Let `(extern_methodabstract( parameterTypeIR*{parameterTypeIR <- parameterTypeIR*} )-> typeIR_ret)` be methodTypeIR

..... Group extern-abstract-method: p, TC, `(extern_methodabstract( parameterTypeIR*{} )-> typeIR_ret)` as routineTypeIR, typeArgumentIR*{}, tid_infer*{}, argumentIR*{}, id_default*{}

...... Let `parameterTypeIR_non_default*{parameterTypeIR_non_default <- parameterTypeIR_non_default*}` be `$filter_default_parameters(parameterTypeIR*{parameterTypeIR <- parameterTypeIR*}, id_default'*{id_default' <- id_default'*})`

...... If ((|parameterTypeIR_non_default*{parameterTypeIR_non_default <- parameterTypeIR_non_default*}| = |argumentIR*{argumentIR <- argumentIR*}|)), then

....... Let `parameterTypeIR_aligned*{parameterTypeIR_aligned <- parameterTypeIR_aligned*}` be `$align_parameters(parameterTypeIR_non_default*{parameterTypeIR_non_default <- parameterTypeIR_non_default*}, argumentIR*{argumentIR <- argumentIR*})`

....... Let `inference` be `$infer(tid'*{tid' <- tid'*}, parameterTypeIR_aligned*{parameterTypeIR_aligned <- parameterTypeIR_aligned*}, argumentIR*{argumentIR <- argumentIR*})`

Let `typeIR?*` be the list of `typeIR?`, obtained by repeating:
 ....... Let `typeIR?{typeIR <- typeIR?}` be `$find_map<tid, typeIR>(inference, tid')`
for each `tid'` in `tid'*`

....... If (typeIR?{typeIR <- typeIR?} matches pattern (_))*{typeIR? <- typeIR?*}, then

Let `typeIR_inferred*` be the list of `typeIR_inferred`, obtained by repeating:
 ........ Let `?(typeIR_inferred)` be typeIR?{typeIR <- typeIR?}
for each `typeIR?` in `typeIR?*`

........ Let `typeArgumentIR_inferred*{typeArgumentIR_inferred <- typeArgumentIR_inferred*}` be typeArgumentIR*{typeArgumentIR <- typeArgumentIR*} ++ typeIR_inferred*{typeIR_inferred <- typeIR_inferred*}

Let `parameterTypeIR_aligned_inferred*` be the list of `parameterTypeIR_aligned_inferred`, obtained by repeating:
 ........ Let `parameterTypeIR_aligned_inferred` be `$subst_parameterType(inference, parameterTypeIR_aligned)`
for each `parameterTypeIR_aligned` in `parameterTypeIR_aligned*`

........ Let `typeIR_ret_inferred` be `$subst_type(inference, typeIR_ret)`

........ Let `methodTypeIR_inferred` be (extern_methodabstract( parameterTypeIR_aligned_inferred*{parameterTypeIR_aligned_inferred <- parameterTypeIR_aligned_inferred*} )-> typeIR_ret_inferred)

........ If (RoutineType_wf: `$bound(p, TC)` |- `methodTypeIR_inferred` as routineTypeIR) holds, then

......... If (`$callable_extern_abstract_method(p, TC)`), then

.......... (Call_convention_ok: p TC (noaction) |- parameterTypeIR_aligned_inferred*{parameterTypeIR_aligned_inferred <- parameterTypeIR_aligned_inferred*} @ argumentIR*{argumentIR <- argumentIR*} : argumentIR_cast*{argumentIR_cast <- argumentIR_cast*})

.......... Result in typeIR_ret_inferred, typeArgumentIR_inferred*{typeArgumentIR_inferred <- typeArgumentIR_inferred*}, argumentIR_cast*{argumentIR_cast <- argumentIR_cast*}

.... Case `methodTypeIR` matches pattern `PARSER_APPLY(%)`
..... Let `(parser_apply( parameterTypeIR*{parameterTypeIR <- parameterTypeIR*} ))` be methodTypeIR

..... If (typeArgumentIR*{typeArgumentIR <- typeArgumentIR*} matches pattern []), then

...... If (tid'*{tid' <- tid'*} matches pattern []), then

....... Group parser-apply-method: p, TC, `(parser_apply( parameterTypeIR*{} ))` as routineTypeIR, [], [], argumentIR*{}, id_default*{}

........ Let `parameterTypeIR_non_default*{parameterTypeIR_non_default <- parameterTypeIR_non_default*}` be `$filter_default_parameters(parameterTypeIR*{parameterTypeIR <- parameterTypeIR*}, id_default'*{id_default' <- id_default'*})`

........ If ((|parameterTypeIR_non_default*{parameterTypeIR_non_default <- parameterTypeIR_non_default*}| = |argumentIR*{argumentIR <- argumentIR*}|)), then

......... Let `parameterTypeIR_aligned*{parameterTypeIR_aligned <- parameterTypeIR_aligned*}` be `$align_parameters(parameterTypeIR_non_default*{parameterTypeIR_non_default <- parameterTypeIR_non_default*}, argumentIR*{argumentIR <- argumentIR*})`

......... If (`$callable_parser_apply_method(p, TC)`), then

.......... (Call_convention_ok: p TC (noaction) |- parameterTypeIR_aligned*{parameterTypeIR_aligned <- parameterTypeIR_aligned*} @ argumentIR*{argumentIR <- argumentIR*} : argumentIR_cast*{argumentIR_cast <- argumentIR_cast*})

.......... Result in `(void)` as typeIR, [], argumentIR_cast*{argumentIR_cast <- argumentIR_cast*}

.... Case `methodTypeIR` matches pattern `CONTROL_APPLY(%)`
..... Let `(control_apply( parameterTypeIR*{parameterTypeIR <- parameterTypeIR*} ))` be methodTypeIR

..... If (typeArgumentIR*{typeArgumentIR <- typeArgumentIR*} matches pattern []), then

...... If (tid'*{tid' <- tid'*} matches pattern []), then

....... Group control-apply-method: p, TC, `(control_apply( parameterTypeIR*{} ))` as routineTypeIR, [], [], argumentIR*{}, id_default*{}

........ Let `parameterTypeIR_non_default*{parameterTypeIR_non_default <- parameterTypeIR_non_default*}` be `$filter_default_parameters(parameterTypeIR*{parameterTypeIR <- parameterTypeIR*}, id_default'*{id_default' <- id_default'*})`

........ If ((|parameterTypeIR_non_default*{parameterTypeIR_non_default <- parameterTypeIR_non_default*}| = |argumentIR*{argumentIR <- argumentIR*}|)), then

......... Let `parameterTypeIR_aligned*{parameterTypeIR_aligned <- parameterTypeIR_aligned*}` be `$align_parameters(parameterTypeIR_non_default*{parameterTypeIR_non_default <- parameterTypeIR_non_default*}, argumentIR*{argumentIR <- argumentIR*})`

......... If (`$callable_control_apply_method(p, TC)`), then

.......... (Call_convention_ok: p TC (noaction) |- parameterTypeIR_aligned*{parameterTypeIR_aligned <- parameterTypeIR_aligned*} @ argumentIR*{argumentIR <- argumentIR*} : argumentIR_cast*{argumentIR_cast <- argumentIR_cast*})

.......... Result in `(void)` as typeIR, [], argumentIR_cast*{argumentIR_cast <- argumentIR_cast*}

.... Case `methodTypeIR` matches pattern `TABLE_APPLY->%`
..... Let `(table_apply-> typeIR_table)` be methodTypeIR

..... If (typeArgumentIR*{typeArgumentIR <- typeArgumentIR*} matches pattern []), then

...... If (tid'*{tid' <- tid'*} matches pattern []), then

....... If (argumentIR*{argumentIR <- argumentIR*} matches pattern []), then

........ If (id_default'*{id_default' <- id_default'*} matches pattern []), then

......... Group table-apply-method: p, TC, `(table_apply-> typeIR_table)` as routineTypeIR, [], [], [], []

.......... If (`$callable_table_apply_method(p, TC)`), then

........... Result in typeIR_table, [], []

relation ConstructorType_ok: p, TC, prefixedNameIR, typeArgumentIR*{typeArgumentIR <- typeArgumentIR*}, argumentIR*{argumentIR <- argumentIR*}

. Group : p, TC, prefixedNameIR, typeArgumentIR*{}, argumentIR*{}

.. Let `(rid, constructorTypeDefIR, id*)?{(rid, constructorTypeDefIR, id*) <- (rid, constructorTypeDefIR, id*)?}` be `$find_constructor_overloaded(TC, prefixedNameIR, argumentIR*{argumentIR <- argumentIR*})`

.. If ((rid, constructorTypeDefIR, id*)?{(rid, constructorTypeDefIR, id*) <- (rid, constructorTypeDefIR, id*)?} matches pattern (_)), then

... Let `?((cid, constructorTypeDefIR, id_default*{id_default <- id_default*}))` be (rid, constructorTypeDefIR, id*)?{(rid, constructorTypeDefIR, id*) <- (rid, constructorTypeDefIR, id*)?}

... Let `(constructorTypeIR, tid_impl*{tid_impl <- tid_impl*})` be `$specialize_constructorTypeDef(constructorTypeDefIR, typeArgumentIR*{typeArgumentIR <- typeArgumentIR*})`

... Let `bound` be `$union_set<tid>(`$bound(p, TC)`, ({ tid_impl*{tid_impl <- tid_impl*} }))`

... If (ConstructorType_wf: bound |- constructorTypeIR) holds, then

.... Result in constructorTypeIR, tid_impl*{tid_impl <- tid_impl*}, id_default*{id_default <- id_default*}

relation Inst_ok: cursor', TC, instctxt, constructorTypeIR, typeArgumentIR*{typeArgumentIR <- typeArgumentIR*}, tid_infer*{tid_infer <- tid_infer*}, argumentIR*{argumentIR <- argumentIR*}, id_default*{id_default <- id_default*}

. If (cursor' matches pattern `GLOBAL`), then

.. Group package: (global), TC, instctxt, constructorTypeIR, typeArgumentIR*{}, tid_infer*{}, argumentIR*{}, id_default*{}

... Let `(constructor( parameterTypeIR*{parameterTypeIR <- parameterTypeIR*} )-> typeIR_object)` be constructorTypeIR

... Let `typeIR` be `$canon(typeIR_object)`

... If (`typeIR` has type packageObjectTypeIR), then

.... Let `(package< _typeIR*{_typeIR <- _typeIR*} >)` be `typeIR` as packageObjectTypeIR

.... Let `parameterTypeIR_non_default*{parameterTypeIR_non_default <- parameterTypeIR_non_default*}` be `$filter_default_parameters(parameterTypeIR*{parameterTypeIR <- parameterTypeIR*}, id_default*{id_default <- id_default*})`

.... If ((|parameterTypeIR_non_default*{parameterTypeIR_non_default <- parameterTypeIR_non_default*}| = |argumentIR*{argumentIR <- argumentIR*}|)), then

..... Let `parameterTypeIR_aligned*{parameterTypeIR_aligned <- parameterTypeIR_aligned*}` be `$align_parameters(parameterTypeIR_non_default*{parameterTypeIR_non_default <- parameterTypeIR_non_default*}, argumentIR*{argumentIR <- argumentIR*})`

..... Let `inference` be `$infer(tid_infer*{tid_infer <- tid_infer*}, parameterTypeIR_aligned*{parameterTypeIR_aligned <- parameterTypeIR_aligned*}, argumentIR*{argumentIR <- argumentIR*})`

Let `typeIR'?*` be the list of `typeIR'?`, obtained by repeating:
 ..... Let `typeIR'?{typeIR' <- typeIR'?}` be `$find_map<tid, typeIR>(inference, tid_infer)`
for each `tid_infer` in `tid_infer*`

..... If (typeIR'?{typeIR' <- typeIR'?} matches pattern (_))*{typeIR'? <- typeIR'?*}, then

Let `typeIR_inferred*` be the list of `typeIR_inferred`, obtained by repeating:
 ...... Let `?(typeIR_inferred)` be typeIR'?{typeIR' <- typeIR'?}
for each `typeIR'?` in `typeIR'?*`

...... Let `typeArgumentIR_inferred*{typeArgumentIR_inferred <- typeArgumentIR_inferred*}` be typeArgumentIR*{typeArgumentIR <- typeArgumentIR*} ++ typeIR_inferred*{typeIR_inferred <- typeIR_inferred*}

Let `parameterTypeIR_aligned_inferred*` be the list of `parameterTypeIR_aligned_inferred`, obtained by repeating:
 ...... Let `parameterTypeIR_aligned_inferred` be `$subst_parameterType(inference, parameterTypeIR_aligned)`
for each `parameterTypeIR_aligned` in `parameterTypeIR_aligned*`

...... Let `typeIR_object_inferred` be `$subst_type(inference, typeIR_object)`

...... Let `constructorTypeIR_inferred` be (constructor( parameterTypeIR_aligned_inferred*{parameterTypeIR_aligned_inferred <- parameterTypeIR_aligned_inferred*} )-> typeIR_object_inferred)

...... If (ConstructorType_wf: `$bound((global), TC)` |- constructorTypeIR_inferred) holds, then

....... If (`$instantiable((global), TC, instctxt, typeIR_object_inferred)`), then

........ (Call_convention_ok: (block) TC (noaction) |- parameterTypeIR_aligned_inferred*{parameterTypeIR_aligned_inferred <- parameterTypeIR_aligned_inferred*} @ argumentIR*{argumentIR <- argumentIR*} : argumentIR_cast*{argumentIR_cast <- argumentIR_cast*})

........ Result in typeIR_object_inferred, typeArgumentIR_inferred*{typeArgumentIR_inferred <- typeArgumentIR_inferred*}, argumentIR_cast*{argumentIR_cast <- argumentIR_cast*}

. Group non-package: p, TC, instctxt, constructorTypeIR, typeArgumentIR*{}, tid_infer*{}, argumentIR*{}, id_default*{}

.. Let `(constructor( parameterTypeIR*{parameterTypeIR <- parameterTypeIR*} )-> typeIR_object)` be constructorTypeIR

.. If (~`$is_package_object_typeIR(`$canon(typeIR_object)`)`), then

... Let `parameterTypeIR_non_default*{parameterTypeIR_non_default <- parameterTypeIR_non_default*}` be `$filter_default_parameters(parameterTypeIR*{parameterTypeIR <- parameterTypeIR*}, id_default*{id_default <- id_default*})`

... If ((|parameterTypeIR_non_default*{parameterTypeIR_non_default <- parameterTypeIR_non_default*}| = |argumentIR*{argumentIR <- argumentIR*}|)), then

.... Let `parameterTypeIR_aligned*{parameterTypeIR_aligned <- parameterTypeIR_aligned*}` be `$align_parameters(parameterTypeIR_non_default*{parameterTypeIR_non_default <- parameterTypeIR_non_default*}, argumentIR*{argumentIR <- argumentIR*})`

.... Let `inference` be `$infer(tid_infer*{tid_infer <- tid_infer*}, parameterTypeIR_aligned*{parameterTypeIR_aligned <- parameterTypeIR_aligned*}, argumentIR*{argumentIR <- argumentIR*})`

Let `typeIR?*` be the list of `typeIR?`, obtained by repeating:
 .... Let `typeIR?{typeIR <- typeIR?}` be `$find_map<tid, typeIR>(inference, tid_infer)`
for each `tid_infer` in `tid_infer*`

.... If (typeIR?{typeIR <- typeIR?} matches pattern (_))*{typeIR? <- typeIR?*}, then

Let `typeIR_inferred*` be the list of `typeIR_inferred`, obtained by repeating:
 ..... Let `?(typeIR_inferred)` be typeIR?{typeIR <- typeIR?}
for each `typeIR?` in `typeIR?*`

..... Let `typeArgumentIR_inferred*{typeArgumentIR_inferred <- typeArgumentIR_inferred*}` be typeArgumentIR*{typeArgumentIR <- typeArgumentIR*} ++ typeIR_inferred*{typeIR_inferred <- typeIR_inferred*}

Let `parameterTypeIR_aligned_inferred*` be the list of `parameterTypeIR_aligned_inferred`, obtained by repeating:
 ..... Let `parameterTypeIR_aligned_inferred` be `$subst_parameterType(inference, parameterTypeIR_aligned)`
for each `parameterTypeIR_aligned` in `parameterTypeIR_aligned*`

..... Let `typeIR_object_inferred` be `$subst_type(inference, typeIR_object)`

..... Let `constructorTypeIR_inferred` be (constructor( parameterTypeIR_aligned_inferred*{parameterTypeIR_aligned_inferred <- parameterTypeIR_aligned_inferred*} )-> typeIR_object_inferred)

..... If (ConstructorType_wf: `$bound(cursor', TC)` |- constructorTypeIR_inferred) holds, then

...... If (`$instantiable(cursor', TC, instctxt, typeIR_object_inferred)`), then

....... (Call_convention_ok: cursor' TC (noaction) |- parameterTypeIR_aligned_inferred*{parameterTypeIR_aligned_inferred <- parameterTypeIR_aligned_inferred*} @ argumentIR*{argumentIR <- argumentIR*} : argumentIR_cast*{argumentIR_cast <- argumentIR_cast*})

....... Result in typeIR_object_inferred, typeArgumentIR_inferred*{typeArgumentIR_inferred <- typeArgumentIR_inferred*}, argumentIR_cast*{argumentIR_cast <- argumentIR_cast*}

relation SwitchLabel_table_ok: TC, tid_table, bool', switchLabel

. If ((bool' = true)), then

.. If (switchLabel matches pattern `DEFAULT`), then

... Group default: TC, tid_table, true, (default)

.... Result in (default)

. If (`switchLabel` has type prefixedNonTypeName), then

.. Let `prefixedNonTypeName` be `switchLabel` as prefixedNonTypeName

.. Group expressionNonBrace-prefixedNonTypeName: TC, tid_table, _bool, `prefixedNonTypeName` as switchLabel

... Let `prefixedNameIR` be `$prefixedNonTypeName(prefixedNonTypeName)`

... If (prefixedNameIR matches pattern ``%`), then

.... Let `(` nameIR_label)` be prefixedNameIR

.... Let `tid_table_enum` be "action_list(" ++ tid_table ++ ")"

.... Let `id_label` be tid_table_enum ++ "." ++ nameIR_label

.... Let `varTypeIR?{varTypeIR <- varTypeIR?}` be `$find_var((local), TC, (` id_label))`

.... If (varTypeIR?{varTypeIR <- varTypeIR?} matches pattern (_)), then

..... Let `?((_direction typeIR_label ctk_label value?{value <- value?}))` be varTypeIR?{varTypeIR <- varTypeIR?}

..... If (value?{value <- value?} matches pattern (_)), then

...... Let `?(value_label)` be value?{value <- value?}

...... If ((value_label = `(table_enum tid_table_enum . nameIR_label)` as value)), then

....... Let `typedExpressionIR_label` be (`(` nameIR_label)` as expressionIR # (( typeIR_label ctk_label )))

....... Result in `typedExpressionIR_label` as switchLabelIR

relation SwitchCase_table_ok: TC, f, tid_table, b_last, switchCase

. Case analysis on switchCase
.. Case `switchCase` matches pattern `%:%`
... Let `(switchLabel : blockStatement)` be switchCase

... Group switchLabel-blockStatement: TC, f, tid_table, b_last, (switchLabel : blockStatement)

.... (SwitchLabel_table_ok: TC tid_table b_last |- switchLabel : switchLabelIR)

.... (Block_ok: TC f |- blockStatement : TC_post f_post blockStatementIR)

.... Let `switchCaseIR` be (switchLabelIR : blockStatementIR)

.... Result in f_post, switchCaseIR, switchLabel

.. Case `switchCase` matches pattern `%:`
... Let `(switchLabel :)` be switchCase

... Group switchLabel: TC, f, tid_table, b_last, (switchLabel :)

.... (SwitchLabel_table_ok: TC tid_table b_last |- switchLabel : switchLabelIR)

.... Let `switchCaseIR` be (switchLabelIR :)

.... Result in f, switchCaseIR, switchLabel

relation SwitchCases_table_ok: TC, f, tid_table, switchCase*{switchCase <- switchCase*}

. Case analysis on switchCase*{switchCase <- switchCase*}
.. Case `switchCase*{switchCase <- switchCase*}` matches pattern []
... Group nil: TC, f, tid_table, []

.... Result in f, [], []

.. Case `switchCase*{switchCase <- switchCase*}` matches pattern _ :: _
... Let `switchCase_h :: switchCase_t*{switchCase_t <- switchCase_t*}` be switchCase*{switchCase <- switchCase*}

... Group cons: TC, f, tid_table, switchCase_h :: switchCase_t*{}

.... Let `b_last` be (switchCase_t*{switchCase_t <- switchCase_t*} = [])

.... (SwitchCase_table_ok: TC f tid_table b_last |- switchCase_h : f_h switchCaseIR_h # switchLabel_h)

.... (SwitchCases_table_ok: TC f_h tid_table |- switchCase_t*{switchCase_t <- switchCase_t*} : f_t switchCaseIR_t*{switchCaseIR_t <- switchCaseIR_t*} # switchLabel_t*{switchLabel_t <- switchLabel_t*})

.... Result in f_t, switchCaseIR_h :: switchCaseIR_t*{switchCaseIR_t <- switchCaseIR_t*}, switchLabel_h :: switchLabel_t*{switchLabel_t <- switchLabel_t*}

relation SwitchLabel_general_ok: TC, _typeIR', bool', switchLabel

. If ((bool' = true)), then

.. If (switchLabel matches pattern `DEFAULT`), then

... Group default: TC, _typeIR, true, (default)

.... Result in (default)

. If (`switchLabel` has type expressionNonBrace), then

.. Let `expressionNonBrace_label` be `switchLabel` as expressionNonBrace

.. Group expressionNonBrace: TC, typeIR_switch, _bool, `expressionNonBrace_label` as switchLabel

... Let `expression_label` be `$expressionNonBrace(expressionNonBrace_label)`

... Let [`typedExpressionIR_label` be the result of typing `expression_label`, under cursor `(local)` and typing context `TC`](Expr_ok)

... Let `typedExpressionIR?{typedExpressionIR <- typedExpressionIR?}` be `$coerce_unary(typedExpressionIR_label, _typeIR')`

... If (typedExpressionIR?{typedExpressionIR <- typedExpressionIR?} matches pattern (_)), then

.... Let `?(typedExpressionIR_label_cast)` be typedExpressionIR?{typedExpressionIR <- typedExpressionIR?}

.... Let `(_expressionIR # (( _typeIR ctk )))` be typedExpressionIR_label_cast

.... If (ctk matches pattern `LCTK`), then

..... Result in `typedExpressionIR_label_cast` as switchLabelIR

relation SwitchCase_general_ok: TC, f, typeIR_switch, b_last, switchCase

. Case analysis on switchCase
.. Case `switchCase` matches pattern `%:%`
... Let `(switchLabel : blockStatement)` be switchCase

... Group switchLabel-blockStatement: TC, f, typeIR_switch, b_last, (switchLabel : blockStatement)

.... (SwitchLabel_general_ok: TC typeIR_switch b_last |- switchLabel : switchLabelIR)

.... (Block_ok: TC f |- blockStatement : TC_post f_post blockStatementIR)

.... Let `switchCaseIR` be (switchLabelIR : blockStatementIR)

.... Result in f_post, switchCaseIR, switchLabel

.. Case `switchCase` matches pattern `%:`
... Let `(switchLabel :)` be switchCase

... Group switchLabel: TC, f, typeIR_switch, b_last, (switchLabel :)

.... (SwitchLabel_general_ok: TC typeIR_switch b_last |- switchLabel : switchLabelIR)

.... Let `switchCaseIR` be (switchLabelIR :)

.... Result in f, switchCaseIR, switchLabel

relation SwitchCases_general_ok: TC, f, typeIR_switch, switchCase*{switchCase <- switchCase*}

. Case analysis on switchCase*{switchCase <- switchCase*}
.. Case `switchCase*{switchCase <- switchCase*}` matches pattern []
... Group nil: TC, f, typeIR_switch, []

.... Result in f, [], []

.. Case `switchCase*{switchCase <- switchCase*}` matches pattern _ :: _
... Let `switchCase_h :: switchCase_t*{switchCase_t <- switchCase_t*}` be switchCase*{switchCase <- switchCase*}

... Group cons: TC, f, typeIR_switch, switchCase_h :: switchCase_t*{}

.... Let `b_last` be (switchCase_t*{switchCase_t <- switchCase_t*} = [])

.... (SwitchCase_general_ok: TC f typeIR_switch b_last |- switchCase_h : f_h switchCaseIR_h # switchLabel_h)

.... (SwitchCases_general_ok: TC f_h typeIR_switch |- switchCase_t*{switchCase_t <- switchCase_t*} : f_t switchCaseIR_t*{switchCaseIR_t <- switchCaseIR_t*} # switchLabel_t*{switchLabel_t <- switchLabel_t*})

.... Result in f_t, switchCaseIR_h :: switchCaseIR_t*{switchCaseIR_t <- switchCaseIR_t*}, switchLabel_h :: switchLabel_t*{switchLabel_t <- switchLabel_t*}

relation Decl_object_ok: p, TC_0, frame, rdenv, objectDeclaration

. Case analysis on objectDeclaration
.. Case `objectDeclaration` has type functionDeclaration
... Let `(annotationList (typeOrVoid name typeParameterListOpt ( parameterList )) blockStatement)` be `objectDeclaration` as functionDeclaration

... Group functionDeclaration: p, TC_0, frame, rdenv, `(annotationList (typeOrVoid name typeParameterListOpt ( parameterList )) blockStatement)` as objectDeclaration

.... Let `TC_1` be TC_0[block.kind = (extern)]

.... Let `TC_2` be TC_1[block.frame = frame]

.... Let `typeParameter*{typeParameter <- typeParameter*}` be `$flatten_typeParameterListOpt(typeParameterListOpt)`

Let `tid_expl*` be the list of `tid_expl`, obtained by repeating:
 .... Let `tid_expl` be `$name(typeParameter)`
for each `typeParameter` in `typeParameter*`

.... Let `TC_3` be `$add_types((local), TC_2, tid_expl*{tid_expl <- tid_expl*}, `(tid tid_expl)` as typeDefIR*{tid_expl <- tid_expl*})`

.... Let [`typeIR_ret` be the result of typing `typeOrVoid`, under cursor `(local)` and typing context `TC_3`,
and `tid*{tid <- tid*}` be the set of inserted type variables](Type_ok)

.... If (tid*{tid <- tid*} matches pattern []), then

..... Let `parameter*{parameter <- parameter*}` be `$flatten_parameterList(parameterList)`

..... Let [`parameterIR*{parameterIR <- parameterIR*}` be the result of typing `parameter*{parameter <- parameter*}`, under cursor `(local)` and typing context `TC_3`](Parameters_ok)

Let `parameterTypeIR*` be the list of `parameterTypeIR`, obtained by repeating:
 ..... Let `parameterTypeIR` be `$parameterIR(parameterIR)`
for each `parameterIR` in `parameterIR*`

..... Let `TC_4` be `$add_parameters((local), TC_3, parameterTypeIR*{parameterTypeIR <- parameterTypeIR*})`

..... Let `TC_5` be TC_4[local.kind = (extern_method-> typeIR_ret)]

..... (Block_ok: TC_5 (cont) |- blockStatement : _typingContext f blockStatementIR)

..... If (f matches pattern `RET`), then

...... Let `rid` be `$rid(name, parameterList)`

...... Let `methodTypeIR` be (extern_method( parameterTypeIR*{parameterTypeIR <- parameterTypeIR*} )-> typeIR_ret)

...... Let `routineTypeDefIR` be `(`methodTypeIR` as routineTypeIR < tid_expl*{tid_expl <- tid_expl*} , tid_impl*{tid_impl <- tid_impl*} >)` as routineTypeDefIR

...... If (RoutineTypeDef_wf: `$bound(p, TC_0)` |- routineTypeDefIR) holds, then

....... Let `rdenv_init` be `$update_map<rid, routineTypeDefIR>(rdenv, rid, routineTypeDefIR)`

....... Let `nameIR` be `$name(name)`

....... Let `functionDeclarationIR` be (annotationList (typeIR_ret nameIR < tid_expl*{tid_expl <- tid_expl*} , tid_impl*{tid_impl <- tid_impl*} >( parameterIR*{parameterIR <- parameterIR*} )) blockStatementIR)

....... Result in frame, rdenv_init, `functionDeclarationIR` as objectDeclarationIR

..... If ((typeIR_ret = `(void)` as typeIR)), then

...... Let `rid` be `$rid(name, parameterList)`

...... Let `methodTypeIR` be (extern_method( parameterTypeIR*{parameterTypeIR <- parameterTypeIR*} )-> typeIR_ret)

...... Let `routineTypeDefIR` be `(`methodTypeIR` as routineTypeIR < tid_expl*{tid_expl <- tid_expl*} , tid_impl*{tid_impl <- tid_impl*} >)` as routineTypeDefIR

...... If (RoutineTypeDef_wf: `$bound(p, TC_0)` |- routineTypeDefIR) holds, then

....... Let `rdenv_init` be `$update_map<rid, routineTypeDefIR>(rdenv, rid, routineTypeDefIR)`

....... Let `nameIR` be `$name(name)`

....... Let `functionDeclarationIR` be (annotationList (typeIR_ret nameIR < tid_expl*{tid_expl <- tid_expl*} , tid_impl*{tid_impl <- tid_impl*} >( parameterIR*{parameterIR <- parameterIR*} )) blockStatementIR)

....... Result in frame, rdenv_init, `functionDeclarationIR` as objectDeclarationIR

.. Case `objectDeclaration` has type instantiation
... Let `instantiation` be `objectDeclaration` as instantiation

... Group instantiation: p, TC_0, frame, rdenv, `instantiation` as objectDeclaration

.... Let [`declarationIR` be the result of typing ``instantiation` as declaration`, under cursor `p` and typing context `TC_0`,
and `TC_1` be the modified typing context](Decl_ok)

.... If (`declarationIR` has type instantiationIR), then

..... Let `instantiationIR` be `declarationIR` as instantiationIR

..... Let `(_annotationList _typeIR _prefixedNameIR < _typeArgumentListIR >( _argumentListIR ) nameIR _objectInitializerOptIR ;)` be instantiationIR

..... Let `varTypeIR'?{varTypeIR' <- varTypeIR'?}` be `$find_var(p, TC_1, (` nameIR))`

..... If (varTypeIR'?{varTypeIR' <- varTypeIR'?} matches pattern (_)), then

...... Let `?(varTypeIR)` be varTypeIR'?{varTypeIR' <- varTypeIR'?}

...... Let `frame_init` be `$update_map<id, varTypeIR>(frame, nameIR, varTypeIR)`

...... Result in frame_init, rdenv, `instantiationIR` as objectDeclarationIR

relation Decls_object_ok: p, TC, frame', rdenv', objectDeclaration*{objectDeclaration <- objectDeclaration*}

. Case analysis on objectDeclaration*{objectDeclaration <- objectDeclaration*}
.. Case `objectDeclaration*{objectDeclaration <- objectDeclaration*}` matches pattern []
... Group nil: p, TC, frame, rdenv, []

.... Result in frame', rdenv', []

.. Case `objectDeclaration*{objectDeclaration <- objectDeclaration*}` matches pattern _ :: _
... Let `objectDeclaration_h :: objectDeclaration_t*{objectDeclaration_t <- objectDeclaration_t*}` be objectDeclaration*{objectDeclaration <- objectDeclaration*}

... Group cons: p, TC, frame_0, rdenv_0, objectDeclaration_h :: objectDeclaration_t*{}

.... (Decl_object_ok: p TC frame' rdenv' |- objectDeclaration_h : frame_1 rdenv_1 objectDeclarationIR_h)

.... (Decls_object_ok: p TC frame_1 rdenv_1 |- objectDeclaration_t*{objectDeclaration_t <- objectDeclaration_t*} : frame_2 rdenv_2 objectDeclarationIR_t*{objectDeclarationIR_t <- objectDeclarationIR_t*})

.... Result in frame_2, rdenv_2, objectDeclarationIR_h :: objectDeclarationIR_t*{objectDeclarationIR_t <- objectDeclarationIR_t*}

relation Enum_serializable_field_ok: TC_0, nameIR_enum, typeIR, (name = expression)

. Group : TC_0, nameIR_enum, typeIR, (name = expression)

.. Let [`typedExpressionIR` be the result of typing `expression`, under cursor `(block)` and typing context `TC_0`](Expr_ok)

.. Let `typedExpressionIR'?{typedExpressionIR' <- typedExpressionIR'?}` be `$coerce_unary(typedExpressionIR, typeIR)`

.. If (typedExpressionIR'?{typedExpressionIR' <- typedExpressionIR'?} matches pattern (_)), then

... Let `?(typedExpressionIR_cast)` be typedExpressionIR'?{typedExpressionIR' <- typedExpressionIR'?}

... Let `(_expressionIR # (( _typeIR ctk )))` be typedExpressionIR_cast

... If (ctk matches pattern `LCTK`), then

.... Let [`value` be the static evaluation of `typedExpressionIR_cast`, under cursor `(block)` and typing context `TC_0`](Eval_static)

.... Let `nameIR` be `$name(name)`

.... Let `typeIR_enum` be `(enum nameIR_enum # typeIR { [] })` as typeIR

.... Let `value_enum` be `(nameIR_enum . nameIR # value)` as value

.... Let `TC_1` be `$add_var((block), TC_0, nameIR, (() typeIR_enum (lctk) ?(value_enum)))`

.... Result in TC_1, (nameIR = typedExpressionIR_cast), value

relation Enum_serializable_fields_ok: TC', nameIR_enum, typeIR, namedExpression*{namedExpression <- namedExpression*}

. Case analysis on namedExpression*{namedExpression <- namedExpression*}
.. Case `namedExpression*{namedExpression <- namedExpression*}` matches pattern []
... Group nil: TC, nameIR_enum, typeIR, []

.... Result in TC', [], []

.. Case `namedExpression*{namedExpression <- namedExpression*}` matches pattern _ :: _
... Let `namedExpression_h :: namedExpression_t*{namedExpression_t <- namedExpression_t*}` be namedExpression*{namedExpression <- namedExpression*}

... Group cons: TC_0, nameIR_enum, typeIR, namedExpression_h :: namedExpression_t*{}

.... (Enum_serializable_field_ok: TC' nameIR_enum typeIR |- namedExpression_h : TC_1 namedExpressionIR_h # value_field_h)

.... (Enum_serializable_fields_ok: TC_1 nameIR_enum typeIR |- namedExpression_t*{namedExpression_t <- namedExpression_t*} : TC_2 namedExpressionIR_t*{namedExpressionIR_t <- namedExpressionIR_t*} # value_field_t*{value_field_t <- value_field_t*})

.... Let `namedExpressionIR*{namedExpressionIR <- namedExpressionIR*}` be namedExpressionIR_h :: namedExpressionIR_t*{namedExpressionIR_t <- namedExpressionIR_t*}

.... Let `value_field*{value_field <- value_field*}` be value_field_h :: value_field_t*{value_field_t <- value_field_t*}

.... Result in TC_2, namedExpressionIR*{namedExpressionIR <- namedExpressionIR*}, value_field*{value_field <- value_field*}

relation SelectCase_keyset_simple_ok: TC, typeIR_key, simpleKeysetExpression

. If (`simpleKeysetExpression` has type expression), then

.. Let `expression` be `simpleKeysetExpression` as expression

.. Group expression-set-alpha: TC, typeIR_key, `expression` as simpleKeysetExpression

... Let [`typedExpressionIR` be the result of typing `expression`, under cursor `(local)` and typing context `TC`](Expr_ok)

... Let `(_expressionIR # (( typeIR'' _ctk )))` be typedExpressionIR

... If (`typeIR''` has type setTypeIR), then

.... Let `(set< typeIR'*{typeIR' <- typeIR'*} >)` be `typeIR''` as setTypeIR

.... If (typeIR'*{typeIR' <- typeIR'*} matches pattern [ _/1 ]), then

..... Let `[typeIR]` be typeIR'*{typeIR' <- typeIR'*}

..... If (Type_alpha: typeIR ~~ typeIR_key) holds, then

...... Result in `typedExpressionIR` as simpleKeysetExpressionIR

.. Group expression-set-subtype: TC, typeIR_key, `expression` as simpleKeysetExpression

... Let [`typedExpressionIR` be the result of typing `expression`, under cursor `(local)` and typing context `TC`](Expr_ok)

... Let `(_expressionIR # (( typeIR'' _ctk )))` be typedExpressionIR

... If (`typeIR''` has type setTypeIR), then

.... Let `(set< typeIR'*{typeIR' <- typeIR'*} >)` be `typeIR''` as setTypeIR

.... If (typeIR'*{typeIR' <- typeIR'*} matches pattern [ _/1 ]), then

..... Let `[typeIR]` be typeIR'*{typeIR' <- typeIR'*}

..... If (Type_alpha: typeIR ~~ typeIR_key) does not hold, then

...... If (Sub_impl: typeIR <: typeIR_key) holds, then

....... Let `typeIR_cast` be `(set< [typeIR_key] >)` as typeIR

....... Let `typedExpressionIR_cast` be (`(( typeIR_cast ) typedExpressionIR)` as expressionIR # (( typeIR_cast (dyn) )))

....... Result in `typedExpressionIR_cast` as simpleKeysetExpressionIR

.. Group expression-non-set: TC, typeIR_key, `expression` as simpleKeysetExpression

... Let [`typedExpressionIR` be the result of typing `expression`, under cursor `(local)` and typing context `TC`](Expr_ok)

... Let `(_expressionIR # (( typeIR _ctk )))` be typedExpressionIR

... If (~`$is_set_typeIR(typeIR)`), then

.... If (Sub_impl: typeIR <: typeIR_key) holds, then

..... Let `typeIR_cast` be `(set< [typeIR_key] >)` as typeIR

..... Let `typedExpressionIR_cast` be (`(( typeIR_cast ) typedExpressionIR)` as expressionIR # (( typeIR_cast (dyn) )))

..... Result in `typedExpressionIR_cast` as simpleKeysetExpressionIR

. Case analysis on simpleKeysetExpression
.. Case `simpleKeysetExpression` matches pattern `%&&&%`
... Let `(expression_l &&& expression_r)` be simpleKeysetExpression

... Group mask: TC, typeIR_key, (expression_l &&& expression_r)

.... Let [`typedExpressionIR_l` be the result of typing `expression_l`, under cursor `(local)` and typing context `TC`](Expr_ok)

.... Let [`typedExpressionIR_r` be the result of typing `expression_r`, under cursor `(local)` and typing context `TC`](Expr_ok)

.... Let `(typedExpressionIR, typedExpressionIR)?{(typedExpressionIR, typedExpressionIR) <- (typedExpressionIR, typedExpressionIR)?}` be `$coerce_binary(typedExpressionIR_l, typedExpressionIR_r)`

.... If ((typedExpressionIR, typedExpressionIR)?{(typedExpressionIR, typedExpressionIR) <- (typedExpressionIR, typedExpressionIR)?} matches pattern (_)), then

..... Let `?((typedExpressionIR_l_cast, typedExpressionIR_r_cast))` be (typedExpressionIR, typedExpressionIR)?{(typedExpressionIR, typedExpressionIR) <- (typedExpressionIR, typedExpressionIR)?}

..... Let `(typedExpressionIR, typedExpressionIR)'?{(typedExpressionIR, typedExpressionIR)' <- (typedExpressionIR, typedExpressionIR)'?}` be `$reduce_serenum_binary(typedExpressionIR_l_cast, typedExpressionIR_r_cast, $compat_mask)`

..... If ((typedExpressionIR, typedExpressionIR)'?{(typedExpressionIR, typedExpressionIR)' <- (typedExpressionIR, typedExpressionIR)'?} matches pattern (_)), then

...... Let `?((typedExpressionIR_l_reduced, typedExpressionIR_r_reduced))` be (typedExpressionIR, typedExpressionIR)'?{(typedExpressionIR, typedExpressionIR)' <- (typedExpressionIR, typedExpressionIR)'?}

...... Let `(_expressionIR # (( typeIR_reduced _ctk )))` be typedExpressionIR_l_reduced

...... Let `typedExpressionIR?{typedExpressionIR <- typedExpressionIR?}` be `$coerce_unary(typedExpressionIR_l_reduced, typeIR_key)`

...... If (typedExpressionIR?{typedExpressionIR <- typedExpressionIR?} matches pattern (_)), then

....... Let `?(typedExpressionIR_l_coerced)` be typedExpressionIR?{typedExpressionIR <- typedExpressionIR?}

....... Let `typedExpressionIR'?{typedExpressionIR' <- typedExpressionIR'?}` be `$coerce_unary(typedExpressionIR_r_reduced, typeIR_key)`

....... If (typedExpressionIR'?{typedExpressionIR' <- typedExpressionIR'?} matches pattern (_)), then

........ Let `?(typedExpressionIR_r_coerced)` be typedExpressionIR'?{typedExpressionIR' <- typedExpressionIR'?}

........ Result in (typedExpressionIR_l_coerced &&& typedExpressionIR_r_coerced)

.. Case `simpleKeysetExpression` matches pattern `%..%`
... Let `(expression_l .. expression_r)` be simpleKeysetExpression

... Group range: TC, typeIR_key, (expression_l .. expression_r)

.... Let [`typedExpressionIR_l` be the result of typing `expression_l`, under cursor `(local)` and typing context `TC`](Expr_ok)

.... Let [`typedExpressionIR_r` be the result of typing `expression_r`, under cursor `(local)` and typing context `TC`](Expr_ok)

.... Let `(typedExpressionIR, typedExpressionIR)?{(typedExpressionIR, typedExpressionIR) <- (typedExpressionIR, typedExpressionIR)?}` be `$coerce_binary(typedExpressionIR_l, typedExpressionIR_r)`

.... If ((typedExpressionIR, typedExpressionIR)?{(typedExpressionIR, typedExpressionIR) <- (typedExpressionIR, typedExpressionIR)?} matches pattern (_)), then

..... Let `?((typedExpressionIR_l_cast, typedExpressionIR_r_cast))` be (typedExpressionIR, typedExpressionIR)?{(typedExpressionIR, typedExpressionIR) <- (typedExpressionIR, typedExpressionIR)?}

..... Let `(typedExpressionIR, typedExpressionIR)'?{(typedExpressionIR, typedExpressionIR)' <- (typedExpressionIR, typedExpressionIR)'?}` be `$reduce_serenum_binary(typedExpressionIR_l_cast, typedExpressionIR_r_cast, $compat_range)`

..... If ((typedExpressionIR, typedExpressionIR)'?{(typedExpressionIR, typedExpressionIR)' <- (typedExpressionIR, typedExpressionIR)'?} matches pattern (_)), then

...... Let `?((typedExpressionIR_l_reduced, typedExpressionIR_r_reduced))` be (typedExpressionIR, typedExpressionIR)'?{(typedExpressionIR, typedExpressionIR)' <- (typedExpressionIR, typedExpressionIR)'?}

...... Let `(_expressionIR # (( typeIR_reduced _ctk )))` be typedExpressionIR_l_reduced

...... Let `(_expressionIR' # (( typeIR _ctk' )))` be typedExpressionIR_r_reduced

...... If ((typeIR = typeIR_reduced)), then

....... Let `typedExpressionIR?{typedExpressionIR <- typedExpressionIR?}` be `$coerce_unary(typedExpressionIR_l_reduced, typeIR_key)`

....... If (typedExpressionIR?{typedExpressionIR <- typedExpressionIR?} matches pattern (_)), then

........ Let `?(typedExpressionIR_l_coerced)` be typedExpressionIR?{typedExpressionIR <- typedExpressionIR?}

........ Let `typedExpressionIR'?{typedExpressionIR' <- typedExpressionIR'?}` be `$coerce_unary(typedExpressionIR_r_reduced, typeIR_key)`

........ If (typedExpressionIR'?{typedExpressionIR' <- typedExpressionIR'?} matches pattern (_)), then

......... Let `?(typedExpressionIR_r_coerced)` be typedExpressionIR'?{typedExpressionIR' <- typedExpressionIR'?}

......... Result in (typedExpressionIR_l_coerced .. typedExpressionIR_r_coerced)

.. Case `simpleKeysetExpression` matches pattern `DEFAULT`
... Group default: TC, typeIR_key, (default)

.... Result in (default)

.. Case `simpleKeysetExpression` matches pattern `_`
... Group dontcare: TC, typeIR_key, (_)

.... Result in (_)

relation SelectCase_keyset_ok: TC, typeIR'''*{typeIR''' <- typeIR'''*}, keysetExpression

. If (typeIR'''*{typeIR''' <- typeIR'''*} matches pattern [ _/1 ]), then

.. Let `[typeIR_key]` be typeIR'''*{typeIR''' <- typeIR'''*}

.. Case analysis on keysetExpression
... Case `keysetExpression` has type expression
.... Let `expression` be `keysetExpression` as expression

.... Group simpleKeysetExpression-expression: TC, [typeIR_key], `expression` as keysetExpression

..... (SelectCase_keyset_simple_ok: TC typeIR_key |- `expression` as simpleKeysetExpression : simpleKeysetExpressionIR)

..... Result in `simpleKeysetExpressionIR` as keysetExpressionIR

... Case `keysetExpression` has type tupleKeysetExpression
.... Let `tupleKeysetExpression` be `keysetExpression` as tupleKeysetExpression

.... Case analysis on tupleKeysetExpression
..... Case `tupleKeysetExpression` matches pattern `(%&&&%)`
...... Let `(( expression_l &&& expression_r ))` be tupleKeysetExpression

...... Group tupleKeysetExpression-mask: TC, [typeIR_key], `(( expression_l &&& expression_r ))` as keysetExpression

....... (SelectCase_keyset_simple_ok: TC typeIR_key |- (expression_l &&& expression_r) : simpleKeysetExpressionIR)

....... Result in `(( [simpleKeysetExpressionIR] ))` as keysetExpressionIR

..... Case `tupleKeysetExpression` matches pattern `(%..%)`
...... Let `(( expression_l .. expression_r ))` be tupleKeysetExpression

...... Group tupleKeysetExpression-range: TC, [typeIR_key], `(( expression_l .. expression_r ))` as keysetExpression

....... (SelectCase_keyset_simple_ok: TC typeIR_key |- (expression_l .. expression_r) : simpleKeysetExpressionIR)

....... Result in `(( [simpleKeysetExpressionIR] ))` as keysetExpressionIR

.. If (`keysetExpression` has type simpleKeysetExpression), then

... Let `simpleKeysetExpression` be `keysetExpression` as simpleKeysetExpression

... Case analysis on simpleKeysetExpression
.... Case `simpleKeysetExpression` matches pattern `%&&&%`
..... Let `(expression_l &&& expression_r)` be simpleKeysetExpression

..... Group simpleKeysetExpression-mask: TC, [typeIR_key], `(expression_l &&& expression_r)` as keysetExpression

...... (SelectCase_keyset_simple_ok: TC typeIR_key |- (expression_l &&& expression_r) : simpleKeysetExpressionIR)

...... Result in `simpleKeysetExpressionIR` as keysetExpressionIR

.... Case `simpleKeysetExpression` matches pattern `%..%`
..... Let `(expression_l .. expression_r)` be simpleKeysetExpression

..... Group simpleKeysetExpression-range: TC, [typeIR_key], `(expression_l .. expression_r)` as keysetExpression

...... (SelectCase_keyset_simple_ok: TC typeIR_key |- (expression_l .. expression_r) : simpleKeysetExpressionIR)

...... Result in `simpleKeysetExpressionIR` as keysetExpressionIR

. Case analysis on keysetExpression
.. Case `keysetExpression` has type simpleKeysetExpression
... Let `simpleKeysetExpression` be `keysetExpression` as simpleKeysetExpression

... Case analysis on simpleKeysetExpression
.... Case `simpleKeysetExpression` matches pattern `DEFAULT`
..... Group simpleKeysetExpression-default: TC, typeIR'*{}, `(default)` as keysetExpression

...... If (([] = typeIR'''*{typeIR''' <- typeIR'''*})), then

....... Result in `(default)` as keysetExpressionIR

...... Let `typeIR''*{typeIR'' <- typeIR''*}` be typeIR'''*{typeIR''' <- typeIR'''*}

...... If (typeIR''*{typeIR'' <- typeIR''*} matches pattern [ _/1 ]), then

....... Let `[typeIR_key]` be typeIR''*{typeIR'' <- typeIR''*}

....... (SelectCase_keyset_simple_ok: TC typeIR_key |- (default) : simpleKeysetExpressionIR)

....... Result in `simpleKeysetExpressionIR` as keysetExpressionIR

...... If ((|typeIR''*{typeIR'' <- typeIR''*}| > 1)), then

....... (SelectCase_keyset_simple_ok: TC `(seq< typeIR''*{typeIR'' <- typeIR''*} >)` as typeIR |- (default) : simpleKeysetExpressionIR)

....... Result in `simpleKeysetExpressionIR` as keysetExpressionIR

.... Case `simpleKeysetExpression` matches pattern `_`
..... Group simpleKeysetExpression-dontcare: TC, typeIR*{}, `(_)` as keysetExpression

...... Let `typeIR'*{typeIR' <- typeIR'*}` be typeIR'''*{typeIR''' <- typeIR'''*}

...... If (typeIR'*{typeIR' <- typeIR'*} matches pattern [ _/1 ]), then

....... Let `[typeIR_key]` be typeIR'*{typeIR' <- typeIR'*}

....... (SelectCase_keyset_simple_ok: TC typeIR_key |- (_) : simpleKeysetExpressionIR)

....... Result in `simpleKeysetExpressionIR` as keysetExpressionIR

...... If ((|typeIR'*{typeIR' <- typeIR'*}| > 1)), then

....... (SelectCase_keyset_simple_ok: TC `(seq< typeIR'*{typeIR' <- typeIR'*} >)` as typeIR |- (_) : simpleKeysetExpressionIR)

....... Result in `simpleKeysetExpressionIR` as keysetExpressionIR

.. Case `keysetExpression` has type tupleKeysetExpression
... Let `tupleKeysetExpression` be `keysetExpression` as tupleKeysetExpression

... Case analysis on tupleKeysetExpression
.... Case `tupleKeysetExpression` matches pattern `(DEFAULT)`
..... Group tupleKeysetExpression-default: TC, typeIR*{}, `((default))` as keysetExpression

...... Let `typeIR'*{typeIR' <- typeIR'*}` be typeIR'''*{typeIR''' <- typeIR'''*}

...... If (typeIR'*{typeIR' <- typeIR'*} matches pattern [ _/1 ]), then

....... Let `[typeIR_key]` be typeIR'*{typeIR' <- typeIR'*}

....... (SelectCase_keyset_simple_ok: TC typeIR_key |- (default) : simpleKeysetExpressionIR)

....... Result in `(( [simpleKeysetExpressionIR] ))` as keysetExpressionIR

...... If ((|typeIR'*{typeIR' <- typeIR'*}| > 1)), then

....... (SelectCase_keyset_simple_ok: TC `(seq< typeIR'*{typeIR' <- typeIR'*} >)` as typeIR |- (default) : simpleKeysetExpressionIR)

....... Result in `(( [simpleKeysetExpressionIR] ))` as keysetExpressionIR

.... Case `tupleKeysetExpression` matches pattern `(_)`
..... Group tupleKeysetExpression-dontcare: TC, typeIR*{}, `((_))` as keysetExpression

...... Let `typeIR'*{typeIR' <- typeIR'*}` be typeIR'''*{typeIR''' <- typeIR'''*}

...... If (typeIR'*{typeIR' <- typeIR'*} matches pattern [ _/1 ]), then

....... Let `[typeIR_key]` be typeIR'*{typeIR' <- typeIR'*}

....... (SelectCase_keyset_simple_ok: TC typeIR_key |- (_) : simpleKeysetExpressionIR)

....... Result in `(( [simpleKeysetExpressionIR] ))` as keysetExpressionIR

...... If ((|typeIR'*{typeIR' <- typeIR'*}| > 1)), then

....... (SelectCase_keyset_simple_ok: TC `(seq< typeIR'*{typeIR' <- typeIR'*} >)` as typeIR |- (_) : simpleKeysetExpressionIR)

....... Result in `(( [simpleKeysetExpressionIR] ))` as keysetExpressionIR

.... Case `tupleKeysetExpression` matches pattern `(%,%)`
..... Let `(( simpleKeysetExpression_h , simpleKeysetExpressionList_t ))` be tupleKeysetExpression

..... Group tupleKeysetExpression-list: TC, typeIR_key*{}, `(( simpleKeysetExpression_h , simpleKeysetExpressionList_t ))` as keysetExpression

...... Let `simpleKeysetExpression_t*{simpleKeysetExpression_t <- simpleKeysetExpression_t*}` be `$flatten_simpleKeysetExpressionList(simpleKeysetExpressionList_t)`

...... Let `simpleKeysetExpression*{simpleKeysetExpression <- simpleKeysetExpression*}` be simpleKeysetExpression_h :: simpleKeysetExpression_t*{simpleKeysetExpression_t <- simpleKeysetExpression_t*}

...... If ((|typeIR'''*{typeIR''' <- typeIR'''*}| = |simpleKeysetExpression*{simpleKeysetExpression <- simpleKeysetExpression*}|)), then

Let , obtained by repeating:
 ....... (SelectCase_keyset_simple_ok: TC typeIR''' |- simpleKeysetExpression : simpleKeysetExpressionIR)
for each `simpleKeysetExpression` in `simpleKeysetExpression*` and `simpleKeysetExpressionIR` in `simpleKeysetExpressionIR*` and `typeIR'''` in `typeIR'''*`

....... Result in `(( simpleKeysetExpressionIR*{simpleKeysetExpressionIR <- simpleKeysetExpressionIR*} ))` as keysetExpressionIR

relation SelectCase_ok: TC, nameIR_state*{nameIR_state <- nameIR_state*}, typeIR_key*{typeIR_key <- typeIR_key*}, (keysetExpression : name ;)

. Group : TC, nameIR_state*{}, typeIR_key*{}, (keysetExpression : name ;)

.. (SelectCase_keyset_ok: TC typeIR_key*{typeIR_key <- typeIR_key*} |- keysetExpression : keysetExpressionIR)

.. Let `nameIR` be `$name(name)`

.. If (nameIR is in nameIR_state*{nameIR_state <- nameIR_state*}), then

... Result in (keysetExpressionIR : nameIR ;)

relation TableEntry_keyset_simple_ok: TC, TBLC, (typeIR_key, text), simpleKeysetExpression

. If (`simpleKeysetExpression` has type expression), then

.. Let `expression` be `simpleKeysetExpression` as expression

.. Group expression: TC, TBLC, (typeIR_key, text), `expression` as simpleKeysetExpression

... Case analysis on "lpm"
.... Case "lpm" = text
..... Let `matchMode` be TBLC.mode

..... If (matchMode matches pattern `NOPRILPM%`), then

...... Let `(noprilpm n)` be matchMode

...... Let [`typedExpressionIR` be the result of typing `expression`, under cursor `(local)` and typing context `TC`](Expr_ok)

...... Let `(_expressionIR # (( typeIR ctk )))` be typedExpressionIR

...... If (Sub_impl: typeIR <: typeIR_key) holds, then

....... Let `typeIR_set` be `(set< [typeIR_key] >)` as typeIR

....... Let `typedExpressionIR_set` be (`(( typeIR_set ) typedExpressionIR)` as expressionIR # (( typeIR_set ctk )))

....... Result in (lpm n), `typedExpressionIR_set` as simpleKeysetExpressionIR

.... Case "lpm" =/= text
..... Let [`typedExpressionIR` be the result of typing `expression`, under cursor `(local)` and typing context `TC`](Expr_ok)

..... Let `(_expressionIR # (( typeIR ctk )))` be typedExpressionIR

..... If (Sub_impl: typeIR <: typeIR_key) holds, then

...... Let `typeIR_set` be `(set< [typeIR_key] >)` as typeIR

...... Let `typedExpressionIR_set` be (`(( typeIR_set ) typedExpressionIR)` as expressionIR # (( typeIR_set ctk )))

...... Result in (nolpm), `typedExpressionIR_set` as simpleKeysetExpressionIR

. Case analysis on simpleKeysetExpression
.. Case `simpleKeysetExpression` matches pattern `%&&&%`
... Let `(expression_l &&& expression_r)` be simpleKeysetExpression

... Group mask: TC, TBLC, (typeIR_key, text), (expression_l &&& expression_r)

.... If (("lpm" = text)), then

..... Let `matchMode` be TBLC.mode

..... If (matchMode matches pattern `NOPRILPM%`), then

...... Let `(noprilpm n)` be matchMode

...... Let [`typedExpressionIR_l` be the result of typing `expression_l`, under cursor `(local)` and typing context `TC`](Expr_ok)

...... Let [`typedExpressionIR_r` be the result of typing `expression_r`, under cursor `(local)` and typing context `TC`](Expr_ok)

...... Let `(typedExpressionIR, typedExpressionIR)?{(typedExpressionIR, typedExpressionIR) <- (typedExpressionIR, typedExpressionIR)?}` be `$coerce_binary(typedExpressionIR_l, typedExpressionIR_r)`

...... If ((typedExpressionIR, typedExpressionIR)?{(typedExpressionIR, typedExpressionIR) <- (typedExpressionIR, typedExpressionIR)?} matches pattern (_)), then

....... Let `?((typedExpressionIR_l_cast, typedExpressionIR_r_cast))` be (typedExpressionIR, typedExpressionIR)?{(typedExpressionIR, typedExpressionIR) <- (typedExpressionIR, typedExpressionIR)?}

....... Let `(typedExpressionIR, typedExpressionIR)'?{(typedExpressionIR, typedExpressionIR)' <- (typedExpressionIR, typedExpressionIR)'?}` be `$reduce_serenum_binary(typedExpressionIR_l_cast, typedExpressionIR_r_cast, $compat_mask)`

....... If ((typedExpressionIR, typedExpressionIR)'?{(typedExpressionIR, typedExpressionIR)' <- (typedExpressionIR, typedExpressionIR)'?} matches pattern (_)), then

........ Let `?((typedExpressionIR_l_reduced, typedExpressionIR_r_reduced))` be (typedExpressionIR, typedExpressionIR)'?{(typedExpressionIR, typedExpressionIR)' <- (typedExpressionIR, typedExpressionIR)'?}

........ Let `(_expressionIR # (( typeIR_reduced ctk_r_reduced )))` be typedExpressionIR_r_reduced

........ If (Sub_impl: typeIR_reduced <: typeIR_key) holds, then

......... If (ctk_r_reduced matches pattern `LCTK`), then

.......... Let [`value_r` be the static evaluation of `typedExpressionIR_r_reduced`, under cursor `(local)` and typing context `TC`](Eval_static)

.......... Let `i_r` be `$to_number(value_r)`

.......... Let `n_prefix` be `$tableEntry_lpm_prefix(`(n w `$to_bitstr(`n` as int, i_r)`)` as value)`

.......... Result in (lpm n_prefix), (typedExpressionIR_l_reduced &&& typedExpressionIR_r_reduced)

.... If (("ternary" = text)), then

..... Let [`typedExpressionIR_l` be the result of typing `expression_l`, under cursor `(local)` and typing context `TC`](Expr_ok)

..... Let [`typedExpressionIR_r` be the result of typing `expression_r`, under cursor `(local)` and typing context `TC`](Expr_ok)

..... Let `(typedExpressionIR, typedExpressionIR)?{(typedExpressionIR, typedExpressionIR) <- (typedExpressionIR, typedExpressionIR)?}` be `$coerce_binary(typedExpressionIR_l, typedExpressionIR_r)`

..... If ((typedExpressionIR, typedExpressionIR)?{(typedExpressionIR, typedExpressionIR) <- (typedExpressionIR, typedExpressionIR)?} matches pattern (_)), then

...... Let `?((typedExpressionIR_l_cast, typedExpressionIR_r_cast))` be (typedExpressionIR, typedExpressionIR)?{(typedExpressionIR, typedExpressionIR) <- (typedExpressionIR, typedExpressionIR)?}

...... Let `(typedExpressionIR, typedExpressionIR)'?{(typedExpressionIR, typedExpressionIR)' <- (typedExpressionIR, typedExpressionIR)'?}` be `$reduce_serenum_binary(typedExpressionIR_l_cast, typedExpressionIR_r_cast, $compat_mask)`

...... If ((typedExpressionIR, typedExpressionIR)'?{(typedExpressionIR, typedExpressionIR)' <- (typedExpressionIR, typedExpressionIR)'?} matches pattern (_)), then

....... Let `?((typedExpressionIR_l_reduced, typedExpressionIR_r_reduced))` be (typedExpressionIR, typedExpressionIR)'?{(typedExpressionIR, typedExpressionIR)' <- (typedExpressionIR, typedExpressionIR)'?}

....... Let `(_expressionIR # (( typeIR_reduced ctk_r_reduced )))` be typedExpressionIR_r_reduced

....... If (Sub_impl: typeIR_reduced <: typeIR_key) holds, then

........ Result in (nolpm), (typedExpressionIR_l_reduced &&& typedExpressionIR_r_reduced)

.. Case `simpleKeysetExpression` matches pattern `DEFAULT`
... Group default: TC, TBLC, (typeIR_key, text), (default)

.... Case analysis on "lpm"
..... Case "lpm" = text
...... Let `matchMode` be TBLC.mode

...... If (matchMode matches pattern `NOPRILPM%`), then

....... Let `(noprilpm n)` be matchMode

....... Result in (lpm n), (default)

..... Case "lpm" =/= text
...... If ((text =/= "exact")), then

....... Result in (nolpm), (default)

.. Case `simpleKeysetExpression` matches pattern `_`
... Group dontcare: TC, TBLC, (typeIR_key, text), (_)

.... Case analysis on "lpm"
..... Case "lpm" = text
...... Let `matchMode` be TBLC.mode

...... If (matchMode matches pattern `NOPRILPM%`), then

....... Let `(noprilpm _nat)` be matchMode

....... Result in (lpm 0), (_)

..... Case "lpm" =/= text
...... If ((text =/= "exact")), then

....... Result in (nolpm), (_)

. If ((text = "range")), then

.. If (simpleKeysetExpression matches pattern `%..%`), then

... Let `(expression_l .. expression_r)` be simpleKeysetExpression

... Group range-range: TC, TBLC, (typeIR_key, "range"), (expression_l .. expression_r)

.... Let [`typedExpressionIR_l` be the result of typing `expression_l`, under cursor `(local)` and typing context `TC`](Expr_ok)

.... Let [`typedExpressionIR_r` be the result of typing `expression_r`, under cursor `(local)` and typing context `TC`](Expr_ok)

.... Let `(typedExpressionIR, typedExpressionIR)?{(typedExpressionIR, typedExpressionIR) <- (typedExpressionIR, typedExpressionIR)?}` be `$coerce_binary(typedExpressionIR_l, typedExpressionIR_r)`

.... If ((typedExpressionIR, typedExpressionIR)?{(typedExpressionIR, typedExpressionIR) <- (typedExpressionIR, typedExpressionIR)?} matches pattern (_)), then

..... Let `?((typedExpressionIR_l_cast, typedExpressionIR_r_cast))` be (typedExpressionIR, typedExpressionIR)?{(typedExpressionIR, typedExpressionIR) <- (typedExpressionIR, typedExpressionIR)?}

..... Let `(typedExpressionIR, typedExpressionIR)'?{(typedExpressionIR, typedExpressionIR)' <- (typedExpressionIR, typedExpressionIR)'?}` be `$reduce_serenum_binary(typedExpressionIR_l_cast, typedExpressionIR_r_cast, $compat_range)`

..... If ((typedExpressionIR, typedExpressionIR)'?{(typedExpressionIR, typedExpressionIR)' <- (typedExpressionIR, typedExpressionIR)'?} matches pattern (_)), then

...... Let `?((typedExpressionIR_l_reduced, typedExpressionIR_r_reduced))` be (typedExpressionIR, typedExpressionIR)'?{(typedExpressionIR, typedExpressionIR)' <- (typedExpressionIR, typedExpressionIR)'?}

...... Let `(_expressionIR # (( typeIR_reduced ctk_r_reduced )))` be typedExpressionIR_r_reduced

...... If (Sub_impl: typeIR_reduced <: typeIR_key) holds, then

....... Result in (nolpm), (typedExpressionIR_l_reduced .. typedExpressionIR_r_reduced)

relation TableEntry_keysets_simple_ok: TC, TBLC, TBLS', matchKey*{matchKey <- matchKey*}, simpleKeysetExpression*{simpleKeysetExpression <- simpleKeysetExpression*}

. Case analysis on matchKey*{matchKey <- matchKey*}
.. Case `matchKey*{matchKey <- matchKey*}` matches pattern []
... If (simpleKeysetExpression*{simpleKeysetExpression <- simpleKeysetExpression*} matches pattern []), then

.... Group nil: TC, TBLC, TBLS, [], []

..... Result in TBLS', []

.. Case `matchKey*{matchKey <- matchKey*}` matches pattern _ :: _
... Let `matchKey_h :: matchKey_t*{matchKey_t <- matchKey_t*}` be matchKey*{matchKey <- matchKey*}

... If (simpleKeysetExpression*{simpleKeysetExpression <- simpleKeysetExpression*} matches pattern _ :: _), then

.... Let `simpleKeysetExpression_h :: simpleKeysetExpression_t*{simpleKeysetExpression_t <- simpleKeysetExpression_t*}` be simpleKeysetExpression*{simpleKeysetExpression <- simpleKeysetExpression*}

.... Group cons: TC, TBLC, TBLS_0, matchKey_h :: matchKey_t*{}, simpleKeysetExpression_h :: simpleKeysetExpression_t*{}

..... (TableEntry_keyset_simple_ok: TC TBLC |- matchKey_h @ simpleKeysetExpression_h : TBLS_1 simpleKeysetExpressionIR_h)

..... Let `TBLS_2` be `$join_tableEntryState(TBLS', TBLS_1)`

..... (TableEntry_keysets_simple_ok: TC TBLC TBLS_2 |- matchKey_t*{matchKey_t <- matchKey_t*} @ simpleKeysetExpression_t*{simpleKeysetExpression_t <- simpleKeysetExpression_t*} : TBLS_3 simpleKeysetExpressionIR_t*{simpleKeysetExpressionIR_t <- simpleKeysetExpressionIR_t*})

..... Result in TBLS_3, simpleKeysetExpressionIR_h :: simpleKeysetExpressionIR_t*{simpleKeysetExpressionIR_t <- simpleKeysetExpressionIR_t*}

relation Expr_lvalue_ok: p, TC, (expressionIR # (( _typeIR _ctk )))

. Case analysis on expressionIR
.. Case `expressionIR` has type prefixedNameIR
... Let `prefixedNameIR` be `expressionIR` as prefixedNameIR

... Group referenceExpressionIR: p, TC, (`prefixedNameIR` as expressionIR # (( _typeIR _ctk )))

.... Let `varTypeIR?{varTypeIR <- varTypeIR?}` be `$find_var(p, TC, prefixedNameIR)`

.... If (varTypeIR?{varTypeIR <- varTypeIR?} matches pattern (_)), then

..... Let `?((direction _typeIR' ctk _value?{_value <- _value?}))` be varTypeIR?{varTypeIR <- varTypeIR?}

..... If (ctk matches pattern `DYN`), then

...... Case analysis on direction
....... Case `direction` matches pattern `OUT`
........ The relation holds

....... Case `direction` matches pattern `INOUT`
........ The relation holds

.. Case `expressionIR` has type memberAccessExpressionIR
... Let `(memberAccessBaseIR . nameIR)` be `expressionIR` as memberAccessExpressionIR

... If (`memberAccessBaseIR` has type typedExpressionIR), then

.... Let `typedExpressionIR_base` be `memberAccessBaseIR` as typedExpressionIR

.... Group accessExpressionIR-memberAccessExpressionIR: p, TC, (`(`typedExpressionIR_base` as memberAccessBaseIR . nameIR)` as expressionIR # (( _typeIR _ctk )))

..... If (Expr_lvalue_ok: p TC |- typedExpressionIR_base) holds, then

...... Let `(_expressionIR # (( typeIR_base _ctk' )))` be typedExpressionIR_base

...... Let `typeIR'` be `$canon(typeIR_base)`

...... If (`typeIR'` has type headerStackTypeIR), then

....... Let `(typeIR [ _nat ])` be `typeIR'` as headerStackTypeIR

....... Case analysis on nameIR
........ Case nameIR = "next"
......... If ((p = (block)) /\ `$is_parser_blockKind(TC.block.kind)`), then

.......... The relation holds

......... If ((p = (local)) /\ `$is_parser_state_localKind(TC.local.kind)`), then

.......... The relation holds

........ Case nameIR = "last"
......... If ((p = (block)) /\ `$is_parser_blockKind(TC.block.kind)`), then

.......... The relation holds

......... If ((p = (local)) /\ `$is_parser_state_localKind(TC.local.kind)`), then

.......... The relation holds

...... If (~`$is_headerStackTypeIR(`$canon(typeIR_base)`)`), then

....... The relation holds

.. Case `expressionIR` has type indexAccessExpressionIR
... Let `indexAccessExpressionIR` be `expressionIR` as indexAccessExpressionIR

... Case analysis on indexAccessExpressionIR
.... Case `indexAccessExpressionIR` matches pattern `%[%]`
..... Let `(typedExpressionIR_base [ typedExpressionIR_index ])` be indexAccessExpressionIR

..... Group accessExpressionIR-indexAccessExpressionIR: p, TC, (`(typedExpressionIR_base [ typedExpressionIR_index ])` as expressionIR # (( _typeIR _ctk )))

...... If (Expr_lvalue_ok: p TC |- typedExpressionIR_base) holds, then

....... The relation holds

.... Case `indexAccessExpressionIR` matches pattern `%[%:%]`
..... Let `(typedExpressionIR_base [ typedExpressionIR_hi : typedExpressionIR_lo ])` be indexAccessExpressionIR

..... Group accessExpressionIR-indexAccessExpressionIR-bitslice: p, TC, (`(typedExpressionIR_base [ typedExpressionIR_hi : typedExpressionIR_lo ])` as expressionIR # (( _typeIR _ctk )))

...... If (Expr_lvalue_ok: p TC |- typedExpressionIR_base) holds, then

....... The relation holds

relation Expr_inst: p, IC, STO', (expressionIR # _expressionNoteIR')

. Case analysis on expressionIR
.. Case `expressionIR` has type booleanLiteral
... Let `booleanLiteral` be `expressionIR` as booleanLiteral

... Group literalExpressionIR-boolean: p, IC, STO, (`booleanLiteral` as expressionIR # _expressionNoteIR)

.... Case analysis on booleanLiteral
..... Case `booleanLiteral` matches pattern `TRUE`
...... Result in STO', `(b true)` as value

..... Case `booleanLiteral` matches pattern `FALSE`
...... Result in STO', `(b false)` as value

.. Case `expressionIR` has type numberLiteral
... Let `numberLiteral` be `expressionIR` as numberLiteral

... Group literalExpression-number: p, IC, STO, (`numberLiteral` as expressionIR # _expressionNoteIR)

.... Case analysis on numberLiteral
..... Case `numberLiteral` matches pattern `D%`
...... Let `(d i)` be numberLiteral

...... Result in STO', `(d i)` as value

..... Case `numberLiteral` matches pattern `%W%`
...... Let `(n w i)` be numberLiteral

...... Result in STO', `(n w i)` as value

..... Case `numberLiteral` matches pattern `%S%`
...... Let `(n s i)` be numberLiteral

...... Result in STO', `(n s i)` as value

.. Case `expressionIR` has type stringLiteral
... Let `(" text ")` be `expressionIR` as stringLiteral

... Group literalExpressionIR-stringLiteral: p, IC, STO, (`(" text ")` as expressionIR # _expressionNoteIR)

.... Result in STO', `(" text ")` as value

.. Case `expressionIR` has type prefixedNameIR
... Let `prefixedNameIR` be `expressionIR` as prefixedNameIR

... Group referenceExpressionIR: p, IC, STO, (`prefixedNameIR` as expressionIR # _expressionNoteIR)

.... Let `value` be `$find_value_inst(p, IC, prefixedNameIR)`

.... Result in STO', value

.. Case `expressionIR` has type defaultExpression
... Let `defaultExpression` be `expressionIR` as defaultExpression

... Group defaultExpressionIR: p, IC, STO, (`(...)` as expressionIR # _expressionNoteIR)

.... Result in STO', `(default)` as value

.. Case `expressionIR` has type unaryExpressionIR
... Let `(unop typedExpressionIR)` be `expressionIR` as unaryExpressionIR

... Group unaryExpressionIR: p, IC, STO_0, (`(unop typedExpressionIR)` as expressionIR # _expressionNoteIR)

.... Case analysis on unop
..... Case `unop` matches pattern `~`
...... (Expr_inst: p IC STO' |- typedExpressionIR ==> STO_1 value)

...... Result in STO_1, `$un_bnot(value)`

..... Case `unop` matches pattern `!`
...... (Expr_inst: p IC STO' |- typedExpressionIR ==> STO_1 value)

...... Result in STO_1, `$un_lnot(value)`

..... Case `unop` matches pattern `+`
...... (Expr_inst: p IC STO' |- typedExpressionIR ==> STO_1 value)

...... Result in STO_1, `$un_plus(value)`

..... Case `unop` matches pattern `-`
...... (Expr_inst: p IC STO' |- typedExpressionIR ==> STO_1 value)

...... Result in STO_1, `$un_minus(value)`

.. Case `expressionIR` has type binaryExpressionIR
... Let `(typedExpressionIR_l binop typedExpressionIR_r)` be `expressionIR` as binaryExpressionIR

... Group binaryExpressionIR: p, IC, STO_0, (`(typedExpressionIR_l binop typedExpressionIR_r)` as expressionIR # _expressionNoteIR)

.... Case analysis on binop
..... Case `binop` matches pattern `+`
...... (Expr_inst: p IC STO' |- typedExpressionIR_l ==> STO_1 value_l)

...... (Expr_inst: p IC STO_1 |- typedExpressionIR_r ==> STO_2 value_r)

...... Result in STO_2, `$bin_plus(value_l, value_r)`

..... Case `binop` matches pattern `|+|`
...... (Expr_inst: p IC STO' |- typedExpressionIR_l ==> STO_1 value_l)

...... (Expr_inst: p IC STO_1 |- typedExpressionIR_r ==> STO_2 value_r)

...... Result in STO_2, `$bin_satplus(value_l, value_r)`

..... Case `binop` matches pattern `-`
...... (Expr_inst: p IC STO' |- typedExpressionIR_l ==> STO_1 value_l)

...... (Expr_inst: p IC STO_1 |- typedExpressionIR_r ==> STO_2 value_r)

...... Result in STO_2, `$bin_minus(value_l, value_r)`

..... Case `binop` matches pattern `|-|`
...... (Expr_inst: p IC STO' |- typedExpressionIR_l ==> STO_1 value_l)

...... (Expr_inst: p IC STO_1 |- typedExpressionIR_r ==> STO_2 value_r)

...... Result in STO_2, `$bin_satminus(value_l, value_r)`

..... Case `binop` matches pattern `*`
...... (Expr_inst: p IC STO' |- typedExpressionIR_l ==> STO_1 value_l)

...... (Expr_inst: p IC STO_1 |- typedExpressionIR_r ==> STO_2 value_r)

...... Result in STO_2, `$bin_mul(value_l, value_r)`

..... Case `binop` matches pattern `/`
...... (Expr_inst: p IC STO' |- typedExpressionIR_l ==> STO_1 value_l)

...... (Expr_inst: p IC STO_1 |- typedExpressionIR_r ==> STO_2 value_r)

...... Result in STO_2, `$bin_div(value_l, value_r)`

..... Case `binop` matches pattern `%`
...... (Expr_inst: p IC STO' |- typedExpressionIR_l ==> STO_1 value_l)

...... (Expr_inst: p IC STO_1 |- typedExpressionIR_r ==> STO_2 value_r)

...... Result in STO_2, `$bin_mod(value_l, value_r)`

..... Case `binop` matches pattern `<<`
...... (Expr_inst: p IC STO' |- typedExpressionIR_l ==> STO_1 value_l)

...... (Expr_inst: p IC STO_1 |- typedExpressionIR_r ==> STO_2 value_r)

...... Result in STO_2, `$bin_shl(value_l, value_r)`

..... Case `binop` matches pattern `>>`
...... (Expr_inst: p IC STO' |- typedExpressionIR_l ==> STO_1 value_l)

...... (Expr_inst: p IC STO_1 |- typedExpressionIR_r ==> STO_2 value_r)

...... Result in STO_2, `$bin_shr(value_l, value_r)`

..... Case `binop` matches pattern `<=`
...... (Expr_inst: p IC STO' |- typedExpressionIR_l ==> STO_1 value_l)

...... (Expr_inst: p IC STO_1 |- typedExpressionIR_r ==> STO_2 value_r)

...... Result in STO_2, `(b `$bin_le(value_l, value_r)`)` as value

..... Case `binop` matches pattern `>=`
...... (Expr_inst: p IC STO' |- typedExpressionIR_l ==> STO_1 value_l)

...... (Expr_inst: p IC STO_1 |- typedExpressionIR_r ==> STO_2 value_r)

...... Result in STO_2, `(b `$bin_ge(value_l, value_r)`)` as value

..... Case `binop` matches pattern `<`
...... (Expr_inst: p IC STO' |- typedExpressionIR_l ==> STO_1 value_l)

...... (Expr_inst: p IC STO_1 |- typedExpressionIR_r ==> STO_2 value_r)

...... Result in STO_2, `(b `$bin_lt(value_l, value_r)`)` as value

..... Case `binop` matches pattern `>`
...... (Expr_inst: p IC STO' |- typedExpressionIR_l ==> STO_1 value_l)

...... (Expr_inst: p IC STO_1 |- typedExpressionIR_r ==> STO_2 value_r)

...... Result in STO_2, `(b `$bin_gt(value_l, value_r)`)` as value

..... Case `binop` matches pattern `==`
...... (Expr_inst: p IC STO' |- typedExpressionIR_l ==> STO_1 value_l)

...... (Expr_inst: p IC STO_1 |- typedExpressionIR_r ==> STO_2 value_r)

...... Result in STO_2, `(b `$bin_eq(value_l, value_r)`)` as value

..... Case `binop` matches pattern `!=`
...... (Expr_inst: p IC STO' |- typedExpressionIR_l ==> STO_1 value_l)

...... (Expr_inst: p IC STO_1 |- typedExpressionIR_r ==> STO_2 value_r)

...... Result in STO_2, `(b `$bin_ne(value_l, value_r)`)` as value

..... Case `binop` matches pattern `&`
...... (Expr_inst: p IC STO' |- typedExpressionIR_l ==> STO_1 value_l)

...... (Expr_inst: p IC STO_1 |- typedExpressionIR_r ==> STO_2 value_r)

...... Result in STO_2, `$bin_band(value_l, value_r)`

..... Case `binop` matches pattern `^`
...... (Expr_inst: p IC STO' |- typedExpressionIR_l ==> STO_1 value_l)

...... (Expr_inst: p IC STO_1 |- typedExpressionIR_r ==> STO_2 value_r)

...... Result in STO_2, `$bin_bxor(value_l, value_r)`

..... Case `binop` matches pattern `|`
...... (Expr_inst: p IC STO' |- typedExpressionIR_l ==> STO_1 value_l)

...... (Expr_inst: p IC STO_1 |- typedExpressionIR_r ==> STO_2 value_r)

...... Result in STO_2, `$bin_bor(value_l, value_r)`

..... Case `binop` matches pattern `++`
...... (Expr_inst: p IC STO' |- typedExpressionIR_l ==> STO_1 value_l)

...... (Expr_inst: p IC STO_1 |- typedExpressionIR_r ==> STO_2 value_r)

...... Result in STO_2, `$bin_concat(value_l, value_r)`

..... Case `binop` matches pattern `&&`
...... (Expr_inst: p IC STO' |- typedExpressionIR_l ==> STO_1 value_l)

...... (Expr_inst: p IC STO_1 |- typedExpressionIR_r ==> STO_2 value_r)

...... Result in STO_2, `$bin_land(value_l, value_r)`

..... Case `binop` matches pattern `||`
...... (Expr_inst: p IC STO' |- typedExpressionIR_l ==> STO_1 value_l)

...... (Expr_inst: p IC STO_1 |- typedExpressionIR_r ==> STO_2 value_r)

...... Result in STO_2, `$bin_lor(value_l, value_r)`

.. Case `expressionIR` has type ternaryExpressionIR
... Let `(typedExpressionIR_cond ? typedExpressionIR_true : typedExpressionIR_false)` be `expressionIR` as ternaryExpressionIR

... Group ternaryExpressionIR: p, IC, STO_0, (`(typedExpressionIR_cond ? typedExpressionIR_true : typedExpressionIR_false)` as expressionIR # _expressionNoteIR)

.... (Expr_inst: p IC STO' |- typedExpressionIR_cond ==> STO_1 value)

.... If ((value = `(b true)` as value)), then

..... (Expr_inst: p IC STO_1 |- typedExpressionIR_true ==> STO_2 value_true)

..... Result in STO_2, value_true

.... If ((value = `(b false)` as value)), then

..... (Expr_inst: p IC STO_1 |- typedExpressionIR_false ==> STO_2 value_false)

..... Result in STO_2, value_false

.. Case `expressionIR` has type castExpressionIR
... Let `(( typeIR ) typedExpressionIR)` be `expressionIR` as castExpressionIR

... Group castExpressionIR: p, IC, STO_0, (`(( typeIR ) typedExpressionIR)` as expressionIR # _expressionNoteIR)

.... (Expr_inst: p IC STO' |- typedExpressionIR ==> STO_1 value)

.... Let `value_cast` be `$cast_op(typeIR, value)`

.... Result in STO_1, value_cast

.. Case `expressionIR` has type dataExpressionIR
... Let `dataExpressionIR` be `expressionIR` as dataExpressionIR

... If (dataExpressionIR matches pattern `{#}`), then

.... Group dataExpressionIR-invalid: p, IC, STO, (`({#})` as expressionIR # _expressionNoteIR)

..... Result in STO', `({#})` as value

... Group dataExpressionIR-sequence: p, IC, STO_0, (`dataExpressionIR` as expressionIR # _expressionNoteIR)

.... Case analysis on dataExpressionIR
..... Case `dataExpressionIR` matches pattern `SEQ{%}`
...... Let `(seq{ typedExpressionListIR })` be dataExpressionIR

...... (Exprs_inst: p IC STO' |- typedExpressionListIR ==> STO_1 value*{value <- value*})

...... Result in STO_1, `(seq( value*{value <- value*} ))` as value

..... Case `dataExpressionIR` matches pattern `SEQ{%,...}`
...... Let `(seq{ typedExpressionListIR ,...})` be dataExpressionIR

...... (Exprs_inst: p IC STO' |- typedExpressionListIR ==> STO_1 value*{value <- value*})

...... Result in STO_1, `(seq( value*{value <- value*} ,...))` as value

... Group dataExpressionIR-record: p, IC, STO_0, (`dataExpressionIR` as expressionIR # _expressionNoteIR)

.... Case analysis on dataExpressionIR
..... Case `dataExpressionIR` matches pattern `RECORD{%}`
...... Let `(record{ (nameIR = typedExpressionIR)*{nameIR <- nameIR*, typedExpressionIR <- typedExpressionIR*} })` be dataExpressionIR

...... (Exprs_inst: p IC STO' |- typedExpressionIR*{typedExpressionIR <- typedExpressionIR*} ==> STO_1 value*{value <- value*})

...... Result in STO_1, `(record{ (value nameIR ;)*{nameIR <- nameIR*, value <- value*} })` as value

..... Case `dataExpressionIR` matches pattern `RECORD{%,...}`
...... Let `(record{ (nameIR = typedExpressionIR)*{nameIR <- nameIR*, typedExpressionIR <- typedExpressionIR*} ,...})` be dataExpressionIR

...... (Exprs_inst: p IC STO' |- typedExpressionIR*{typedExpressionIR <- typedExpressionIR*} ==> STO_1 value*{value <- value*})

...... Result in STO_1, `(record{ (value nameIR ;)*{nameIR <- nameIR*, value <- value*} ,...})` as value

.. Case `expressionIR` has type errorAccessExpressionIR
... Let `(error. nameIR)` be `expressionIR` as errorAccessExpressionIR

... Group accessExpressionIR-errorAccessExpressionIR: p, IC, STO, (`(error. nameIR)` as expressionIR # _expressionNoteIR)

.... Let `nameIR_error` be "error." ++ nameIR

.... Let `value_error` be `$find_value_inst(p, IC, (` nameIR_error))`

.... Result in STO', value_error

.. Case `expressionIR` has type memberAccessExpressionIR
... Let `(memberAccessBaseIR . nameIR)` be `expressionIR` as memberAccessExpressionIR

... If (memberAccessBaseIR matches pattern `TYPE%`), then

.... Let `(type prefixedNameIR)` be memberAccessBaseIR

.... Group accessExpressionIR-memberAccessExpressionIR-type: p, IC, STO, (`((type prefixedNameIR) . nameIR)` as expressionIR # _expressionNoteIR)

..... Let `typeDefIR'?{typeDefIR' <- typeDefIR'?}` be `$find_typedef_inst(p, IC, prefixedNameIR)`

..... If (typeDefIR'?{typeDefIR' <- typeDefIR'?} matches pattern (_)), then

...... Let `?(typeDefIR)` be typeDefIR'?{typeDefIR' <- typeDefIR'?}

...... If (`typeDefIR` has type enumTypeIR), then

....... Let `enumTypeIR` be `typeDefIR` as enumTypeIR

....... Case analysis on enumTypeIR
........ Case `enumTypeIR` matches pattern `ENUM%{%}`
......... Let `(enum tid { _id*{_id <- _id*} })` be enumTypeIR

......... Result in STO', `(tid . nameIR)` as value

........ Case `enumTypeIR` matches pattern `ENUM%#%{%}`
......... Let `(enum tid # _typeIR { (id_member = value_member ;)*{id_member <- id_member*, value_member <- value_member*} })` be enumTypeIR

......... Let `value'?{value' <- value'?}` be `$assoc_<nameIR, value>(nameIR, (id_member, value_member)*{id_member <- id_member*, value_member <- value_member*})`

......... If (value'?{value' <- value'?} matches pattern (_)), then

.......... Let `?(value)` be value'?{value' <- value'?}

.......... Result in STO', `(tid . nameIR # value)` as value

. Let `(( typeIR_base _ctk ))` be _expressionNoteIR'

. Case analysis on expressionIR
.. Case `expressionIR` has type memberAccessExpressionIR
... Let `(memberAccessBaseIR . text)` be `expressionIR` as memberAccessExpressionIR

... If (`memberAccessBaseIR` has type typedExpressionIR), then

.... Let `typedExpressionIR_base` be `memberAccessBaseIR` as typedExpressionIR

.... If ((text = "size")), then

..... Group accessExpressionIR-memberAccessExpressionIR-typedExpressionIR-stack-size: p, IC, STO, (`(`typedExpressionIR_base` as memberAccessBaseIR . "size")` as expressionIR # (( typeIR_base _ctk )))

...... Let `(_expressionIR # (( typeIR _ctk' )))` be typedExpressionIR_base

...... If ((typeIR = typeIR_base)), then

....... Let `typeIR'` be `$canon(typeIR_base)`

....... If (`typeIR'` has type headerStackTypeIR), then

........ Let `(_typeIR [ n_size ])` be `typeIR'` as headerStackTypeIR

........ Result in STO', `(d `n_size` as int)` as value

.. Case `expressionIR` has type indexAccessExpressionIR
... Let `indexAccessExpressionIR` be `expressionIR` as indexAccessExpressionIR

... If (indexAccessExpressionIR matches pattern `%[%:%]`), then

.... Let `(typedExpressionIR_base [ typedExpressionIR_hi : typedExpressionIR_lo ])` be indexAccessExpressionIR

.... Group indexAccessExpressionIR-bitslice: p, IC, STO_0, (`(typedExpressionIR_base [ typedExpressionIR_hi : typedExpressionIR_lo ])` as expressionIR # _expressionNoteIR)

..... (Expr_inst: p IC STO' |- typedExpressionIR_base ==> STO_1 value_base)

..... (Expr_inst: p IC STO_1 |- typedExpressionIR_hi ==> STO_2 value_hi)

..... (Expr_inst: p IC STO_2 |- typedExpressionIR_lo ==> STO_3 value_lo)

..... Result in STO_3, `$bitacc_op(value_base, value_hi, value_lo)`

.. Case `expressionIR` has type callExpressionIR
... Let `callExpressionIR` be `expressionIR` as callExpressionIR

... Case analysis on callExpressionIR
.... Case `callExpressionIR` matches pattern `%(%)`
..... Let `((prefixedNameIR < typeArgumentListIR >) ( argumentListIR ))` be callExpressionIR

..... Group callExpressionIR-instantiation: p, IC, STO_0, (`((prefixedNameIR < typeArgumentListIR >) ( argumentListIR ))` as expressionIR # _expressionNoteIR)

...... Let `(cid, constructor, id*)?{(cid, constructor, id*) <- (cid, constructor, id*)?}` be `$find_constructor_inst(IC, prefixedNameIR, argumentListIR)`

...... If ((cid, constructor, id*)?{(cid, constructor, id*) <- (cid, constructor, id*)?} matches pattern (_)), then

....... Let `?((_cid, constructor, id_default*{id_default <- id_default*}))` be (cid, constructor, id*)?{(cid, constructor, id*) <- (cid, constructor, id*)?}

....... (Constructor_inst: p IC STO' |- constructor < typeArgumentListIR >( argumentListIR # id_default*{id_default <- id_default*} )==> STO_1 object)

....... Let `STO_2` be `$add_map<oid, object>(STO_1, IC.path, object)`

....... Let `value_ref` be `(! IC.path)` as value

....... Result in STO_2, value_ref

.... Case `callExpressionIR` matches pattern `%<%>(%)`
..... Let `(routineTargetIR < typeArgumentIR*{typeArgumentIR <- typeArgumentIR*} >( argumentIR*{argumentIR <- argumentIR*} ))` be callExpressionIR

..... Case analysis on routineTargetIR
...... Case `routineTargetIR` matches pattern `%.%`
....... Let `(typedExpressionIR_base . nameIR)` be routineTargetIR

....... If (typeArgumentIR*{typeArgumentIR <- typeArgumentIR*} matches pattern []), then

........ If (argumentIR*{argumentIR <- argumentIR*} matches pattern []), then

......... Group callExpressionIR-typedeExpressionIR-size: p, IC, STO, (`((typedExpressionIR_base . nameIR) < [] >( [] ))` as expressionIR # _expressionNoteIR)

.......... Let `(_expressionIR # (( typeIR_base _ctk )))` be typedExpressionIR_base

.......... If (nameIR is in ["minSizeInBits", "minSizeInBytes", "maxSizeInBits", "maxSizeInBytes"]), then

........... Result in STO', `$sizeof(typeIR_base, nameIR)`

...... Case `routineTargetIR` matches pattern `TYPE%.%`
....... Let `(type prefixedNameIR . nameIR)` be routineTargetIR

....... If (typeArgumentIR*{typeArgumentIR <- typeArgumentIR*} matches pattern []), then

........ If (argumentIR*{argumentIR <- argumentIR*} matches pattern []), then

......... Group callExpressionIR-type: p, IC, STO, (`((type prefixedNameIR . nameIR) < [] >( [] ))` as expressionIR # _expressionNoteIR)

.......... Let `typeDefIR'?{typeDefIR' <- typeDefIR'?}` be `$find_typedef_inst(p, IC, prefixedNameIR)`

.......... If (typeDefIR'?{typeDefIR' <- typeDefIR'?} matches pattern (_)), then

........... Let `?(typeDefIR)` be typeDefIR'?{typeDefIR' <- typeDefIR'?}

........... Case analysis on typeDefIR
............ Case `typeDefIR` has type typeIR
............. Let `typeIR_base` be `typeDefIR` as typeIR

............. If (nameIR is in ["minSizeInBits", "minSizeInBytes", "maxSizeInBits", "maxSizeInBytes"]), then

.............. Result in STO', `$sizeof(typeIR_base, nameIR)`

............ Case `typeDefIR` has type polyTypeDefIR
............. Let `(typeIR_base < tid*{tid <- tid*} , tid'*{tid' <- tid'*} >)` be `typeDefIR` as polyTypeDefIR

............. If (tid*{tid <- tid*} matches pattern []), then

.............. If (tid'*{tid' <- tid'*} matches pattern []), then

............... If (nameIR is in ["minSizeInBits", "minSizeInBytes", "maxSizeInBits", "maxSizeInBytes"]), then

................ Result in STO', `$sizeof(typeIR_base, nameIR)`

..... Let `(routineTargetIR' < typeArgumentListIR >( argumentListIR ))` be callExpressionIR

..... If (routineTargetIR' matches pattern `(%)`), then

...... Let `(( routineTargetIR ))` be routineTargetIR'

...... Group callExpressionIR-parenthesized: p, IC, STO_0, (`((( routineTargetIR )) < typeArgumentListIR >( argumentListIR ))` as expressionIR # expressionNoteIR)

....... (Expr_inst: p IC STO' |- (`(routineTargetIR < typeArgumentListIR >( argumentListIR ))` as expressionIR # _expressionNoteIR') ==> STO_1 value)

....... Result in STO_1, value

.. Case `expressionIR` has type parenthesizedExpressionIR
... Let `(( typedExpressionIR ))` be `expressionIR` as parenthesizedExpressionIR

... Group parenthesizedExpressionIR: p, IC, STO_0, (`(( typedExpressionIR ))` as expressionIR # _expressionNoteIR)

.... (Expr_inst: p IC STO' |- typedExpressionIR ==> STO_1 value)

.... Result in STO_1, value

relation Exprs_inst: p, IC, STO', typedExpressionIR*{typedExpressionIR <- typedExpressionIR*}

. Case analysis on typedExpressionIR*{typedExpressionIR <- typedExpressionIR*}
.. Case `typedExpressionIR*{typedExpressionIR <- typedExpressionIR*}` matches pattern []
... Group nil: p, IC, STO, []

.... Result in STO', []

.. Case `typedExpressionIR*{typedExpressionIR <- typedExpressionIR*}` matches pattern _ :: _
... Let `typedExpressionIR_h :: typedExpressionIR_t*{typedExpressionIR_t <- typedExpressionIR_t*}` be typedExpressionIR*{typedExpressionIR <- typedExpressionIR*}

... Group cons: p, IC, STO_0, typedExpressionIR_h :: typedExpressionIR_t*{}

.... (Expr_inst: p IC STO' |- typedExpressionIR_h ==> STO_1 value_h)

.... (Exprs_inst: p IC STO_1 |- typedExpressionIR_t*{typedExpressionIR_t <- typedExpressionIR_t*} ==> STO_2 value_t*{value_t <- value_t*})

.... Result in STO_2, value_h :: value_t*{value_t <- value_t*}

relation Argument_inst: p, IC, STO_0, argumentIR

. If (`argumentIR` has type typedExpressionIR), then

.. Let `typedExpressionIR` be `argumentIR` as typedExpressionIR

.. Group typedExpressionIR: p, IC, STO_0, `typedExpressionIR` as argumentIR

... (Expr_inst: p IC STO_0 |- typedExpressionIR ==> STO_1 value)

... Result in STO_1, value

. If (argumentIR matches pattern `%=%`), then

.. Let `(nameIR = typedExpressionIR)` be argumentIR

.. Group nameIR-typedExpressionIR: p, IC, STO_0, (nameIR = typedExpressionIR)

... (Expr_inst: p IC STO_0 |- typedExpressionIR ==> STO_1 value)

... Result in STO_1, value

relation Stmt_inst: p', IC', STO', statementIR

. Case analysis on statementIR
.. Case `statementIR` has type emptyStatementIR
... Let `emptyStatementIR` be `statementIR` as emptyStatementIR

... Group emptyStatementIR: p, IC, STO, `emptyStatementIR` as statementIR

.... Result in IC', STO', `emptyStatementIR` as statementIR

.. Case `statementIR` has type assignmentStatementIR
... Let `assignmentStatementIR` be `statementIR` as assignmentStatementIR

... Group assignmentStatementIR: p, IC, STO, `assignmentStatementIR` as statementIR

.... Result in IC', STO', `assignmentStatementIR` as statementIR

.. Case `statementIR` has type callStatementIR
... Let `callStatementIR` be `statementIR` as callStatementIR

... Group callStatementIR: p, IC, STO, `callStatementIR` as statementIR

.... Result in IC', STO', `callStatementIR` as statementIR

.. Case `statementIR` has type directApplicationStatementIR
... Let `(prefixedNameIR .apply( argumentListIR );)` be `statementIR` as directApplicationStatementIR

... Group directApplicationStatementIR: p, IC, STO_0, `(prefixedNameIR .apply( argumentListIR );)` as statementIR

.... Let `(cid, constructor, id*)?{(cid, constructor, id*) <- (cid, constructor, id*)?}` be `$find_constructor_inst(IC', prefixedNameIR, [])`

.... If ((cid, constructor, id*)?{(cid, constructor, id*) <- (cid, constructor, id*)?} matches pattern (_)), then

..... Let `?((_cid, constructor, _id*{_id <- _id*}))` be (cid, constructor, id*)?{(cid, constructor, id*) <- (cid, constructor, id*)?}

..... (Constructor_inst: p' IC' STO' |- constructor < [] >( [] # [] )==> STO_1 object)

..... Let `tid_fresh` be `$fresh_tid`

..... Let `tid` be `$flatten_prefixedNameIR(prefixedNameIR)`

..... Let `typeIR` be `(tid tid)` as typeIR

..... Let `nameIR` be `$concat_text([tid, "_", tid_fresh])`

..... Let `oid` be IC'.path ++ [nameIR]

..... Let `STO_2` be `$add_map<oid, object>(STO_1, oid, object)`

..... Let `constantDeclarationIR` be (() const typeIR nameIR (= `(! oid)` as value) ;)

..... Let `routineTargetIR` be ((`(` tid)` as expressionIR # (( typeIR (ctk) ))) . "apply")

..... Let `callStatementIR` be (routineTargetIR < [] >( argumentListIR );)

..... Let `blockStatementIR` be (() { [`constantDeclarationIR` as blockElementStatementIR, `callStatementIR` as blockElementStatementIR] })

..... Result in IC', STO_2, `blockStatementIR` as statementIR

.. Case `statementIR` has type exitStatementIR
... Let `exitStatementIR` be `statementIR` as exitStatementIR

... Group exitStatementIR: p, IC, STO, `exitStatementIR` as statementIR

.... Result in IC', STO', `exitStatementIR` as statementIR

.. Case `statementIR` has type conditionalStatementIR
... Let `conditionalStatementIR` be `statementIR` as conditionalStatementIR

... Group conditionalStatementIR: p, IC_0, STO_0, `conditionalStatementIR` as statementIR

.... Case analysis on conditionalStatementIR
..... Case `conditionalStatementIR` matches pattern `IF(%)%`
...... Let `(if( typedExpressionIR_cond ) statementIR_then)` be conditionalStatementIR

...... (Stmt_inst: p' IC' STO' |- statementIR_then ==> IC_1 STO_1 statementIR_then_inst)

...... Result in IC_1, STO_1, `(if( typedExpressionIR_cond ) statementIR_then_inst)` as statementIR

..... Case `conditionalStatementIR` matches pattern `IF(%)%ELSE%`
...... Let `(if( typedExpressionIR_cond ) statementIR_then else statementIR_else)` be conditionalStatementIR

...... (Stmt_inst: p' IC' STO' |- statementIR_then ==> IC_1 STO_1 statementIR_then_inst)

...... (Stmt_inst: p' IC_1 STO_1 |- statementIR_else ==> IC_2 STO_2 statementIR_else_inst)

...... Result in IC_2, STO_2, `(if( typedExpressionIR_cond ) statementIR_then_inst else statementIR_else_inst)` as statementIR

.. Case `statementIR` has type switchStatementIR
... Let `(switch( typedExpressionIR ){ switchCaseListIR })` be `statementIR` as switchStatementIR

... Group switchStatementIR: p, IC_0, STO_0, `(switch( typedExpressionIR ){ switchCaseListIR })` as statementIR

.... (SwitchCases_inst: p' IC' STO' |- switchCaseListIR ==> IC_1 STO_1 switchCaseListIR_inst)

.... Result in IC_1, STO_1, `(switch( typedExpressionIR ){ switchCaseListIR_inst })` as statementIR

. If (p' matches pattern `LOCAL`), then

.. Case analysis on statementIR
... Case `statementIR` has type returnStatementIR
.... Let `returnStatementIR` be `statementIR` as returnStatementIR

.... Group returnStatementIR: (local), IC, STO, `returnStatementIR` as statementIR

..... Result in IC', STO', `returnStatementIR` as statementIR

... Case `statementIR` has type blockStatementIR
.... Let `(annotationList { blockElementStatementListIR })` be `statementIR` as blockStatementIR

.... Group blockStatementIR: (local), IC_0, STO_0, `(annotationList { blockElementStatementListIR })` as statementIR

..... (Block_inst: IC' STO' |- (annotationList { blockElementStatementListIR }) ==> IC_1 STO_1 (_annotationList { blockElementStatementListIR_inst }))

..... Result in IC_1, STO_1, `(annotationList { blockElementStatementListIR_inst })` as statementIR

relation BlockElementStmt_inst: IC_0', STO_0', blockElementStatementIR

. Case analysis on blockElementStatementIR
.. Case `blockElementStatementIR` has type constantDeclarationIR
... Let `constantDeclarationIR` be `blockElementStatementIR` as constantDeclarationIR

... Group constantDeclarationIR: IC_0, STO_0, `constantDeclarationIR` as blockElementStatementIR

.... (Decl_inst: (local) IC_0' STO_0' |- `constantDeclarationIR` as declarationIR ==> IC_1 STO_1 declarationIR'?{declarationIR' <- declarationIR'?})

.... If (declarationIR'?{declarationIR' <- declarationIR'?} matches pattern (_)), then

..... Let `?(declarationIR)` be declarationIR'?{declarationIR' <- declarationIR'?}

..... If (`declarationIR` has type constantDeclarationIR), then

...... Let `constantDeclarationIR_inst` be `declarationIR` as constantDeclarationIR

...... Result in IC_1, STO_1, ?(`constantDeclarationIR_inst` as blockElementStatementIR)

.. Case `blockElementStatementIR` has type variableDeclarationIR
... Let `variableDeclarationIR` be `blockElementStatementIR` as variableDeclarationIR

... Group variableDeclarationIR: IC, STO, `variableDeclarationIR` as blockElementStatementIR

.... Result in IC_0', STO_0', ?(`variableDeclarationIR` as blockElementStatementIR)

.. Case `blockElementStatementIR` has type statementIR
... Let `statementIR` be `blockElementStatementIR` as statementIR

... Group statementIR: IC_0, STO_0, `statementIR` as blockElementStatementIR

.... (Stmt_inst: (local) IC_0' STO_0' |- statementIR ==> IC_1 STO_1 statementIR_inst)

.... Result in IC_1, STO_1, ?(`statementIR_inst` as blockElementStatementIR)

relation BlockElementStmts_inst: IC', STO', blockElementStatementIR*{blockElementStatementIR <- blockElementStatementIR*}

. Case analysis on blockElementStatementIR*{blockElementStatementIR <- blockElementStatementIR*}
.. Case `blockElementStatementIR*{blockElementStatementIR <- blockElementStatementIR*}` matches pattern []
... Group nil: IC, STO, []

.... Result in IC', STO', []

.. Case `blockElementStatementIR*{blockElementStatementIR <- blockElementStatementIR*}` matches pattern _ :: _
... Let `blockElementStatementIR_h :: blockElementStatementIR_t*{blockElementStatementIR_t <- blockElementStatementIR_t*}` be blockElementStatementIR*{blockElementStatementIR <- blockElementStatementIR*}

... Group cons: IC_0, STO_0, blockElementStatementIR_h :: blockElementStatementIR_t*{}

.... (BlockElementStmt_inst: IC' STO' |- blockElementStatementIR_h ==> IC_1 STO_1 blockElementStatementIR'?{blockElementStatementIR' <- blockElementStatementIR'?})

.... If (blockElementStatementIR'?{blockElementStatementIR' <- blockElementStatementIR'?} matches pattern (_)), then

..... Let `?(blockElementStatementIR_h_inst)` be blockElementStatementIR'?{blockElementStatementIR' <- blockElementStatementIR'?}

..... (BlockElementStmts_inst: IC_1 STO_1 |- blockElementStatementIR_t*{blockElementStatementIR_t <- blockElementStatementIR_t*} ==> IC_2 STO_2 blockElementStatementIR_t_inst*{blockElementStatementIR_t_inst <- blockElementStatementIR_t_inst*})

..... Result in IC_2, STO_2, blockElementStatementIR_h_inst :: blockElementStatementIR_t_inst*{blockElementStatementIR_t_inst <- blockElementStatementIR_t_inst*}

relation Block_inst: IC_0, STO_0, (annotationList { blockElementStatementListIR })

. Group : IC_0, STO_0, (annotationList { blockElementStatementListIR })

.. Let `IC_1` be `$enter_inst(IC_0)`

.. (BlockElementStmts_inst: IC_1 STO_0 |- blockElementStatementListIR ==> IC_2 STO_1 blockElementStatementListIR_inst)

.. Let `IC_3` be `$exit_inst(IC_2)`

.. Result in IC_2, STO_1, (annotationList { blockElementStatementListIR_inst })

relation Bind_method: rdenv_0, methodPrototypeIR

. Case analysis on methodPrototypeIR
.. Case `methodPrototypeIR` matches pattern `%%;`
... Let `(annotationList (typeIR_ret nameIR < typeParameterListIR , typeParameterListIR_inferred >( parameterIR*{parameterIR <- parameterIR*} )) ;)` be methodPrototypeIR

... Group non-abstract: rdenv_0, (annotationList (typeIR_ret nameIR < typeParameterListIR , typeParameterListIR_inferred >( parameterIR*{} )) ;)

.... Let `rid` be `$rid_IR(nameIR, parameterIR*{parameterIR <- parameterIR*})`

Let `parameterTypeIR*` be the list of `parameterTypeIR`, obtained by repeating:
 .... Let `parameterTypeIR` be `$parameterIR(parameterIR)`
for each `parameterIR` in `parameterIR*`

.... Let `methodTypeIR` be (extern_method( parameterTypeIR*{parameterTypeIR <- parameterTypeIR*} )-> typeIR_ret)

.... Let `routineTypeDefIR` be `(`methodTypeIR` as routineTypeIR < typeParameterListIR , typeParameterListIR_inferred >)` as routineTypeDefIR

.... Let `rdenv_1` be `$add_map<rid, routineTypeDefIR>(rdenv_0, rid, routineTypeDefIR)`

.... Result in rdenv_1

.. Case `methodPrototypeIR` matches pattern `%ABSTRACT%;`
... Let `(annotationList abstract (typeIR_ret nameIR < typeParameterListIR , typeParameterListIR_inferred >( parameterIR*{parameterIR <- parameterIR*} )) ;)` be methodPrototypeIR

... Group abstract: rdenv_0, (annotationList abstract (typeIR_ret nameIR < typeParameterListIR , typeParameterListIR_inferred >( parameterIR*{} )) ;)

.... Let `rid` be `$rid_IR(nameIR, parameterIR*{parameterIR <- parameterIR*})`

Let `parameterTypeIR*` be the list of `parameterTypeIR`, obtained by repeating:
 .... Let `parameterTypeIR` be `$parameterIR(parameterIR)`
for each `parameterIR` in `parameterIR*`

.... Let `methodTypeIR` be (extern_methodabstract( parameterTypeIR*{parameterTypeIR <- parameterTypeIR*} )-> typeIR_ret)

.... Let `routineTypeDefIR` be `(`methodTypeIR` as routineTypeIR < typeParameterListIR , typeParameterListIR_inferred >)` as routineTypeDefIR

.... Let `rdenv_1` be `$add_map<rid, routineTypeDefIR>(rdenv_0, rid, routineTypeDefIR)`

.... Result in rdenv_1

relation Bind_methods: rdenv', methodPrototypeIR*{methodPrototypeIR <- methodPrototypeIR*}

. Case analysis on methodPrototypeIR*{methodPrototypeIR <- methodPrototypeIR*}
.. Case `methodPrototypeIR*{methodPrototypeIR <- methodPrototypeIR*}` matches pattern []
... Group nil: rdenv, []

.... Result in rdenv'

.. Case `methodPrototypeIR*{methodPrototypeIR <- methodPrototypeIR*}` matches pattern _ :: _
... Let `methodPrototypeIR_h :: methodPrototypeIR_t*{methodPrototypeIR_t <- methodPrototypeIR_t*}` be methodPrototypeIR*{methodPrototypeIR <- methodPrototypeIR*}

... Group cons: rdenv_0, methodPrototypeIR_h :: methodPrototypeIR_t*{}

.... (Bind_method: rdenv' |- methodPrototypeIR_h ==> rdenv_1)

.... (Bind_methods: rdenv_1 |- methodPrototypeIR_t*{methodPrototypeIR_t <- methodPrototypeIR_t*} ==> rdenv_2)

.... Result in rdenv_2

relation Bind_constructor: p, IC_0, typeParameterListIR, methodPrototypeListIR, methodPrototypeIR

. If (methodPrototypeIR matches pattern `%%<,%>(%);`), then

.. Let `(annotationList nameIR <, typeParameterListIR_inferred >( parameterListIR );)` be methodPrototypeIR

.. Group constructor: p, IC_0, typeParameterListIR, methodPrototypeListIR, (annotationList nameIR <, typeParameterListIR_inferred >( parameterListIR );)

... Let `cid` be `$cid_IR(nameIR, parameterListIR)`

... Let `constructor` be (extern nameIR < typeParameterListIR ++ typeParameterListIR_inferred >( parameterListIR ){ methodPrototypeListIR })

... Let `IC_1` be `$add_constructor_inst(p, IC_0, cid, constructor)`

... Result in IC_1

relation Bind_constructors: p, IC', typeParameterListIR, methodPrototypeListIR, methodPrototypeIR*{methodPrototypeIR <- methodPrototypeIR*}

. Case analysis on methodPrototypeIR*{methodPrototypeIR <- methodPrototypeIR*}
.. Case `methodPrototypeIR*{methodPrototypeIR <- methodPrototypeIR*}` matches pattern []
... Group nil: p, IC, typeParameterListIR, methodPrototypeListIR, []

.... Result in IC'

.. Case `methodPrototypeIR*{methodPrototypeIR <- methodPrototypeIR*}` matches pattern _ :: _
... Let `methodPrototypeIR_h :: methodPrototypeIR_t*{methodPrototypeIR_t <- methodPrototypeIR_t*}` be methodPrototypeIR*{methodPrototypeIR <- methodPrototypeIR*}

... Group cons: p, IC_0, typeParameterListIR, methodPrototypeListIR, methodPrototypeIR_h :: methodPrototypeIR_t*{}

.... (Bind_constructor: p IC' typeParameterListIR methodPrototypeListIR |- methodPrototypeIR_h ==> IC_1)

.... (Bind_constructors: p IC_1 typeParameterListIR methodPrototypeListIR |- methodPrototypeIR_t*{methodPrototypeIR_t <- methodPrototypeIR_t*} ==> IC_2)

.... Result in IC_2

relation ExternMethod_inst: IC_0, methodPrototypeIR

. Case analysis on methodPrototypeIR
.. Case `methodPrototypeIR` matches pattern `%%;`
... Let `(annotationList (typeIR nameIR < typeParameterListIR , typeParameterListIR_inferred >( parameterListIR )) ;)` be methodPrototypeIR

... Group non-abstract: IC_0, (annotationList (typeIR nameIR < typeParameterListIR , typeParameterListIR_inferred >( parameterListIR )) ;)

.... Let `rid` be `$rid_IR(nameIR, parameterListIR)`

.... Let `method` be (extern_method< typeParameterListIR ++ typeParameterListIR_inferred >( parameterListIR ) ?((() { [] })))

.... Let `IC_1` be `$add_routine_overload_inst((block), IC_0, rid, `method` as routine)`

.... Result in IC_1

.. Case `methodPrototypeIR` matches pattern `%ABSTRACT%;`
... Let `(annotationList abstract (typeIR nameIR < typeParameterListIR , typeParameterListIR_inferred >( parameterListIR )) ;)` be methodPrototypeIR

... Group abstract: IC_0, (annotationList abstract (typeIR nameIR < typeParameterListIR , typeParameterListIR_inferred >( parameterListIR )) ;)

.... Let `rid` be `$rid_IR(nameIR, parameterListIR)`

.... Let `method` be (extern_methodabstract< typeParameterListIR ++ typeParameterListIR_inferred >( parameterListIR ))

.... Let `IC_1` be `$add_routine_overload_inst((block), IC_0, rid, `method` as routine)`

.... Result in IC_1

relation ExternMethods_inst: IC', methodPrototypeIR*{methodPrototypeIR <- methodPrototypeIR*}

. Case analysis on methodPrototypeIR*{methodPrototypeIR <- methodPrototypeIR*}
.. Case `methodPrototypeIR*{methodPrototypeIR <- methodPrototypeIR*}` matches pattern []
... Group nil: IC, []

.... Result in IC'

.. Case `methodPrototypeIR*{methodPrototypeIR <- methodPrototypeIR*}` matches pattern _ :: _
... Let `methodPrototypeIR_h :: methodPrototypeIR_t*{methodPrototypeIR_t <- methodPrototypeIR_t*}` be methodPrototypeIR*{methodPrototypeIR <- methodPrototypeIR*}

... Group cons: IC_0, methodPrototypeIR_h :: methodPrototypeIR_t*{}

.... (ExternMethod_inst: IC' |- methodPrototypeIR_h ==> IC_1)

.... (ExternMethods_inst: IC_1 |- methodPrototypeIR_t*{methodPrototypeIR_t <- methodPrototypeIR_t*} ==> IC_2)

.... Result in IC_2

relation ParserStmt_inst: IC_0', STO_0, parserStatementIR

. Case analysis on parserStatementIR
.. Case `parserStatementIR` has type constantDeclarationIR
... Let `constantDeclarationIR` be `parserStatementIR` as constantDeclarationIR

... Group constantDeclarationIR: IC_0, STO_0, `constantDeclarationIR` as parserStatementIR

.... (Decl_inst: (local) IC_0' STO_0 |- `constantDeclarationIR` as declarationIR ==> IC_1 STO_1 declarationIR'?{declarationIR' <- declarationIR'?})

.... If (declarationIR'?{declarationIR' <- declarationIR'?} matches pattern (_)), then

..... Let `?(declarationIR)` be declarationIR'?{declarationIR' <- declarationIR'?}

..... If (`declarationIR` has type constantDeclarationIR), then

...... Let `constantDeclarationIR_inst` be `declarationIR` as constantDeclarationIR

...... Result in IC_1, STO_1, `constantDeclarationIR_inst` as parserStatementIR

.. Case `parserStatementIR` has type variableDeclarationIR
... Let `variableDeclarationIR` be `parserStatementIR` as variableDeclarationIR

... Group variableDeclarationIR: IC_0, STO_0, `variableDeclarationIR` as parserStatementIR

.... (BlockElementStmt_inst: IC_0' STO_0 |- `variableDeclarationIR` as blockElementStatementIR ==> IC_1 STO_1 blockElementStatementIR'?{blockElementStatementIR' <- blockElementStatementIR'?})

.... If (blockElementStatementIR'?{blockElementStatementIR' <- blockElementStatementIR'?} matches pattern (_)), then

..... Let `?(blockElementStatementIR)` be blockElementStatementIR'?{blockElementStatementIR' <- blockElementStatementIR'?}

..... If (`blockElementStatementIR` has type variableDeclarationIR), then

...... Let `variableDeclarationIR_inst` be `blockElementStatementIR` as variableDeclarationIR

...... Result in IC_1, STO_1, `variableDeclarationIR_inst` as parserStatementIR

.. Case `parserStatementIR` has type emptyStatementIR
... Let `emptyStatementIR` be `parserStatementIR` as emptyStatementIR

... Group emptyStatementIR: IC_0, STO_0, `emptyStatementIR` as parserStatementIR

.... (Stmt_inst: (local) IC_0' STO_0 |- `emptyStatementIR` as statementIR ==> IC_1 STO_1 statementIR)

.... If (`statementIR` has type emptyStatementIR), then

..... Let `emptyStatementIR_inst` be `statementIR` as emptyStatementIR

..... Result in IC_1, STO_1, `emptyStatementIR_inst` as parserStatementIR

.. Case `parserStatementIR` has type assignmentStatementIR
... Let `assignmentStatementIR` be `parserStatementIR` as assignmentStatementIR

... Group assignmentStatementIR: IC_0, STO_0, `assignmentStatementIR` as parserStatementIR

.... (Stmt_inst: (local) IC_0' STO_0 |- `assignmentStatementIR` as statementIR ==> IC_1 STO_1 statementIR)

.... If (`statementIR` has type assignmentStatementIR), then

..... Let `assignmentStatementIR_inst` be `statementIR` as assignmentStatementIR

..... Result in IC_1, STO_1, `assignmentStatementIR_inst` as parserStatementIR

.. Case `parserStatementIR` has type callStatementIR
... Let `callStatementIR` be `parserStatementIR` as callStatementIR

... Group callStatementIR: IC_0, STO_0, `callStatementIR` as parserStatementIR

.... (Stmt_inst: (local) IC_0' STO_0 |- `callStatementIR` as statementIR ==> IC_1 STO_1 statementIR)

.... If (`statementIR` has type callStatementIR), then

..... Let `callStatementIR_inst` be `statementIR` as callStatementIR

..... Result in IC_1, STO_1, `callStatementIR_inst` as parserStatementIR

.. Case `parserStatementIR` has type directApplicationStatementIR
... Let `(prefixedNameIR .apply( argumentListIR );)` be `parserStatementIR` as directApplicationStatementIR

... Group directApplicationStatementIR: IC, STO_0, `(prefixedNameIR .apply( argumentListIR );)` as parserStatementIR

.... Let `(cid, constructor, id*)?{(cid, constructor, id*) <- (cid, constructor, id*)?}` be `$find_constructor_inst(IC_0', prefixedNameIR, [])`

.... If ((cid, constructor, id*)?{(cid, constructor, id*) <- (cid, constructor, id*)?} matches pattern (_)), then

..... Let `?((_cid, constructor, _id*{_id <- _id*}))` be (cid, constructor, id*)?{(cid, constructor, id*) <- (cid, constructor, id*)?}

..... (Constructor_inst: (local) IC_0' STO_0 |- constructor < [] >( [] # [] )==> STO_1 object)

..... Let `tid` be `$flatten_prefixedNameIR(prefixedNameIR)`

..... Let `tid_fresh` be `$fresh_tid`

..... Let `nameIR` be tid ++ "_" ++ tid_fresh

..... Let `oid` be IC_0'.path ++ [nameIR]

..... Let `STO_2` be `$add_map<oid, object>(STO_1, oid, object)`

..... Let `typeIR` be `(tid tid)` as typeIR

..... Let `constantDeclarationIR` be (() const typeIR nameIR (= `(! oid)` as value) ;)

..... Let `routineTargetIR` be ((`(` tid)` as expressionIR # (( typeIR (ctk) ))) . "apply")

..... Let `callStatementIR` be (routineTargetIR < [] >( argumentListIR );)

..... Let `parserBlockStatementIR` be (() { [`constantDeclarationIR` as parserStatementIR, `callStatementIR` as parserStatementIR] })

..... Result in IC_0', STO_2, `parserBlockStatementIR` as parserStatementIR

.. Case `parserStatementIR` has type parserBlockStatementIR
... Let `(annotationList { parserStatementListIR })` be `parserStatementIR` as parserBlockStatementIR

... Group parserBlockStatementIR: IC_0, STO_0, `(annotationList { parserStatementListIR })` as parserStatementIR

.... (ParserStmts_inst: IC_0' STO_0 |- parserStatementListIR ==> IC_1 STO_1 parserStatementListIR_inst)

.... Let `parserBlockStatementIR_inst` be (annotationList { parserStatementListIR_inst })

.... Result in IC_1, STO_1, `parserBlockStatementIR_inst` as parserStatementIR

.. Case `parserStatementIR` has type conditionalStatementIR
... Let `conditionalStatementIR` be `parserStatementIR` as conditionalStatementIR

... Group conditionalStatementIR: IC_0, STO_0, `conditionalStatementIR` as parserStatementIR

.... (Stmt_inst: (local) IC_0' STO_0 |- `conditionalStatementIR` as statementIR ==> IC_1 STO_1 statementIR)

.... If (`statementIR` has type conditionalStatementIR), then

..... Let `conditionalStatementIR_inst` be `statementIR` as conditionalStatementIR

..... Result in IC_1, STO_1, `conditionalStatementIR_inst` as parserStatementIR

relation ParserStmts_inst: IC', STO', parserStatementIR*{parserStatementIR <- parserStatementIR*}

. Case analysis on parserStatementIR*{parserStatementIR <- parserStatementIR*}
.. Case `parserStatementIR*{parserStatementIR <- parserStatementIR*}` matches pattern []
... Group nil: IC, STO, []

.... Result in IC', STO', []

.. Case `parserStatementIR*{parserStatementIR <- parserStatementIR*}` matches pattern _ :: _
... Let `parserStatementIR_h :: parserStatementIR_t*{parserStatementIR_t <- parserStatementIR_t*}` be parserStatementIR*{parserStatementIR <- parserStatementIR*}

... Group cons: IC_0, STO_0, parserStatementIR_h :: parserStatementIR_t*{}

.... (ParserStmt_inst: IC' STO' |- parserStatementIR_h ==> IC_1 STO_1 parserStatementIR_h_inst)

.... (ParserStmts_inst: IC_1 STO_1 |- parserStatementIR_t*{parserStatementIR_t <- parserStatementIR_t*} ==> IC_2 STO_2 parserStatementIR_t_inst*{parserStatementIR_t_inst <- parserStatementIR_t_inst*})

.... Result in IC_2, STO_2, parserStatementIR_h_inst :: parserStatementIR_t_inst*{parserStatementIR_t_inst <- parserStatementIR_t_inst*}

relation ParserState_inst: IC_0, STO_0, (annotationList state nameIR { parserStatementListIR transitionStatementIR })

. Group : IC_0, STO_0, (annotationList state nameIR { parserStatementListIR transitionStatementIR })

.. (ParserStmts_inst: IC_0 STO_0 |- parserStatementListIR ==> IC_1 STO_1 parserStatementListIR_inst)

.. Let `state` be (annotationList { parserStatementListIR_inst transitionStatementIR })

.. Let `IC_2` be `$add_state_inst((block), IC_1, nameIR, state)`

.. Result in IC_2, STO_1

relation ParserStates_inst: IC', STO', parserStateIR*{parserStateIR <- parserStateIR*}

. Case analysis on parserStateIR*{parserStateIR <- parserStateIR*}
.. Case `parserStateIR*{parserStateIR <- parserStateIR*}` matches pattern []
... Group nil: IC, STO, []

.... Result in IC', STO'

.. Case `parserStateIR*{parserStateIR <- parserStateIR*}` matches pattern _ :: _
... Let `parserStateIR_h :: parserStateIR_t*{parserStateIR_t <- parserStateIR_t*}` be parserStateIR*{parserStateIR <- parserStateIR*}

... Group cons: IC_0, STO_0, parserStateIR_h :: parserStateIR_t*{}

.... (ParserState_inst: IC' STO' |- parserStateIR_h ==> IC_1 STO_1)

.... (ParserStates_inst: IC_1 STO_1 |- parserStateIR_t*{parserStateIR_t <- parserStateIR_t*} ==> IC_2 STO_2)

.... Result in IC_2, STO_2

relation ParserLocalDecl_inst: IC_0', STO_0', parserLocalDeclarationIR

. Case analysis on parserLocalDeclarationIR
.. Case `parserLocalDeclarationIR` has type constantDeclarationIR
... Let `constantDeclarationIR` be `parserLocalDeclarationIR` as constantDeclarationIR

... Group constantDeclarationIR: IC_0, STO_0, `constantDeclarationIR` as parserLocalDeclarationIR

.... (Decl_inst: (block) IC_0' STO_0' |- `constantDeclarationIR` as declarationIR ==> IC_1 STO_1 declarationIR'?{declarationIR' <- declarationIR'?})

.... If (declarationIR'?{declarationIR' <- declarationIR'?} matches pattern (_)), then

..... Let `?(declarationIR)` be declarationIR'?{declarationIR' <- declarationIR'?}

..... If (`declarationIR` has type constantDeclarationIR), then

...... Let `constantDeclarationIR_inst` be `declarationIR` as constantDeclarationIR

...... Result in IC_1, STO_1, `constantDeclarationIR_inst` as parserLocalDeclarationIR

.. Case `parserLocalDeclarationIR` has type instantiationIR
... Let `instantiationIR` be `parserLocalDeclarationIR` as instantiationIR

... Group instantiationIR: IC_0, STO_0, `instantiationIR` as parserLocalDeclarationIR

.... (Decl_inst: (block) IC_0' STO_0' |- `instantiationIR` as declarationIR ==> IC_1 STO_1 declarationIR'?{declarationIR' <- declarationIR'?})

.... If (declarationIR'?{declarationIR' <- declarationIR'?} matches pattern (_)), then

..... Let `?(declarationIR)` be declarationIR'?{declarationIR' <- declarationIR'?}

..... If (`declarationIR` has type constantDeclarationIR), then

...... Let `constantDeclarationIR_inst` be `declarationIR` as constantDeclarationIR

...... Result in IC_1, STO_1, `constantDeclarationIR_inst` as parserLocalDeclarationIR

.. Case `parserLocalDeclarationIR` has type variableDeclarationIR
... Let `variableDeclarationIR` be `parserLocalDeclarationIR` as variableDeclarationIR

... Group variableDeclarationIR: IC, STO, `variableDeclarationIR` as parserLocalDeclarationIR

.... Result in IC_0', STO_0', `variableDeclarationIR` as parserLocalDeclarationIR

.. Case `parserLocalDeclarationIR` has type valueSetDeclarationIR
... Let `valueSetDeclarationIR` be `parserLocalDeclarationIR` as valueSetDeclarationIR

... Group valueSetDeclarationIR: IC, STO, `valueSetDeclarationIR` as parserLocalDeclarationIR

.... Result in IC_0', STO_0', `valueSetDeclarationIR` as parserLocalDeclarationIR

relation ParserLocalDecls_inst: IC', STO', parserLocalDeclarationIR*{parserLocalDeclarationIR <- parserLocalDeclarationIR*}

. Case analysis on parserLocalDeclarationIR*{parserLocalDeclarationIR <- parserLocalDeclarationIR*}
.. Case `parserLocalDeclarationIR*{parserLocalDeclarationIR <- parserLocalDeclarationIR*}` matches pattern []
... Group nil: IC, STO, []

.... Result in IC', STO', []

.. Case `parserLocalDeclarationIR*{parserLocalDeclarationIR <- parserLocalDeclarationIR*}` matches pattern _ :: _
... Let `parserLocalDeclarationIR_h :: parserLocalDeclarationIR_t*{parserLocalDeclarationIR_t <- parserLocalDeclarationIR_t*}` be parserLocalDeclarationIR*{parserLocalDeclarationIR <- parserLocalDeclarationIR*}

... Group cons: IC_0, STO_0, parserLocalDeclarationIR_h :: parserLocalDeclarationIR_t*{}

.... (ParserLocalDecl_inst: IC' STO' |- parserLocalDeclarationIR_h ==> IC_1 STO_1 parserLocalDeclarationIR_h_inst)

.... (ParserLocalDecls_inst: IC_1 STO_1 |- parserLocalDeclarationIR_t*{parserLocalDeclarationIR_t <- parserLocalDeclarationIR_t*} ==> IC_2 STO_2 parserLocalDeclarationIR_t_inst*{parserLocalDeclarationIR_t_inst <- parserLocalDeclarationIR_t_inst*})

.... Result in IC_2, STO_2, parserLocalDeclarationIR_h_inst :: parserLocalDeclarationIR_t_inst*{parserLocalDeclarationIR_t_inst <- parserLocalDeclarationIR_t_inst*}

relation TableProperty_inst: IC, STO', tablePropertyIR

. Case analysis on tablePropertyIR
.. Case `tablePropertyIR` matches pattern `KEY={%}`
... Let `(key={ tableKeyListIR })` be tablePropertyIR

... Group key: IC, STO, (key={ tableKeyListIR })

.... Result in STO', (key={ tableKeyListIR })

.. Case `tablePropertyIR` matches pattern `ACTIONS={%}`
... Let `(actions={ tableActionListIR })` be tablePropertyIR

... Group actions: IC, STO, (actions={ tableActionListIR })

.... Result in STO', (actions={ tableActionListIR })

.. Case `tablePropertyIR` matches pattern `%%ENTRIES={%}`
... Let `(annotationList constOptIR entries={ tableEntryListIR })` be tablePropertyIR

... Group entries: IC, STO, (annotationList constOptIR entries={ tableEntryListIR })

.... Result in STO', (annotationList constOptIR entries={ tableEntryListIR })

.. Case `tablePropertyIR` matches pattern `%%DEFAULT_ACTION=%;`
... Let `(annotationList constOptIR default_action= tableActionReferenceIR ;)` be tablePropertyIR

... Group custom-default-action: IC, STO, (annotationList constOptIR default_action= tableActionReferenceIR ;)

.... Result in STO', (annotationList constOptIR default_action= tableActionReferenceIR ;)

.. Case `tablePropertyIR` matches pattern `%%CUSTOM%%;`
... Let `(annotationList constOptIR custom nameIR (= typedExpressionIR) ;)` be tablePropertyIR

... Group custom: IC, STO_0, (annotationList constOptIR custom nameIR (= typedExpressionIR) ;)

.... Let `IC_inner` be `$enter_path(IC, nameIR)`

.... (Expr_inst: (local) IC_inner STO' |- typedExpressionIR ==> STO_1 value)

.... Result in STO_1, (annotationList constOptIR custom_const nameIR (= value) ;)

.. Case `tablePropertyIR` matches pattern `%%CUSTOM_CONST%%;`
... Let `(annotationList constOptIR custom_const nameIR constantInitializerIR ;)` be tablePropertyIR

... Group custom-const: IC, STO, (annotationList constOptIR custom_const nameIR constantInitializerIR ;)

.... Result in STO', (annotationList constOptIR custom_const nameIR constantInitializerIR ;)

relation TableProperties_inst: IC, STO', tablePropertyIR*{tablePropertyIR <- tablePropertyIR*}

. Case analysis on tablePropertyIR*{tablePropertyIR <- tablePropertyIR*}
.. Case `tablePropertyIR*{tablePropertyIR <- tablePropertyIR*}` matches pattern []
... Group nil: IC, STO, []

.... Result in STO', []

.. Case `tablePropertyIR*{tablePropertyIR <- tablePropertyIR*}` matches pattern _ :: _
... Let `tablePropertyIR_h :: tablePropertyIR_t*{tablePropertyIR_t <- tablePropertyIR_t*}` be tablePropertyIR*{tablePropertyIR <- tablePropertyIR*}

... Group cons: IC, STO_0, tablePropertyIR_h :: tablePropertyIR_t*{}

.... (TableProperty_inst: IC STO' |- tablePropertyIR_h ==> STO_1 tablePropertyIR_h_inst)

.... (TableProperties_inst: IC STO_1 |- tablePropertyIR_t*{tablePropertyIR_t <- tablePropertyIR_t*} ==> STO_2 tablePropertyIR_t_inst*{tablePropertyIR_t_inst <- tablePropertyIR_t_inst*})

.... Result in STO_2, tablePropertyIR_h_inst :: tablePropertyIR_t_inst*{tablePropertyIR_t_inst <- tablePropertyIR_t_inst*}

relation ControlLocalDecl_inst: IC_0', STO_0', controlLocalDeclarationIR

. Case analysis on controlLocalDeclarationIR
.. Case `controlLocalDeclarationIR` has type constantDeclarationIR
... Let `constantDeclarationIR` be `controlLocalDeclarationIR` as constantDeclarationIR

... Group constantDeclarationIR: IC_0, STO_0, `constantDeclarationIR` as controlLocalDeclarationIR

.... (Decl_inst: (block) IC_0' STO_0' |- `constantDeclarationIR` as declarationIR ==> IC_1 STO_1 declarationIR'?{declarationIR' <- declarationIR'?})

.... If (declarationIR'?{declarationIR' <- declarationIR'?} matches pattern (_)), then

..... Let `?(declarationIR)` be declarationIR'?{declarationIR' <- declarationIR'?}

..... If (`declarationIR` has type constantDeclarationIR), then

...... Let `constantDeclarationIR_inst` be `declarationIR` as constantDeclarationIR

...... Result in IC_1, STO_1, ?(`constantDeclarationIR_inst` as controlLocalDeclarationIR)

.. Case `controlLocalDeclarationIR` has type instantiationIR
... Let `instantiationIR` be `controlLocalDeclarationIR` as instantiationIR

... Group instantiationIR: IC_0, STO_0, `instantiationIR` as controlLocalDeclarationIR

.... (Decl_inst: (block) IC_0' STO_0' |- `instantiationIR` as declarationIR ==> IC_1 STO_1 declarationIR'?{declarationIR' <- declarationIR'?})

.... If (declarationIR'?{declarationIR' <- declarationIR'?} matches pattern (_)), then

..... Let `?(declarationIR)` be declarationIR'?{declarationIR' <- declarationIR'?}

..... If (`declarationIR` has type constantDeclarationIR), then

...... Let `constantDeclarationIR` be `declarationIR` as constantDeclarationIR

...... Result in IC_1, STO_1, ?(`constantDeclarationIR` as controlLocalDeclarationIR)

.. Case `controlLocalDeclarationIR` has type variableDeclarationIR
... Let `variableDeclarationIR` be `controlLocalDeclarationIR` as variableDeclarationIR

... Group variableDeclarationIR: IC, STO, `variableDeclarationIR` as controlLocalDeclarationIR

.... Result in IC_0', STO_0', ?(`variableDeclarationIR` as controlLocalDeclarationIR)

.. Case `controlLocalDeclarationIR` has type actionDeclarationIR
... Let `actionDeclarationIR` be `controlLocalDeclarationIR` as actionDeclarationIR

... Group actionDeclarationIR: IC_0, STO_0, `actionDeclarationIR` as controlLocalDeclarationIR

.... (Decl_inst: (block) IC_0' STO_0' |- `actionDeclarationIR` as declarationIR ==> IC_1 STO_1 declarationIR?{declarationIR <- declarationIR?})

.... If (declarationIR?{declarationIR <- declarationIR?} matches pattern ()), then

..... Result in IC_1, STO_1, ?()

.. Case `controlLocalDeclarationIR` has type tableDeclarationIR
... Let `(annotationList table typeIR nameIR { tablePropertyListIR })` be `controlLocalDeclarationIR` as tableDeclarationIR

... Group tableDeclarationIR: IC_0, STO_0, `(annotationList table typeIR nameIR { tablePropertyListIR })` as controlLocalDeclarationIR

.... Let `IC_inner` be `$enter_path(IC_0', nameIR)`

.... (Constructor_inst: (block) IC_0' STO_0' |- (table nameIR { tablePropertyListIR }) < [] >( [] # [] )==> STO_1 object_table)

.... Let `oid` be IC_0'.path ++ [nameIR]

.... Let `STO_2` be `$add_map<oid, object>(STO_1, oid, object_table)`

.... Let `IC_1` be `$add_value_inst((block), IC_0', nameIR, `(! oid)` as value)`

.... Let `constantDeclarationIR` be (() const typeIR nameIR (= `(! oid)` as value) ;)

.... Result in IC_1, STO_1, ?(`constantDeclarationIR` as controlLocalDeclarationIR)

relation ControlLocalDecls_inst: IC', STO', controlLocalDeclarationIR*{controlLocalDeclarationIR <- controlLocalDeclarationIR*}

. Case analysis on controlLocalDeclarationIR*{controlLocalDeclarationIR <- controlLocalDeclarationIR*}
.. Case `controlLocalDeclarationIR*{controlLocalDeclarationIR <- controlLocalDeclarationIR*}` matches pattern []
... Group nil: IC, STO, []

.... Result in IC', STO', []

.. Case `controlLocalDeclarationIR*{controlLocalDeclarationIR <- controlLocalDeclarationIR*}` matches pattern _ :: _
... Let `controlLocalDeclarationIR_h :: controlLocalDeclarationIR_t*{controlLocalDeclarationIR_t <- controlLocalDeclarationIR_t*}` be controlLocalDeclarationIR*{controlLocalDeclarationIR <- controlLocalDeclarationIR*}

... Group cons-none: IC_0, STO_0, controlLocalDeclarationIR_h :: controlLocalDeclarationIR_t*{}

.... (ControlLocalDecl_inst: IC' STO' |- controlLocalDeclarationIR_h ==> IC_1 STO_1 controlLocalDeclarationIR'?{controlLocalDeclarationIR' <- controlLocalDeclarationIR'?})

.... If (controlLocalDeclarationIR'?{controlLocalDeclarationIR' <- controlLocalDeclarationIR'?} matches pattern ()), then

..... (ControlLocalDecls_inst: IC_1 STO_1 |- controlLocalDeclarationIR_t*{controlLocalDeclarationIR_t <- controlLocalDeclarationIR_t*} ==> IC_2 STO_2 controlLocalDeclarationIR_t_inst*{controlLocalDeclarationIR_t_inst <- controlLocalDeclarationIR_t_inst*})

..... Result in IC_2, STO_2, controlLocalDeclarationIR_t_inst*{controlLocalDeclarationIR_t_inst <- controlLocalDeclarationIR_t_inst*}

... Group cons-some: IC_0, STO_0, controlLocalDeclarationIR_h :: controlLocalDeclarationIR_t*{}

.... (ControlLocalDecl_inst: IC' STO' |- controlLocalDeclarationIR_h ==> IC_1 STO_1 controlLocalDeclarationIR'?{controlLocalDeclarationIR' <- controlLocalDeclarationIR'?})

.... If (controlLocalDeclarationIR'?{controlLocalDeclarationIR' <- controlLocalDeclarationIR'?} matches pattern (_)), then

..... Let `?(controlLocalDeclarationIR_h_inst)` be controlLocalDeclarationIR'?{controlLocalDeclarationIR' <- controlLocalDeclarationIR'?}

..... (ControlLocalDecls_inst: IC_1 STO_1 |- controlLocalDeclarationIR_t*{controlLocalDeclarationIR_t <- controlLocalDeclarationIR_t*} ==> IC_2 STO_2 controlLocalDeclarationIR_t_inst*{controlLocalDeclarationIR_t_inst <- controlLocalDeclarationIR_t_inst*})

..... Result in IC_2, STO_2, controlLocalDeclarationIR_h_inst :: controlLocalDeclarationIR_t_inst*{controlLocalDeclarationIR_t_inst <- controlLocalDeclarationIR_t_inst*}

relation Decl_inst: cursor', IC_0, STO', declarationIR

. Case analysis on declarationIR
.. Case `declarationIR` has type constantDeclarationIR
... Let `(annotationList const typeIR nameIR (= value) ;)` be `declarationIR` as constantDeclarationIR

... Group constantDeclarationIR: cursor, IC_0, STO, `(annotationList const typeIR nameIR (= value) ;)` as declarationIR

.... Case analysis on cursor' matches pattern `GLOBAL`
..... Case true
...... Let `IC_1` be `$add_value_inst((global), IC_0, nameIR, value)`

...... Result in IC_1, STO', ?()

..... Case false
...... Let `IC_1` be `$add_value_inst(cursor', IC_0, nameIR, value)`

...... Let `constantDeclarationIR` be (annotationList const typeIR nameIR (= value) ;)

...... Result in IC_1, STO', ?(`constantDeclarationIR` as declarationIR)

.. Case `declarationIR` has type instantiationIR
... Let `(annotationList typeIR prefixedNameIR < typeArgumentListIR >( argumentListIR ) nameIR objectInitializerOptIR ;)` be `declarationIR` as instantiationIR

... Group instantiationIR: cursor, IC_0, STO_0, `(annotationList typeIR prefixedNameIR < typeArgumentListIR >( argumentListIR ) nameIR objectInitializerOptIR ;)` as declarationIR

.... Case analysis on cursor' matches pattern `GLOBAL`
..... Case true
...... Let `(cid, constructor, id*)?{(cid, constructor, id*) <- (cid, constructor, id*)?}` be `$find_constructor_inst(IC_0, prefixedNameIR, argumentListIR)`

...... If ((cid, constructor, id*)?{(cid, constructor, id*) <- (cid, constructor, id*)?} matches pattern (_)), then

....... Let `?((_cid, constructor, id_default*{id_default <- id_default*}))` be (cid, constructor, id*)?{(cid, constructor, id*) <- (cid, constructor, id*)?}

....... Let `IC_inner` be `$enter_path(IC_0, nameIR)`

....... (Constructor_inst: (global) IC_inner STO' |- constructor < typeArgumentListIR >( argumentListIR # id_default*{id_default <- id_default*} )==> STO_1 object)

....... If (`object` has type externObject), then

........ Let `(extern tid { tenv venv renv })` be `object` as externObject

........ Let `IC_decl` be `$empty_instantiationContext`[path = IC_0.path][global = IC_0.global]

........ Let `objectDeclarationListIR` be `$flatten_objectInitializerOptIR(objectInitializerOptIR)`

........ (Decls_inst: (block) IC_decl STO_1 |- `objectDeclarationListIR` as declarationIR* ==> IC_decl_post STO_2 _declarationIR*{_declarationIR <- _declarationIR*})

........ Let `venv_merged` be `$merge_venvs(venv, IC_decl_post.block.venv)`

........ Let `renv_merged` be `$merge_renv_with_extern(renv, IC_decl_post.block.renv)`

........ Let `object_merged` be `(extern tid { tenv venv_merged renv_merged })` as object

........ Let `oid` be IC_0.path ++ [nameIR]

........ Let `STO_3` be `$add_map<oid, object>(STO_2, oid, object_merged)`

........ Let `IC_1` be `$add_value_inst((global), IC_0, nameIR, `(! oid)` as value)`

........ Result in IC_1, STO_2, ?()

....... If (~`$is_extern_object(object)`), then

........ Let `oid` be IC_0.path ++ [nameIR]

........ Let `STO_2` be `$add_map<oid, object>(STO_1, oid, object)`

........ Let `IC_1` be `$add_value_inst((global), IC_0, nameIR, `(! oid)` as value)`

........ Result in IC_1, STO_1, ?()

..... Case false
...... Let `(cid, constructor, id*)?{(cid, constructor, id*) <- (cid, constructor, id*)?}` be `$find_constructor_inst(IC_0, prefixedNameIR, argumentListIR)`

...... If ((cid, constructor, id*)?{(cid, constructor, id*) <- (cid, constructor, id*)?} matches pattern (_)), then

....... Let `?((_cid, constructor, id_default*{id_default <- id_default*}))` be (cid, constructor, id*)?{(cid, constructor, id*) <- (cid, constructor, id*)?}

....... Let `IC_inner` be `$enter_path(IC_0, nameIR)`

....... (Constructor_inst: cursor' IC_inner STO' |- constructor < typeArgumentListIR >( argumentListIR # id_default*{id_default <- id_default*} )==> STO_1 object)

....... If (`object` has type externObject), then

........ Let `(extern tid { tenv venv renv })` be `object` as externObject

........ Let `IC_decl` be `$empty_instantiationContext`[path = IC_0.path][global = IC_0.global]

........ Let `objectDeclarationListIR` be `$flatten_objectInitializerOptIR(objectInitializerOptIR)`

........ (Decls_inst: (block) IC_decl STO_1 |- `objectDeclarationListIR` as declarationIR* ==> IC_decl_post STO_2 _declarationIR*{_declarationIR <- _declarationIR*})

........ Let `venv_merged` be `$merge_venvs(venv, IC_decl_post.block.venv)`

........ Let `renv_merged` be `$merge_renv_with_extern(renv, IC_decl_post.block.renv)`

........ Let `object_merged` be `(extern tid { tenv venv_merged renv_merged })` as object

........ Let `oid` be IC_0.path ++ [nameIR]

........ Let `STO_3` be `$add_map<oid, object>(STO_2, oid, object_merged)`

........ Let `IC_1` be `$add_value_inst((global), IC_0, nameIR, `(! oid)` as value)`

........ Let `constantDeclarationIR` be (() const typeIR nameIR (= `(! oid)` as value) ;)

........ Result in IC_1, STO_2, ?(`constantDeclarationIR` as declarationIR)

....... If (~`$is_extern_object(object)`), then

........ Let `oid` be IC_0.path ++ [nameIR]

........ Let `STO_2` be `$add_map<oid, object>(STO_1, oid, object)`

........ Let `IC_1` be `$add_value_inst(cursor', IC_0, nameIR, `(! oid)` as value)`

........ Let `constantDeclarationIR` be (() const typeIR nameIR (= `(! oid)` as value) ;)

........ Result in IC_1, STO_1, ?(`constantDeclarationIR` as declarationIR)

.. Case `declarationIR` has type functionDeclarationIR
... Let `(annotationList (typeIR nameIR < typeParameterListIR , typeParameterListIR_inferred >( parameterListIR )) blockStatementIR)` be `declarationIR` as functionDeclarationIR

... Group functionDeclarationIR: p, IC_0, STO, `(annotationList (typeIR nameIR < typeParameterListIR , typeParameterListIR_inferred >( parameterListIR )) blockStatementIR)` as declarationIR

.... Let `rid` be `$rid_IR(nameIR, parameterListIR)`

.... Let `function` be (function< typeParameterListIR ++ typeParameterListIR_inferred >( parameterListIR ) blockStatementIR)

.... Let `IC_1` be `$add_routine_overload_inst(cursor', IC_0, rid, `function` as routine)`

.... Result in IC_1, STO', ?()

.. Case `declarationIR` has type actionDeclarationIR
... Let `(annotationList action nameIR ( parameterListIR ) blockStatementIR)` be `declarationIR` as actionDeclarationIR

... Group actionDeclarationIR: p, IC_0, STO, `(annotationList action nameIR ( parameterListIR ) blockStatementIR)` as declarationIR

.... Let `rid` be `$rid_IR(nameIR, parameterListIR)`

.... Let `function` be (action( parameterListIR ) blockStatementIR)

.... Let `IC_1` be `$add_routine_non_overload_inst(cursor', IC_0, rid, `function` as routine)`

.... Result in IC_1, STO', ?()

. If (cursor' matches pattern `GLOBAL`), then

.. Case analysis on declarationIR
... Case `declarationIR` has type errorDeclarationIR
.... Let `(error{ nameIR*{nameIR <- nameIR*} })` be `declarationIR` as errorDeclarationIR

.... Group errorDeclarationIR: (global), IC_0, STO, `(error{ nameIR*{} })` as declarationIR

Let `nameIR_error*` be the list of `nameIR_error`, obtained by repeating:
 ..... Let `nameIR_error` be `$concat_text(["error.", nameIR])`
for each `nameIR` in `nameIR*`

Let `value_error*` be the list of `value_error`, obtained by repeating:
 ..... Let `value_error` be `(error. nameIR)` as value
for each `nameIR` in `nameIR*`

..... Let `IC_1` be `$add_values_inst((global), IC_0, nameIR_error*{nameIR_error <- nameIR_error*}, value_error*{value_error <- value_error*})`

..... Result in IC_1, STO', ?()

... Case `declarationIR` has type matchKindDeclarationIR
.... Let `(match_kind{ nameIR*{nameIR <- nameIR*} })` be `declarationIR` as matchKindDeclarationIR

.... Group matchKindDeclarationIR: (global), IC_0, STO, `(match_kind{ nameIR*{} })` as declarationIR

Let `value_match_kind*` be the list of `value_match_kind`, obtained by repeating:
 ..... Let `value_match_kind` be `(match_kind. nameIR)` as value
for each `nameIR` in `nameIR*`

..... Let `IC_1` be `$add_values_inst((global), IC_0, nameIR*{nameIR <- nameIR*}, value_match_kind*{value_match_kind <- value_match_kind*})`

..... Result in IC_1, STO', ?()

... Case `declarationIR` has type externFunctionDeclarationIR
.... Let `(annotationList extern (typeIR nameIR < typeParameterListIR , typeParameterListIR_inferred >( parameterListIR )) ;)` be `declarationIR` as externFunctionDeclarationIR

.... Group externFunctionDeclarationIR: (global), IC_0, STO, `(annotationList extern (typeIR nameIR < typeParameterListIR , typeParameterListIR_inferred >( parameterListIR )) ;)` as declarationIR

..... Let `rid` be `$rid_IR(nameIR, parameterListIR)`

..... Let `function` be (extern_function< typeParameterListIR ++ typeParameterListIR_inferred >( parameterListIR ))

..... Let `IC_1` be `$add_routine_overload_inst((global), IC_0, rid, `function` as routine)`

..... Result in IC_1, STO', ?()

... Case `declarationIR` has type externObjectDeclarationIR
.... Let `(annotationList extern nameIR < typeParameterListIR , typeParameterListIR_inferred >{ methodPrototypeIR*{methodPrototypeIR <- methodPrototypeIR*} })` be `declarationIR` as externObjectDeclarationIR

.... Group externDeclaration-externObjectDeclaration: (global), IC_0, STO, `(annotationList extern nameIR < typeParameterListIR , typeParameterListIR_inferred >{ methodPrototypeIR*{} })` as declarationIR

..... Let `(methodPrototypeIR'*{methodPrototypeIR' <- methodPrototypeIR'*}, methodPrototypeIR_method*{methodPrototypeIR_method <- methodPrototypeIR_method*})` be `$split_constructors_IR(methodPrototypeIR*{methodPrototypeIR <- methodPrototypeIR*})`

..... If (methodPrototypeIR'*{methodPrototypeIR' <- methodPrototypeIR'*} matches pattern []), then

...... (Bind_methods: `$empty_rdenv` |- methodPrototypeIR_method*{methodPrototypeIR_method <- methodPrototypeIR_method*} ==> rdenv)

...... Let `externObjectTypeIR` be (extern nameIR rdenv)

...... Let `polyTypeDefIR` be (`externObjectTypeIR` as typeIR < typeParameterListIR , [] >)

...... Let `IC_1` be `$add_typedef_inst((global), IC_0, nameIR, `polyTypeDefIR` as typeDefIR)`

...... Let `cid` be `$cid_IR(nameIR, [])`

...... Let `constructor` be (extern nameIR < typeParameterListIR >( [] ){ methodPrototypeIR_method*{methodPrototypeIR_method <- methodPrototypeIR_method*} })

...... Let `IC_2` be `$add_constructor_inst((global), IC_1, cid, constructor)`

...... Result in IC_2, STO', ?()

..... (Bind_methods: `$empty_rdenv` |- methodPrototypeIR_method*{methodPrototypeIR_method <- methodPrototypeIR_method*} ==> rdenv)

..... Let `externObjectTypeIR` be (extern nameIR rdenv)

..... Let `polyTypeDefIR` be (`externObjectTypeIR` as typeIR < typeParameterListIR , [] >)

..... Let `IC_1` be `$add_typedef_inst((global), IC_0, nameIR, `polyTypeDefIR` as typeDefIR)`

..... (Bind_constructors: (global) IC_1 typeParameterListIR methodPrototypeIR_method*{methodPrototypeIR_method <- methodPrototypeIR_method*} |- methodPrototypeIR'*{methodPrototypeIR' <- methodPrototypeIR'*} ==> IC_2)

..... Result in IC_2, STO', ?()

... Case `declarationIR` has type parserDeclarationIR
.... Let `(annotationList parser nameIR < typeParameterIR*{typeParameterIR <- typeParameterIR*} >( parameterListIR )( constructorParameterListIR ){ parserLocalDeclarationListIR parserStateListIR })` be `declarationIR` as parserDeclarationIR

.... If (typeParameterIR*{typeParameterIR <- typeParameterIR*} matches pattern []), then

..... Group parserDeclarationIR: (global), IC_0, STO, `(annotationList parser nameIR < [] >( parameterListIR )( constructorParameterListIR ){ parserLocalDeclarationListIR parserStateListIR })` as declarationIR

...... Let `cid` be `$cid_IR(nameIR, constructorParameterListIR)`

...... Let `constructor` be (parser( parameterListIR )( constructorParameterListIR ){ parserLocalDeclarationListIR parserStateListIR })

...... Let `IC_1` be `$add_constructor_inst((global), IC_0, cid, constructor)`

...... Result in IC_1, STO', ?()

... Case `declarationIR` has type controlDeclarationIR
.... Let `(annotationList control nameIR < typeParameterIR*{typeParameterIR <- typeParameterIR*} >( parameterListIR )( constructorParameterListIR ){ controlLocalDeclarationListIR apply controlBodyIR })` be `declarationIR` as controlDeclarationIR

.... If (typeParameterIR*{typeParameterIR <- typeParameterIR*} matches pattern []), then

..... Group controlDeclarationIR: (global), IC_0, STO, `(annotationList control nameIR < [] >( parameterListIR )( constructorParameterListIR ){ controlLocalDeclarationListIR apply controlBodyIR })` as declarationIR

...... Let `cid` be `$cid_IR(nameIR, constructorParameterListIR)`

...... Let `constructor` be (control( parameterListIR )( constructorParameterListIR ){ controlLocalDeclarationListIR apply controlBodyIR })

...... Let `IC_1` be `$add_constructor_inst((global), IC_0, cid, constructor)`

...... Result in IC_1, STO', ?()

... Case `declarationIR` has type enumTypeDeclarationIR
.... Let `enumTypeDeclarationIR` be `declarationIR` as enumTypeDeclarationIR

.... Case analysis on enumTypeDeclarationIR
..... Case `enumTypeDeclarationIR` matches pattern `%ENUM%{%}`
...... Let `(annotationList enum nameIR { nameIR_field*{nameIR_field <- nameIR_field*} })` be enumTypeDeclarationIR

...... Group typeDeclarationIR-derivedTypeDeclarationIR-enumTypeDeclarationIR-enum: (global), IC_0, STO, `(annotationList enum nameIR { nameIR_field*{} })` as declarationIR

Let `nameIR_enum_field*` be the list of `nameIR_enum_field`, obtained by repeating:
 ....... Let `nameIR_enum_field` be nameIR ++ "." ++ nameIR_field
for each `nameIR_field` in `nameIR_field*`

Let `value_enum_field*` be the list of `value_enum_field`, obtained by repeating:
 ....... Let `value_enum_field` be `(nameIR . nameIR_field)` as value
for each `nameIR_field` in `nameIR_field*`

....... Let `IC_1` be `$add_values_inst((global), IC_0, nameIR_enum_field*{nameIR_enum_field <- nameIR_enum_field*}, value_enum_field*{value_enum_field <- value_enum_field*})`

....... Let `typeIR_enum` be `(enum nameIR { nameIR_field*{nameIR_field <- nameIR_field*} })` as typeIR

....... Let `IC_2` be `$add_typedef_inst((global), IC_1, nameIR, `typeIR_enum` as typeDefIR)`

....... Result in IC_2, STO', ?()

..... Case `enumTypeDeclarationIR` matches pattern `%ENUM%%{%}`
...... Let `(annotationList enum typeIR nameIR { (nameIR_field = typedExpressionIR_field)*{nameIR_field <- nameIR_field*, typedExpressionIR_field <- typedExpressionIR_field*} })` be enumTypeDeclarationIR

...... Group typeDeclarationIR-derivedTypeDeclarationIR-enumTypeDeclarationIR-serializableEnum: (global), IC_0, STO_0, `(annotationList enum typeIR nameIR { (nameIR_field = typedExpressionIR_field)*{} })` as declarationIR

....... (Exprs_inst: (global) IC_0 STO' |- typedExpressionIR_field*{typedExpressionIR_field <- typedExpressionIR_field*} ==> STO_1 value_field*{value_field <- value_field*})

Let `nameIR_serenum_field*` be the list of `nameIR_serenum_field`, obtained by repeating:
 ....... Let `nameIR_serenum_field` be nameIR ++ "." ++ nameIR_field
for each `nameIR_field` in `nameIR_field*`

Let `value_serenum_field*` be the list of `value_serenum_field`, obtained by repeating:
 ....... Let `value_serenum_field` be `(nameIR . nameIR_field # value_field)` as value
for each `nameIR_field` in `nameIR_field*` and `value_field` in `value_field*`

....... Let `IC_1` be `$add_values_inst((global), IC_0, nameIR_serenum_field*{nameIR_serenum_field <- nameIR_serenum_field*}, value_serenum_field*{value_serenum_field <- value_serenum_field*})`

....... Let `typeIR_serenum` be `(enum nameIR # typeIR { (nameIR_field = value_field ;)*{nameIR_field <- nameIR_field*, value_field <- value_field*} })` as typeIR

....... Let `IC_2` be `$add_typedef_inst((global), IC_1, nameIR, `typeIR_serenum` as typeDefIR)`

....... Result in IC_2, STO_1, ?()

... Case `declarationIR` has type structTypeDeclarationIR
.... Let `(annotationList struct nameIR < typeParameterListIR , typeParameterListIR_inferred >{ typeFieldIR*{typeFieldIR <- typeFieldIR*} })` be `declarationIR` as structTypeDeclarationIR

.... Group typeDeclarationIR-derivedTypeDeclarationIR-structTypeDeclarationIR: (global), IC_0, STO, `(annotationList struct nameIR < typeParameterListIR , typeParameterListIR_inferred >{ typeFieldIR*{} })` as declarationIR

Let `annotationList_field*` be the list of `annotationList_field` and `nameIR_field*` be the list of `nameIR_field` and `typeIR_field*` be the list of `typeIR_field`, obtained by repeating:
 ..... Let `(annotationList_field typeIR_field nameIR_field ;)` be typeFieldIR
for each `typeFieldIR` in `typeFieldIR*`

..... Let `typeDefIR` be `(`(struct nameIR { (typeIR_field nameIR_field ;)*{nameIR_field <- nameIR_field*, typeIR_field <- typeIR_field*} })` as typeIR < typeParameterListIR , typeParameterListIR_inferred >)` as typeDefIR

..... Let `IC_1` be `$add_typedef_inst((global), IC_0, nameIR, typeDefIR)`

..... Result in IC_1, STO', ?()

... Case `declarationIR` has type headerTypeDeclarationIR
.... Let `(annotationList header nameIR < typeParameterListIR , typeParameterListIR_inferred >{ typeFieldIR*{typeFieldIR <- typeFieldIR*} })` be `declarationIR` as headerTypeDeclarationIR

.... Group typeDeclarationIR-derivedTypeDeclarationIR-headerTypeDeclarationIR: (global), IC_0, STO, `(annotationList header nameIR < typeParameterListIR , typeParameterListIR_inferred >{ typeFieldIR*{} })` as declarationIR

Let `annotationList_field*` be the list of `annotationList_field` and `nameIR_field*` be the list of `nameIR_field` and `typeIR_field*` be the list of `typeIR_field`, obtained by repeating:
 ..... Let `(annotationList_field typeIR_field nameIR_field ;)` be typeFieldIR
for each `typeFieldIR` in `typeFieldIR*`

..... Let `typeDefIR` be `(`(header nameIR { (typeIR_field nameIR_field ;)*{nameIR_field <- nameIR_field*, typeIR_field <- typeIR_field*} })` as typeIR < typeParameterListIR , typeParameterListIR_inferred >)` as typeDefIR

..... Let `IC_1` be `$add_typedef_inst((global), IC_0, nameIR, typeDefIR)`

..... Result in IC_1, STO', ?()

... Case `declarationIR` has type headerUnionTypeDeclarationIR
.... Let `(annotationList header_union nameIR < typeParameterListIR , typeParameterListIR_inferred >{ typeFieldIR*{typeFieldIR <- typeFieldIR*} })` be `declarationIR` as headerUnionTypeDeclarationIR

.... Group typeDeclarationIR-derivedTypeDeclarationIR-headerUnionTypeDeclarationIR: (global), IC_0, STO, `(annotationList header_union nameIR < typeParameterListIR , typeParameterListIR_inferred >{ typeFieldIR*{} })` as declarationIR

Let `annotationList_field*` be the list of `annotationList_field` and `nameIR_field*` be the list of `nameIR_field` and `typeIR_field*` be the list of `typeIR_field`, obtained by repeating:
 ..... Let `(annotationList_field typeIR_field nameIR_field ;)` be typeFieldIR
for each `typeFieldIR` in `typeFieldIR*`

..... Let `typeDefIR` be `(`(header_union nameIR { (typeIR_field nameIR_field ;)*{nameIR_field <- nameIR_field*, typeIR_field <- typeIR_field*} })` as typeIR < typeParameterListIR , typeParameterListIR_inferred >)` as typeDefIR

..... Let `IC_1` be `$add_typedef_inst((global), IC_0, nameIR, typeDefIR)`

..... Result in IC_1, STO', ?()

... Case `declarationIR` has type typedefDeclarationIR
.... Let `typedefDeclarationIR` be `declarationIR` as typedefDeclarationIR

.... Case analysis on typedefDeclarationIR
..... Case `typedefDeclarationIR` matches pattern `%TYPEDEF%%;`
...... Let `(annotationList typedef typedefIR nameIR ;)` be typedefDeclarationIR

...... Group typeDeclarationIR-typedefDeclarationIR-typedef: (global), IC_0, STO, `(annotationList typedef typedefIR nameIR ;)` as declarationIR

....... Case analysis on typedefIR
........ Case `typedefIR` has type typeIR
......... Let `typeIR` be `typedefIR` as typeIR

......... Let `typeIR_typedef` be `(typedef nameIR typeIR)` as typeIR

......... Let `IC_1` be `$add_typedef_inst((global), IC_0, nameIR, `typeIR_typedef` as typeDefIR)`

......... Result in IC_1, STO', ?()

........ Case `typedefIR` has type derivedTypeDeclarationIR
......... Let `derivedTypeDeclarationIR` be `typedefIR` as derivedTypeDeclarationIR

......... (Decl_inst: (global) IC_0 `$empty_store` |- `derivedTypeDeclarationIR` as declarationIR ==> IC_local _store _declarationIR?{_declarationIR <- _declarationIR?})

......... Let `({ tid*{tid <- tid*} })` be `$diff_set<tid>(`$dom_map<tid, typeDefIR>(IC_local.global.tdenv)`, `$dom_map<tid, typeDefIR>(IC_0.global.tdenv)`)`

......... If (tid*{tid <- tid*} matches pattern [ _/1 ]), then

.......... Let `[tid_newtype]` be tid*{tid <- tid*}

.......... Let `typeDefIR'?{typeDefIR' <- typeDefIR'?}` be `$find_typedef_inst((global), IC_local, (. tid_newtype))`

.......... If (typeDefIR'?{typeDefIR' <- typeDefIR'?} matches pattern (_)), then

........... Let `?(typeDefIR)` be typeDefIR'?{typeDefIR' <- typeDefIR'?}

........... Case analysis on typeDefIR
............ Case `typeDefIR` has type typeIR
............. Let `typeIR` be `typeDefIR` as typeIR

............. Let `typeIR_typedef` be `(typedef nameIR typeIR)` as typeIR

............. Let `IC_1` be `$add_typedef_inst((global), IC_0, nameIR, `typeIR_typedef` as typeDefIR)`

............. Result in IC_1, STO', ?()

............ Case `typeDefIR` has type polyTypeDefIR
............. Let `(typeIR < tid'*{tid' <- tid'*} , tid''*{tid'' <- tid''*} >)` be `typeDefIR` as polyTypeDefIR

............. If (tid'*{tid' <- tid'*} matches pattern []), then

.............. If (tid''*{tid'' <- tid''*} matches pattern []), then

............... Let `typeIR_typedef` be `(typedef nameIR `((typeIR < [] , [] >) < [] >)` as typeIR)` as typeIR

............... Let `IC_1` be `$add_typedef_inst((global), IC_0, nameIR, `typeIR_typedef` as typeDefIR)`

............... Result in IC_1, STO', ?()

..... Case `typedefDeclarationIR` matches pattern `%TYPE%%;`
...... Let `(annotationList type typeIR nameIR ;)` be typedefDeclarationIR

...... Group typeDeclarationIR-typedefDeclarationIR-newtype: (global), IC_0, STO, `(annotationList type typeIR nameIR ;)` as declarationIR

....... Let `typeIR_newtype` be `(type nameIR typeIR)` as typeIR

....... Let `IC_1` be `$add_typedef_inst((global), IC_0, nameIR, `typeIR_newtype` as typeDefIR)`

....... Result in IC_1, STO', ?()

... Case `declarationIR` has type parserTypeDeclarationIR
.... Let `(annotationList parser nameIR < typeParameterListIR , typeParameterListIR_inferred >( parameterIR*{parameterIR <- parameterIR*} );)` be `declarationIR` as parserTypeDeclarationIR

.... Group typeDeclarationIR-parserTypeDeclarationIR: (global), IC_0, STO, `(annotationList parser nameIR < typeParameterListIR , typeParameterListIR_inferred >( parameterIR*{} );)` as declarationIR

Let `parameterTypeIR*` be the list of `parameterTypeIR`, obtained by repeating:
 ..... Let `parameterTypeIR` be `$parameterIR(parameterIR)`
for each `parameterIR` in `parameterIR*`

..... Let `typeIR_parser` be `(parser( parameterTypeIR*{parameterTypeIR <- parameterTypeIR*} ))` as typeIR

..... Let `typeDefIR_parser` be `(typeIR_parser < typeParameterListIR , typeParameterListIR_inferred >)` as typeDefIR

..... Let `IC_1` be `$add_typedef_inst((global), IC_0, nameIR, typeDefIR_parser)`

..... Result in IC_1, STO', ?()

... Case `declarationIR` has type controlTypeDeclarationIR
.... Let `(annotationList control nameIR < typeParameterListIR , typeParameterListIR_inferred >( parameterIR*{parameterIR <- parameterIR*} );)` be `declarationIR` as controlTypeDeclarationIR

.... Group typeDeclarationIR-controlTypeDeclarationIR: (global), IC_0, STO, `(annotationList control nameIR < typeParameterListIR , typeParameterListIR_inferred >( parameterIR*{} );)` as declarationIR

Let `parameterTypeIR*` be the list of `parameterTypeIR`, obtained by repeating:
 ..... Let `parameterTypeIR` be `$parameterIR(parameterIR)`
for each `parameterIR` in `parameterIR*`

..... Let `typeIR_control` be `(control( parameterTypeIR*{parameterTypeIR <- parameterTypeIR*} ))` as typeIR

..... Let `typeDefIR_control` be `(typeIR_control < typeParameterListIR , typeParameterListIR_inferred >)` as typeDefIR

..... Let `IC_1` be `$add_typedef_inst((global), IC_0, nameIR, typeDefIR_control)`

..... Result in IC_1, STO', ?()

... Case `declarationIR` has type packageTypeDeclarationIR
.... Let `(annotationList package nameIR < typeParameterListIR , typeParameterListIR_inferred >( parameterIR*{parameterIR <- parameterIR*} );)` be `declarationIR` as packageTypeDeclarationIR

.... Group typeDeclarationIR-packageTypeDeclarationIR: (global), IC_0, STO, `(annotationList package nameIR < typeParameterListIR , typeParameterListIR_inferred >( parameterIR*{} );)` as declarationIR

Let `_annotationList*` be the list of `_annotationList` and `_constantInitializerOptIR*` be the list of `_constantInitializerOptIR` and `_direction*` be the list of `_direction` and `_nameIR*` be the list of `_nameIR` and `typeIR*` be the list of `typeIR`, obtained by repeating:
 ..... Let `(_annotationList _direction typeIR _nameIR _constantInitializerOptIR)` be parameterIR
for each `parameterIR` in `parameterIR*`

..... Let `typeIR_package` be `(package< typeIR*{typeIR <- typeIR*} >)` as typeIR

..... Let `typeDefIR_package` be `(typeIR_package < typeParameterListIR , typeParameterListIR_inferred >)` as typeDefIR

..... Let `IC_1` be `$add_typedef_inst((global), IC_0, nameIR, typeDefIR_package)`

..... Let `cid` be `$cid_IR(nameIR, parameterIR*{parameterIR <- parameterIR*})`

..... Let `constructor_package` be (package< typeParameterListIR ++ typeParameterListIR_inferred >( parameterIR*{parameterIR <- parameterIR*} ))

..... Let `IC_2` be `$add_constructor_inst((global), IC_1, cid, constructor_package)`

..... Result in IC_2, STO', ?()

relation Decls_inst: p, IC', STO', declarationIR*{declarationIR <- declarationIR*}

. Case analysis on declarationIR*{declarationIR <- declarationIR*}
.. Case `declarationIR*{declarationIR <- declarationIR*}` matches pattern []
... Group nil: p, IC, STO, []

.... Result in IC', STO', []

.. Case `declarationIR*{declarationIR <- declarationIR*}` matches pattern _ :: _
... Let `declarationIR_h :: declarationIR_t*{declarationIR_t <- declarationIR_t*}` be declarationIR*{declarationIR <- declarationIR*}

... Group cons-none: p, IC_0, STO_0, declarationIR_h :: declarationIR_t*{}

.... (Decl_inst: p IC' STO' |- declarationIR_h ==> IC_1 STO_1 declarationIR'?{declarationIR' <- declarationIR'?})

.... If (declarationIR'?{declarationIR' <- declarationIR'?} matches pattern ()), then

..... (Decls_inst: p IC_1 STO_1 |- declarationIR_t*{declarationIR_t <- declarationIR_t*} ==> IC_2 STO_2 declarationIR_t_inst*{declarationIR_t_inst <- declarationIR_t_inst*})

..... Result in IC_2, STO_2, declarationIR_t_inst*{declarationIR_t_inst <- declarationIR_t_inst*}

... Group cons-some: p, IC_0, STO_0, declarationIR_h :: declarationIR_t*{}

.... (Decl_inst: p IC' STO' |- declarationIR_h ==> IC_1 STO_1 declarationIR'?{declarationIR' <- declarationIR'?})

.... If (declarationIR'?{declarationIR' <- declarationIR'?} matches pattern (_)), then

..... Let `?(declarationIR_h_inst)` be declarationIR'?{declarationIR' <- declarationIR'?}

..... (Decls_inst: p IC_1 STO_1 |- declarationIR_t*{declarationIR_t <- declarationIR_t*} ==> IC_2 STO_2 declarationIR_t_inst*{declarationIR_t_inst <- declarationIR_t_inst*})

..... Result in IC_2, STO_2, declarationIR_h_inst :: declarationIR_t_inst*{declarationIR_t_inst <- declarationIR_t_inst*}

relation Program_inst: p4program

. Group : p4program

.. (Program_ok: |- p4program : _typingContext (declarationIR*{declarationIR <- declarationIR*} ;))

.. Let `IC_0` be `$empty_instantiationContext`

.. Let `STO_0` be `$empty_store`

.. (Decls_inst: (global) IC_0 STO_0 |- declarationIR*{declarationIR <- declarationIR*} ==> IC_1 STO_1 declarationIR'*{declarationIR' <- declarationIR'*})

.. If (declarationIR'*{declarationIR' <- declarationIR'*} matches pattern []), then

... Result in IC_1.global.cenv, IC_1.global.tdenv, IC_1.global.renv, IC_1.global.venv, STO_1

relation Bind_arg: p_caller, IC_caller, p_callee, IC_callee_0, STO_0, id, argumentIR

. Group : p_caller, IC_caller, p_callee, IC_callee_0, STO_0, id, argumentIR

.. Let `IC_caller_inner` be `$enter_path(IC_caller, id)`

.. (Argument_inst: p_caller IC_caller_inner STO_0 |- argumentIR ==> STO_1 value)

.. Let `IC_callee_1` be `$add_value_inst(p_callee, IC_callee_0, id, value)`

.. Result in IC_callee_1, STO_1

relation Bind_args: p_caller, IC_caller, p_callee, IC_callee', STO', id*{id <- id*}, argumentIR*{argumentIR <- argumentIR*}

. Case analysis on id*{id <- id*}
.. Case `id*{id <- id*}` matches pattern []
... If (argumentIR*{argumentIR <- argumentIR*} matches pattern []), then

.... Group nil: p_caller, IC_caller, p_callee, IC_callee, STO, [], []

..... Result in IC_callee', STO'

.. Case `id*{id <- id*}` matches pattern _ :: _
... Let `id_h :: id_t*{id_t <- id_t*}` be id*{id <- id*}

... If (argumentIR*{argumentIR <- argumentIR*} matches pattern _ :: _), then

.... Let `argumentIR_h :: argumentIR_t*{argumentIR_t <- argumentIR_t*}` be argumentIR*{argumentIR <- argumentIR*}

.... Group cons: p_caller, IC_caller, p_callee, IC_callee_0, STO_0, id_h :: id_t*{}, argumentIR_h :: argumentIR_t*{}

..... (Bind_arg: p_caller IC_caller | p_callee IC_callee' STO' |- id_h argumentIR_h ==> IC_callee_1 STO_1)

..... (Bind_args: p_caller IC_caller | p_callee IC_callee_1 STO_1 |- id_t*{id_t <- id_t*} argumentIR_t*{argumentIR_t <- argumentIR_t*} ==> IC_callee_2 STO_2)

..... Result in IC_callee_2, STO_2

relation Constructor_inst: p, IC, STO_0, constructor, typeArgumentIR*{typeArgumentIR <- typeArgumentIR*}, argumentIR*{argumentIR <- argumentIR*}, id_default'*{id_default' <- id_default'*}

. Case analysis on constructor
.. Case `constructor` matches pattern `EXTERN%<%>(%){%}`
... Let `(extern nameIR < typeParameterIR*{typeParameterIR <- typeParameterIR*} >( constructorParameterIR*{constructorParameterIR <- constructorParameterIR*} ){ methodPrototypeIR*{methodPrototypeIR <- methodPrototypeIR*} })` be constructor

... Group extern: p, IC, STO_0, (extern nameIR < typeParameterIR*{} >( constructorParameterIR*{} ){ methodPrototypeIR*{} }), typeArgumentIR*{}, argumentIR*{}, id_default*{}

.... Let `p_callee` be (block)

.... Let `IC_callee_0` be `$inherit_instantiationContext((global), IC)`

.... Let `IC_callee_1` be `$add_types_inst(p_callee, IC_callee_0, typeParameterIR*{typeParameterIR <- typeParameterIR*}, typeArgumentIR*{typeArgumentIR <- typeArgumentIR*})`

.... Let `(constructorParameterIR_aligned*{constructorParameterIR_aligned <- constructorParameterIR_aligned*}, argumentIR_aligned*{argumentIR_aligned <- argumentIR_aligned*}, constructorParameterIR_default*{constructorParameterIR_default <- constructorParameterIR_default*}, value_default*{value_default <- value_default*})` be `$align_cparams_with_args(constructorParameterIR*{constructorParameterIR <- constructorParameterIR*}, argumentIR*{argumentIR <- argumentIR*}, id_default'*{id_default' <- id_default'*})`

Let `_annotationList*` be the list of `_annotationList` and `_constantInitializerOptIR*` be the list of `_constantInitializerOptIR` and `_direction*` be the list of `_direction` and `_typeIR*` be the list of `_typeIR` and `id_aligned*` be the list of `id_aligned`, obtained by repeating:
 .... Let `(_annotationList _direction _typeIR id_aligned _constantInitializerOptIR)` be constructorParameterIR_aligned
for each `constructorParameterIR_aligned` in `constructorParameterIR_aligned*`

.... (Bind_args: p IC | p_callee IC_callee_1 STO_0 |- id_aligned*{id_aligned <- id_aligned*} argumentIR_aligned*{argumentIR_aligned <- argumentIR_aligned*} ==> IC_callee_2 STO_1)

Let `_annotationList'*` be the list of `_annotationList'` and `_constantInitializerOptIR'*` be the list of `_constantInitializerOptIR'` and `_direction'*` be the list of `_direction'` and `_typeIR'*` be the list of `_typeIR'` and `id_cparam_default*` be the list of `id_cparam_default`, obtained by repeating:
 .... Let `(_annotationList' _direction' _typeIR' id_cparam_default _constantInitializerOptIR')` be constructorParameterIR_default
for each `constructorParameterIR_default` in `constructorParameterIR_default*`

.... Let `IC_callee_3` be `$add_values_inst(p_callee, IC_callee_2, id_cparam_default*{id_cparam_default <- id_cparam_default*}, value_default*{value_default <- value_default*})`

.... (ExternMethods_inst: IC_callee_3 |- methodPrototypeIR*{methodPrototypeIR <- methodPrototypeIR*} ==> IC_callee_4)

.... Let `object_extern` be `(extern nameIR { IC_callee_4.block.tenv IC_callee_4.block.venv IC_callee_4.block.renv })` as object

.... Result in STO_1, object_extern

.. Case `constructor` matches pattern `PARSER(%)(%){%%}`
... Let `(parser( parameterIR*{parameterIR <- parameterIR*} )( constructorParameterIR*{constructorParameterIR <- constructorParameterIR*} ){ parserLocalDeclarationIR*{parserLocalDeclarationIR <- parserLocalDeclarationIR*} parserStateIR*{parserStateIR <- parserStateIR*} })` be constructor

... If (typeArgumentIR*{typeArgumentIR <- typeArgumentIR*} matches pattern []), then

.... Group parser: p, IC, STO_0, (parser( parameterIR*{} )( constructorParameterIR*{} ){ parserLocalDeclarationIR*{} parserStateIR*{} }), [], argumentIR*{}, id_default*{}

..... Let `p_callee` be (block)

..... Let `IC_callee_0` be `$inherit_instantiationContext((global), IC)`

..... Let `(constructorParameterIR_aligned*{constructorParameterIR_aligned <- constructorParameterIR_aligned*}, argumentIR_aligned*{argumentIR_aligned <- argumentIR_aligned*}, constructorParameterIR_default*{constructorParameterIR_default <- constructorParameterIR_default*}, value_default*{value_default <- value_default*})` be `$align_cparams_with_args(constructorParameterIR*{constructorParameterIR <- constructorParameterIR*}, argumentIR*{argumentIR <- argumentIR*}, id_default'*{id_default' <- id_default'*})`

Let `_annotationList*` be the list of `_annotationList` and `_constantInitializerOptIR*` be the list of `_constantInitializerOptIR` and `_direction*` be the list of `_direction` and `_typeIR*` be the list of `_typeIR` and `id_aligned*` be the list of `id_aligned`, obtained by repeating:
 ..... Let `(_annotationList _direction _typeIR id_aligned _constantInitializerOptIR)` be constructorParameterIR_aligned
for each `constructorParameterIR_aligned` in `constructorParameterIR_aligned*`

..... (Bind_args: p IC | p_callee IC_callee_0 STO_0 |- id_aligned*{id_aligned <- id_aligned*} argumentIR_aligned*{argumentIR_aligned <- argumentIR_aligned*} ==> IC_callee_1 STO_1)

Let `_annotationList'*` be the list of `_annotationList'` and `_constantInitializerOptIR'*` be the list of `_constantInitializerOptIR'` and `_direction'*` be the list of `_direction'` and `_typeIR'*` be the list of `_typeIR'` and `id_cparam_default*` be the list of `id_cparam_default`, obtained by repeating:
 ..... Let `(_annotationList' _direction' _typeIR' id_cparam_default _constantInitializerOptIR')` be constructorParameterIR_default
for each `constructorParameterIR_default` in `constructorParameterIR_default*`

..... Let `IC_callee_2` be `$add_values_inst(p_callee, IC_callee_1, id_cparam_default*{id_cparam_default <- id_cparam_default*}, value_default*{value_default <- value_default*})`

..... (ParserLocalDecls_inst: IC_callee_2 STO_1 |- parserLocalDeclarationIR*{parserLocalDeclarationIR <- parserLocalDeclarationIR*} ==> IC_local_0 STO_2 parserLocalDeclarationIR_inst*{parserLocalDeclarationIR_inst <- parserLocalDeclarationIR_inst*})

..... Let `IC_local_1` be `$add_state_inst((block), IC_local_0, "accept", ())`

..... Let `IC_local_2` be `$add_state_inst((block), IC_local_1, "reject", ())`

..... (ParserStates_inst: IC_local_2 STO_2 |- parserStateIR*{parserStateIR <- parserStateIR*} ==> IC_state STO_3)

..... Let `object_parser` be `(parser( parameterIR*{parameterIR <- parameterIR*} ){ IC_callee_2.block.venv parserLocalDeclarationIR_inst*{parserLocalDeclarationIR_inst <- parserLocalDeclarationIR_inst*} IC_state.block.senv })` as object

..... Result in STO_3, object_parser

.. Case `constructor` matches pattern `CONTROL(%)(%){%APPLY%}`
... Let `(control( parameterIR*{parameterIR <- parameterIR*} )( constructorParameterIR*{constructorParameterIR <- constructorParameterIR*} ){ controlLocalDeclarationIR*{controlLocalDeclarationIR <- controlLocalDeclarationIR*} apply controlBodyIR })` be constructor

... If (typeArgumentIR*{typeArgumentIR <- typeArgumentIR*} matches pattern []), then

.... Group control: p, IC, STO_0, (control( parameterIR*{} )( constructorParameterIR*{} ){ controlLocalDeclarationIR*{} apply controlBodyIR }), [], argumentIR*{}, id_default*{}

..... Let `p_callee` be (block)

..... Let `IC_callee_0` be `$inherit_instantiationContext((global), IC)`

..... Let `(constructorParameterIR_aligned*{constructorParameterIR_aligned <- constructorParameterIR_aligned*}, argumentIR_aligned*{argumentIR_aligned <- argumentIR_aligned*}, constructorParameterIR_default*{constructorParameterIR_default <- constructorParameterIR_default*}, value_default*{value_default <- value_default*})` be `$align_cparams_with_args(constructorParameterIR*{constructorParameterIR <- constructorParameterIR*}, argumentIR*{argumentIR <- argumentIR*}, id_default'*{id_default' <- id_default'*})`

Let `_annotationList*` be the list of `_annotationList` and `_constantInitializerOptIR*` be the list of `_constantInitializerOptIR` and `_direction*` be the list of `_direction` and `_typeIR*` be the list of `_typeIR` and `id_aligned*` be the list of `id_aligned`, obtained by repeating:
 ..... Let `(_annotationList _direction _typeIR id_aligned _constantInitializerOptIR)` be constructorParameterIR_aligned
for each `constructorParameterIR_aligned` in `constructorParameterIR_aligned*`

..... (Bind_args: p IC | p_callee IC_callee_0 STO_0 |- id_aligned*{id_aligned <- id_aligned*} argumentIR_aligned*{argumentIR_aligned <- argumentIR_aligned*} ==> IC_callee_1 STO_1)

Let `_annotationList'*` be the list of `_annotationList'` and `_constantInitializerOptIR'*` be the list of `_constantInitializerOptIR'` and `_direction'*` be the list of `_direction'` and `_typeIR'*` be the list of `_typeIR'` and `id_cparam_default*` be the list of `id_cparam_default`, obtained by repeating:
 ..... Let `(_annotationList' _direction' _typeIR' id_cparam_default _constantInitializerOptIR')` be constructorParameterIR_default
for each `constructorParameterIR_default` in `constructorParameterIR_default*`

..... Let `IC_callee_2` be `$add_values_inst(p_callee, IC_callee_1, id_cparam_default*{id_cparam_default <- id_cparam_default*}, value_default*{value_default <- value_default*})`

..... (ControlLocalDecls_inst: IC_callee_2 STO_1 |- controlLocalDeclarationIR*{controlLocalDeclarationIR <- controlLocalDeclarationIR*} ==> IC_local_0 STO_2 controlLocalDeclarationIR'*{controlLocalDeclarationIR' <- controlLocalDeclarationIR'*})

..... (Block_inst: IC_local_0 STO_2 |- controlBodyIR ==> IC_local_1 STO_3 controlBodyIR')

..... Let `object_control` be `(control( parameterIR*{parameterIR <- parameterIR*} ){ IC_callee_2.block.venv controlLocalDeclarationIR'*{controlLocalDeclarationIR' <- controlLocalDeclarationIR'*} IC_local_1.block.renv controlBodyIR' })` as object

..... Result in STO_3, object_control

.. Case `constructor` matches pattern `PACKAGE<%>(%)`
... Let `(package< typeParameterIR*{typeParameterIR <- typeParameterIR*} >( constructorParameterIR*{constructorParameterIR <- constructorParameterIR*} ))` be constructor

... Group package: p, IC, STO_0, (package< typeParameterIR*{} >( constructorParameterIR*{} )), typeArgumentIR*{}, argumentIR*{}, id_default*{}

.... Let `p_callee` be (block)

.... Let `IC_callee_0` be `$inherit_instantiationContext((global), IC)`

.... Let `IC_callee_1` be `$add_types_inst(p_callee, IC_callee_0, typeParameterIR*{typeParameterIR <- typeParameterIR*}, typeArgumentIR*{typeArgumentIR <- typeArgumentIR*})`

.... Let `(constructorParameterIR_aligned*{constructorParameterIR_aligned <- constructorParameterIR_aligned*}, argumentIR_aligned*{argumentIR_aligned <- argumentIR_aligned*}, constructorParameterIR_default*{constructorParameterIR_default <- constructorParameterIR_default*}, value_default*{value_default <- value_default*})` be `$align_cparams_with_args(constructorParameterIR*{constructorParameterIR <- constructorParameterIR*}, argumentIR*{argumentIR <- argumentIR*}, id_default'*{id_default' <- id_default'*})`

Let `_annotationList*` be the list of `_annotationList` and `_constantInitializerOptIR*` be the list of `_constantInitializerOptIR` and `_direction*` be the list of `_direction` and `_typeIR*` be the list of `_typeIR` and `id_aligned*` be the list of `id_aligned`, obtained by repeating:
 .... Let `(_annotationList _direction _typeIR id_aligned _constantInitializerOptIR)` be constructorParameterIR_aligned
for each `constructorParameterIR_aligned` in `constructorParameterIR_aligned*`

.... (Bind_args: p IC | p_callee IC_callee_1 STO_0 |- id_aligned*{id_aligned <- id_aligned*} argumentIR_aligned*{argumentIR_aligned <- argumentIR_aligned*} ==> IC_callee_2 STO_1)

Let `_annotationList'*` be the list of `_annotationList'` and `_constantInitializerOptIR'*` be the list of `_constantInitializerOptIR'` and `_direction'*` be the list of `_direction'` and `_typeIR'*` be the list of `_typeIR'` and `id_cparam_default*` be the list of `id_cparam_default`, obtained by repeating:
 .... Let `(_annotationList' _direction' _typeIR' id_cparam_default _constantInitializerOptIR')` be constructorParameterIR_default
for each `constructorParameterIR_default` in `constructorParameterIR_default*`

.... Let `IC_callee_3` be `$add_values_inst(p_callee, IC_callee_2, id_cparam_default*{id_cparam_default <- id_cparam_default*}, value_default*{value_default <- value_default*})`

.... Let `object_package` be `(package{ IC_callee_3.block.tenv IC_callee_3.block.venv })` as object

.... Result in STO_1, object_package

.. Case `constructor` matches pattern `TABLE%{%}`
... Let `(table nameIR { tablePropertyListIR })` be constructor

... If (typeArgumentIR*{typeArgumentIR <- typeArgumentIR*} matches pattern []), then

.... If (argumentIR*{argumentIR <- argumentIR*} matches pattern []), then

..... If (id_default'*{id_default' <- id_default'*} matches pattern []), then

...... Group table: p, IC, STO_0, (table nameIR { tablePropertyListIR }), [], [], []

....... Let `p_callee` be (local)

....... Let `IC_callee_0` be `$inherit_instantiationContext((block), IC)`

....... Let `IC_frame` be `$enter_inst(IC_callee_0)`

....... (TableProperties_inst: IC_frame STO_0 |- tablePropertyListIR ==> STO_1 tablePropertyListIR_inst)

....... Let `tablePropertyListIR_dynamic` be `$init_table(tablePropertyListIR_inst)`

....... Let `venv'*{venv' <- venv'*}` be IC_frame.local.venvs

....... If (venv'*{venv' <- venv'*} matches pattern _ :: _), then

........ Let `venv :: _venv*{_venv <- _venv*}` be venv'*{venv' <- venv'*}

........ Let `object_table` be `(table nameIR { venv tablePropertyListIR_dynamic })` as object

........ Result in STO_1, object_table

relation SwitchCase_inst: p, IC_0', STO_0', switchCaseIR

. Case analysis on switchCaseIR
.. Case `switchCaseIR` matches pattern `%:%`
... Let `(switchLabelIR : blockStatementIR)` be switchCaseIR

... Group match: p, IC_0, STO_0, (switchLabelIR : blockStatementIR)

.... (Stmt_inst: p IC_0' STO_0' |- `blockStatementIR` as statementIR ==> IC_1 STO_1 statementIR)

.... If (`statementIR` has type blockStatementIR), then

..... Let `blockStatementIR_inst` be `statementIR` as blockStatementIR

..... Result in IC_1, STO_1, (switchLabelIR : blockStatementIR_inst)

.. Case `switchCaseIR` matches pattern `%:`
... Let `(switchLabelIR :)` be switchCaseIR

... Group fallthrough: p, IC, STO, (switchLabelIR :)

.... Result in IC_0', STO_0', (switchLabelIR :)

relation SwitchCases_inst: p, IC', STO', switchCaseIR*{switchCaseIR <- switchCaseIR*}

. Case analysis on switchCaseIR*{switchCaseIR <- switchCaseIR*}
.. Case `switchCaseIR*{switchCaseIR <- switchCaseIR*}` matches pattern []
... Group nil: p, IC, STO, []

.... Result in IC', STO', []

.. Case `switchCaseIR*{switchCaseIR <- switchCaseIR*}` matches pattern _ :: _
... Let `switchCaseIR_h :: switchCaseIR_t*{switchCaseIR_t <- switchCaseIR_t*}` be switchCaseIR*{switchCaseIR <- switchCaseIR*}

... Group cons: p, IC_0, STO_0, switchCaseIR_h :: switchCaseIR_t*{}

.... (SwitchCase_inst: p IC' STO' |- switchCaseIR_h ==> IC_1 STO_1 switchCaseIR_h')

.... (SwitchCases_inst: p IC_1 STO_1 |- switchCaseIR_t*{switchCaseIR_t <- switchCaseIR_t*} ==> IC_2 STO_2 switchCaseIR_t'*{switchCaseIR_t' <- switchCaseIR_t'*})

.... Result in IC_2, STO_2, switchCaseIR_h' :: switchCaseIR_t'*{switchCaseIR_t' <- switchCaseIR_t'*}
